# main body x,main body y,wheel left x,wheel left y,wheel right x,wheel right y,right 1 external,right 1 internal,wheel left hinge internal,wheel left hinge external,wheel left hinge applied force,wheel left hinge applied velocity,wheel right hinge internal,wheel right hinge external,wheel right hinge applied force,wheel right hinge applied velocity
2.250,0.000,2.201,0.070,2.299,-0.070,-1.000,0.500,0.000,0.000,1000.000,0.000,0.000,0.000,1000.000,0.000
2.250,0.000,2.201,0.070,2.299,-0.070,-1.000,0.500,-0.000,-0.000,1000.000,0.000,-0.000,-0.000,1000.000,0.000
2.250,0.000,2.201,0.070,2.299,-0.070,-1.000,0.500,-0.000,-0.000,1000.000,0.000,-0.000,-0.000,1000.000,0.000
2.250,0.000,2.201,0.070,2.299,-0.070,-1.000,0.500,-0.000,-0.000,1000.000,0.000,-0.000,-0.000,1000.000,0.000
2.250,0.000,2.201,0.070,2.299,-0.070,-1.000,0.500,0.000,0.000,1000.000,0.000,-0.000,-0.000,1000.000,0.000
2.250,0.000,2.201,0.070,2.299,-0.070,-1.000,0.500,0.000,0.000,1000.000,0.000,-0.000,-0.000,1000.000,0.000
2.250,0.000,2.201,0.070,2.299,-0.070,-1.000,0.500,0.000,0.000,1000.000,0.000,-0.000,-0.000,1000.000,0.000
2.250,0.000,2.201,0.070,2.299,-0.070,-1.000,0.500,0.000,0.000,1000.000,0.000,-0.000,-0.000,1000.000,0.000
2.250,0.000,2.201,0.070,2.299,-0.070,-1.000,0.500,0.000,0.000,1000.000,0.000,-0.000,-0.000,1000.000,0.000
2.250,0.000,2.201,0.070,2.299,-0.070,-1.000,0.500,0.000,0.000,1000.000,0.000,-0.000,-0.000,1000.000,0.000
2.250,0.000,2.201,0.070,2.299,-0.070,-1.000,0.500,0.000,0.000,1000.000,7.616,-0.000,-0.000,1000.000,7.616
2.250,0.000,2.201,0.070,2.299,-0.069,-1.000,0.500,-0.064,-0.006,1000.000,7.616,-0.065,-0.006,1000.000,7.616
2.250,0.001,2.202,0.070,2.300,-0.069,-1.000,0.500,-0.113,-0.011,1000.000,7.616,-0.119,-0.012,1000.000,7.616
2.251,0.002,2.202,0.071,2.300,-0.068,-1.000,0.500,-0.183,-0.018,1000.000,7.616,-0.190,-0.019,1000.000,7.616
2.251,0.002,2.203,0.072,2.301,-0.067,-1.000,0.500,-0.239,-0.024,1000.000,7.616,-0.266,-0.027,1000.000,7.616
2.252,0.003,2.203,0.072,2.302,-0.066,-1.000,0.500,-0.311,-0.031,1000.000,7.616,-0.321,-0.032,1000.000,7.616
2.253,0.004,2.205,0.073,2.303,-0.066,-1.000,0.500,-0.373,-0.037,1000.000,7.616,-0.397,-0.040,1000.000,7.616
2.255,0.005,2.205,0.074,2.304,-0.064,-1.000,0.500,-0.446,-0.045,1000.000,7.616,-0.460,-0.046,1000.000,7.616
2.256,0.006,2.207,0.075,2.305,-0.064,-1.000,0.500,-0.512,-0.051,1000.000,7.616,-0.536,-0.054,1000.000,7.616
2.257,0.007,2.208,0.076,2.307,-0.062,-1.000,0.500,-0.585,-0.059,1000.000,7.616,-0.602,-0.060,1000.000,7.616
2.259,0.008,2.210,0.077,2.308,-0.061,-1.000,0.500,-0.655,-0.065,1000.000,7.616,-0.679,-0.068,1000.000,7.616
2.260,0.009,2.211,0.078,2.310,-0.060,-1.000,0.500,-0.728,-0.073,1000.000,7.616,-0.748,-0.075,1000.000,7.616
2.262,0.010,2.213,0.079,2.312,-0.059,-1.000,0.500,-0.800,-0.080,1000.000,7.616,-0.824,-0.082,1000.000,7.616
2.264,0.011,2.214,0.080,2.313,-0.058,-1.000,0.500,-0.874,-0.087,1000.000,7.616,-0.896,-0.090,1000.000,7.616
2.265,0.012,2.216,0.081,2.315,-0.057,-1.000,0.500,-0.947,-0.095,1000.000,7.616,-0.972,-0.097,1000.000,7.616
2.267,0.014,2.217,0.083,2.317,-0.055,-1.000,0.500,-1.022,-0.102,1000.000,7.616,-1.045,-0.105,1000.000,7.616
2.269,0.015,2.219,0.084,2.319,-0.054,-1.000,0.500,-1.095,-0.110,1000.000,7.616,-1.122,-0.112,1000.000,7.616
2.271,0.016,2.221,0.085,2.320,-0.053,-1.000,0.500,-1.170,-0.117,1000.000,7.616,-1.196,-0.120,1000.000,7.616
2.272,0.017,2.223,0.086,2.322,-0.051,-1.000,0.500,-1.245,-0.124,1000.000,7.616,-1.272,-0.127,1000.000,7.616
2.274,0.019,2.224,0.088,2.324,-0.050,-1.000,0.500,-1.320,-0.132,1000.000,7.616,-1.347,-0.135,1000.000,7.616
2.276,0.020,2.226,0.089,2.326,-0.049,-1.000,0.500,-1.395,-0.140,1000.000,7.616,-1.423,-0.142,1000.000,7.616
2.278,0.021,2.228,0.090,2.328,-0.048,-1.000,0.500,-1.471,-0.147,1000.000,7.616,-1.498,-0.150,1000.000,7.616
2.280,0.023,2.230,0.091,2.329,-0.046,-1.000,0.500,-1.546,-0.155,1000.000,7.616,-1.574,-0.157,1000.000,7.616
2.281,0.024,2.231,0.093,2.331,-0.045,-1.000,0.500,-1.622,-0.162,1000.000,7.616,-1.650,-0.165,1000.000,7.616
2.283,0.025,2.233,0.094,2.333,-0.044,-1.000,0.500,-1.697,-0.170,1000.000,7.616,-1.726,-0.173,1000.000,7.616
2.285,0.026,2.235,0.095,2.335,-0.042,-1.000,0.500,-1.773,-0.177,1000.000,7.616,-1.801,-0.180,1000.000,7.616
2.287,0.028,2.237,0.097,2.337,-0.041,-1.000,0.500,-1.848,-0.185,1000.000,7.616,-1.877,-0.188,1000.000,7.616
2.289,0.029,2.239,0.098,2.339,-0.040,-1.000,0.500,-1.924,-0.192,1000.000,7.616,-1.953,-0.195,1000.000,7.616
2.290,0.030,2.240,0.099,2.340,-0.038,-1.000,0.500,-2.000,-0.200,1000.000,7.616,-2.029,-0.203,1000.000,7.616
2.292,0.032,2.242,0.101,2.342,-0.037,-1.000,0.500,-2.076,-0.208,1000.000,7.616,-2.105,-0.211,1000.000,7.616
2.294,0.033,2.244,0.102,2.344,-0.036,-1.000,0.500,-2.152,-0.215,1000.000,7.616,-2.181,-0.218,1000.000,7.616
2.296,0.034,2.246,0.103,2.346,-0.034,-1.000,0.500,-2.228,-0.223,1000.000,7.616,-2.258,-0.226,1000.000,7.616
2.298,0.036,2.248,0.105,2.348,-0.033,-1.000,0.500,-2.304,-0.230,1000.000,7.616,-2.334,-0.233,1000.000,7.616
2.300,0.037,2.250,0.106,2.350,-0.032,-1.000,0.500,-2.380,-0.238,1000.000,7.616,-2.410,-0.241,1000.000,7.616
2.301,0.038,2.251,0.107,2.351,-0.030,-1.000,0.500,-2.456,-0.246,1000.000,7.616,-2.486,-0.249,1000.000,7.616
2.303,0.040,2.253,0.109,2.353,-0.029,-1.000,0.500,-2.532,-0.253,1000.000,7.616,-2.562,-0.256,1000.000,7.616
2.305,0.041,2.255,0.110,2.355,-0.028,-1.000,0.500,-2.608,-0.261,1000.000,7.616,-2.638,-0.264,1000.000,7.616
2.307,0.042,2.257,0.111,2.357,-0.026,-1.000,0.500,-2.684,-0.268,1000.000,7.616,-2.714,-0.271,1000.000,7.616
2.309,0.044,2.259,0.113,2.359,-0.025,-1.000,0.500,-2.760,-0.276,1000.000,7.616,-2.790,-0.279,1000.000,7.616
2.311,0.045,2.261,0.114,2.361,-0.024,-1.000,0.500,-2.836,-0.284,1000.000,7.616,-2.866,-0.287,1000.000,7.616
2.312,0.046,2.263,0.115,2.362,-0.022,-1.000,0.500,-2.912,-0.291,1000.000,7.616,-2.942,-0.294,1000.000,7.616
2.314,0.048,2.264,0.117,2.364,-0.021,-1.000,0.500,-2.988,-0.299,1000.000,7.616,-3.018,-0.302,1000.000,7.616
2.316,0.049,2.266,0.118,2.366,-0.020,-1.000,0.500,-3.064,-0.306,1000.000,7.616,-3.094,-0.309,1000.000,7.616
2.318,0.050,2.268,0.119,2.368,-0.018,-1.000,0.500,-3.141,-0.314,1000.000,7.616,3.113,0.311,1000.000,7.616
2.320,0.052,2.270,0.121,2.370,-0.017,-1.000,0.500,3.066,0.307,1000.000,7.616,3.037,0.304,1000.000,7.616
2.322,0.053,2.272,0.122,2.372,-0.016,-1.000,0.500,2.990,0.299,1000.000,7.616,2.961,0.296,1000.000,7.616
2.324,0.054,2.274,0.123,2.374,-0.014,-1.000,0.500,2.914,0.291,1000.000,7.616,2.885,0.289,1000.000,7.616
2.325,0.056,2.275,0.125,2.375,-0.013,-1.000,0.500,2.838,0.284,1000.000,7.616,2.809,0.281,1000.000,7.616
2.327,0.057,2.277,0.126,2.377,-0.012,-1.000,0.500,2.762,0.276,1000.000,7.616,2.733,0.273,1000.000,7.616
2.329,0.058,2.279,0.127,2.379,-0.010,-1.000,0.500,2.686,0.269,1000.000,7.616,2.657,0.266,1000.000,7.616
2.331,0.060,2.281,0.129,2.381,-0.009,-1.000,0.500,2.610,0.261,1000.000,7.616,2.581,0.258,1000.000,7.616
2.333,0.061,2.283,0.130,2.383,-0.008,-1.000,0.500,2.534,0.253,1000.000,7.616,2.505,0.250,1000.000,7.616
2.335,0.062,2.285,0.131,2.385,-0.006,-1.000,0.500,2.458,0.246,1000.000,7.616,2.429,0.243,1000.000,7.616
2.336,0.064,2.287,0.133,2.386,-0.005,-1.000,0.500,2.382,0.238,1000.000,7.616,2.353,0.235,1000.000,7.616
2.338,0.065,2.288,0.134,2.388,-0.004,-1.000,0.500,2.306,0.231,1000.000,7.616,2.277,0.228,1000.000,7.616
2.340,0.066,2.290,0.135,2.390,-0.002,-1.000,0.500,2.230,0.223,1000.000,7.616,2.201,0.220,1000.000,7.616
2.342,0.068,2.292,0.137,2.392,-0.001,-1.000,0.500,2.154,0.215,1000.000,7.616,2.125,0.212,1000.000,7.616
2.344,0.069,2.294,0.138,2.394,0.000,-1.000,0.500,2.078,0.208,1000.000,7.616,2.048,0.205,1000.000,7.616
2.346,0.070,2.296,0.139,2.396,0.002,-1.000,0.500,2.002,0.200,1000.000,7.616,1.973,0.197,1000.000,7.616
2.348,0.072,2.298,0.141,2.397,0.003,-1.000,0.500,1.925,0.193,1000.000,7.616,1.896,0.190,1000.000,7.616
2.349,0.073,2.299,0.142,2.399,0.004,-1.000,0.500,1.849,0.185,1000.000,7.616,1.820,0.182,1000.000,7.616
2.351,0.074,2.301,0.143,2.401,0.006,-1.000,0.500,1.773,0.177,1000.000,7.616,1.744,0.174,1000.000,7.616
2.353,0.076,2.303,0.145,2.403,0.007,-1.000,0.500,1.697,0.170,1000.000,7.616,1.668,0.167,1000.000,7.616
2.355,0.077,2.305,0.146,2.405,0.008,-1.000,0.500,1.621,0.162,1000.000,7.616,1.592,0.159,1000.000,7.616
2.357,0.078,2.307,0.147,2.407,0.010,-1.000,0.500,1.545,0.154,1000.000,7.616,1.516,0.152,1000.000,7.616
2.359,0.080,2.309,0.149,2.408,0.011,-1.000,0.500,1.469,0.147,1000.000,7.616,1.440,0.144,1000.000,7.616
2.360,0.081,2.311,0.150,2.410,0.012,-1.000,0.500,1.392,0.139,1000.000,7.616,1.364,0.136,1000.000,7.616
2.362,0.082,2.312,0.151,2.412,0.014,-1.000,0.500,1.316,0.132,1000.000,7.616,1.288,0.129,1000.000,7.616
2.364,0.084,2.314,0.153,2.414,0.015,-1.000,0.500,1.240,0.124,1000.000,7.616,1.212,0.121,1000.000,7.616
2.366,0.085,2.316,0.154,2.416,0.016,-1.000,0.500,1.164,0.116,1000.000,7.616,1.136,0.114,1000.000,7.616
2.368,0.086,2.318,0.155,2.418,0.018,-1.000,0.500,1.088,0.109,1000.000,7.616,1.060,0.106,1000.000,7.616
2.370,0.088,2.320,0.157,2.420,0.019,-1.000,0.500,1.012,0.101,1000.000,7.616,0.984,0.098,1000.000,7.616
2.372,0.089,2.322,0.158,2.421,0.020,-1.000,0.500,0.935,0.094,1000.000,7.616,0.908,0.091,1000.000,7.616
2.373,0.090,2.324,0.159,2.423,0.022,-1.000,0.500,0.859,0.086,1000.000,7.616,0.832,0.083,1000.000,7.616
2.375,0.092,2.325,0.161,2.425,0.023,-1.000,0.500,0.783,0.078,1000.000,7.616,0.756,0.076,1000.000,7.616
2.377,0.093,2.327,0.162,2.427,0.024,-1.000,0.500,0.707,0.071,1000.000,7.616,0.679,0.068,1000.000,7.616
2.379,0.094,2.329,0.163,2.429,0.026,-1.000,0.500,0.631,0.063,1000.000,7.616,0.603,0.060,1000.000,7.616
2.381,0.096,2.331,0.165,2.431,0.027,-1.000,0.500,0.555,0.055,1000.000,7.616,0.527,0.053,1000.000,7.616
2.383,0.097,2.333,0.166,2.432,0.028,-1.000,0.500,0.479,0.048,1000.000,7.616,0.451,0.045,1000.000,7.616
2.384,0.098,2.335,0.167,2.434,0.030,-1.000,0.500,0.403,0.040,1000.000,7.616,0.375,0.038,1000.000,7.616
2.386,0.100,2.336,0.169,2.436,0.031,-1.000,0.500,0.327,0.033,1000.000,7.616,0.299,0.030,1000.000,7.616
2.388,0.101,2.338,0.170,2.438,0.032,-1.000,0.500,0.251,0.025,1000.000,7.616,0.223,0.022,1000.000,7.616
2.390,0.102,2.340,0.171,2.440,0.034,-1.000,0.500,0.174,0.017,1000.000,7.616,0.147,0.015,1000.000,7.616
2.392,0.104,2.342,0.173,2.442,0.035,-1.000,0.500,0.098,0.010,1000.000,7.616,0.071,0.007,1000.000,7.616
2.394,0.105,2.344,0.174,2.444,0.036,-1.000,0.500,0.022,0.002,1000.000,7.616,-0.005,-0.000,1000.000,7.616
2.396,0.106,2.346,0.175,2.445,0.038,-1.000,0.500,-0.054,-0.005,1000.000,7.616,-0.081,-0.008,1000.000,7.616
2.397,0.108,2.348,0.177,2.447,0.039,-1.000,0.500,-0.130,-0.013,1000.000,7.616,-0.157,-0.016,1000.000,7.616
2.399,0.109,2.349,0.178,2.449,0.040,-1.000,0.500,-0.206,-0.021,1000.000,7.616,-0.233,-0.023,1000.000,7.616
2.401,0.110,2.351,0.179,2.451,0.042,-1.000,0.500,-0.282,-0.028,1000.000,7.616,-0.309,-0.031,1000.000,7.616
2.403,0.112,2.353,0.181,2.453,0.043,-1.000,0.500,-0.358,-0.036,1000.000,7.616,-0.385,-0.039,1000.000,7.616
2.405,0.113,2.355,0.182,2.455,0.044,-1.000,0.500,-0.434,-0.043,1000.000,7.616,-0.461,-0.046,1000.000,7.616
2.407,0.114,2.357,0.183,2.456,0.046,-1.000,0.500,-0.510,-0.051,1000.000,7.616,-0.537,-0.054,1000.000,7.616
2.408,0.116,2.359,0.185,2.458,0.047,-1.000,0.500,-0.587,-0.059,1000.000,7.616,-0.613,-0.061,1000.000,7.616
2.410,0.117,2.361,0.186,2.460,0.048,-1.000,0.500,-0.663,-0.066,1000.000,7.616,-0.690,-0.069,1000.000,7.616
2.412,0.118,2.362,0.187,2.462,0.050,-1.000,0.500,-0.739,-0.074,1000.000,7.616,-0.765,-0.077,1000.000,7.616
2.414,0.120,2.364,0.189,2.464,0.051,-1.000,0.500,-0.815,-0.082,1000.000,7.616,-0.842,-0.084,1000.000,7.616
2.416,0.121,2.366,0.190,2.466,0.052,-1.000,0.500,-0.891,-0.089,1000.000,7.616,-0.918,-0.092,1000.000,7.616
2.418,0.122,2.368,0.191,2.467,0.053,-1.000,0.500,-0.967,-0.097,1000.000,7.616,-0.994,-0.099,1000.000,7.616
2.420,0.124,2.370,0.193,2.469,0.055,-1.000,0.500,-1.043,-0.104,1000.000,7.616,-1.070,-0.107,1000.000,7.616
2.421,0.125,2.372,0.194,2.471,0.056,-1.000,0.500,-1.119,-0.112,1000.000,7.616,-1.146,-0.115,1000.000,7.616
2.423,0.126,2.374,0.195,2.473,0.057,-1.000,0.500,-1.195,-0.120,1000.000,7.616,-1.222,-0.122,1000.000,7.616
2.425,0.128,2.375,0.197,2.475,0.059,-1.000,0.500,-1.272,-0.127,1000.000,7.616,-1.298,-0.130,1000.000,7.616
2.427,0.129,2.377,0.198,2.477,0.060,-1.000,0.500,-1.348,-0.135,1000.000,7.616,-1.374,-0.137,1000.000,7.616
2.429,0.130,2.379,0.199,2.479,0.061,-1.000,0.500,-1.424,-0.142,1000.000,7.616,-1.450,-0.145,1000.000,7.616
2.431,0.132,2.381,0.201,2.480,0.063,-1.000,0.500,-1.500,-0.150,1000.000,7.616,-1.526,-0.153,1000.000,7.616
2.433,0.133,2.383,0.202,2.482,0.064,-1.000,0.500,-1.576,-0.158,1000.000,7.616,-1.602,-0.160,1000.000,7.616
2.434,0.134,2.385,0.203,2.484,0.065,-1.000,0.500,-1.652,-0.165,1000.000,7.616,-1.678,-0.168,1000.000,7.616
2.436,0.136,2.387,0.205,2.486,0.067,-1.000,0.500,-1.728,-0.173,1000.000,7.616,-1.754,-0.175,1000.000,7.616
2.438,0.137,2.388,0.206,2.488,0.068,-1.000,0.500,-1.804,-0.180,1000.000,7.616,-1.830,-0.183,1000.000,7.616
2.440,0.138,2.390,0.207,2.490,0.069,-1.000,0.500,-1.880,-0.188,1000.000,7.616,-1.906,-0.191,1000.000,7.616
2.442,0.140,2.392,0.209,2.491,0.071,-1.000,0.500,-1.957,-0.196,1000.000,7.616,-1.982,-0.198,1000.000,7.616
2.444,0.141,2.394,0.210,2.493,0.072,-1.000,0.500,-2.033,-0.203,1000.000,7.616,-2.058,-0.206,1000.000,7.616
2.445,0.142,2.396,0.211,2.495,0.073,-1.000,0.500,-2.109,-0.211,1000.000,7.616,-2.134,-0.213,1000.000,7.616
2.447,0.144,2.398,0.213,2.497,0.075,-1.000,0.500,-2.185,-0.218,1000.000,7.616,-2.210,-0.221,1000.000,7.616
2.449,0.145,2.399,0.214,2.499,0.076,-1.000,0.500,-2.261,-0.226,1000.000,7.616,-2.287,-0.229,1000.000,7.616
2.451,0.146,2.401,0.215,2.501,0.077,-1.000,0.500,-2.337,-0.234,1000.000,7.616,-2.363,-0.236,1000.000,7.616
2.453,0.148,2.403,0.217,2.503,0.079,-1.000,0.500,-2.413,-0.241,1000.000,7.616,-2.439,-0.244,1000.000,7.616
2.455,0.149,2.405,0.218,2.504,0.080,-1.000,0.500,-2.489,-0.249,1000.000,7.616,-2.515,-0.251,1000.000,7.616
2.457,0.150,2.407,0.219,2.506,0.081,-1.000,0.500,-2.566,-0.257,1000.000,7.616,-2.591,-0.259,1000.000,7.616
2.458,0.152,2.409,0.221,2.508,0.083,-1.000,0.500,-2.642,-0.264,1000.000,7.616,-2.667,-0.267,1000.000,7.616
2.460,0.153,2.411,0.222,2.510,0.084,-1.000,0.500,-2.718,-0.272,1000.000,7.616,-2.743,-0.274,1000.000,7.616
2.462,0.154,2.412,0.223,2.512,0.085,-1.000,0.500,-2.794,-0.279,1000.000,7.616,-2.819,-0.282,1000.000,7.616
2.464,0.156,2.414,0.225,2.514,0.087,-1.000,0.500,-2.870,-0.287,1000.000,7.616,-2.895,-0.290,1000.000,7.616
2.466,0.157,2.416,0.226,2.515,0.088,-1.000,0.500,-2.946,-0.295,1000.000,7.616,-2.971,-0.297,1000.000,7.616
2.468,0.158,2.418,0.227,2.517,0.089,-1.000,0.500,-3.022,-0.302,1000.000,7.616,-3.047,-0.305,1000.000,7.616
2.470,0.160,2.420,0.229,2.519,0.091,-1.000,0.500,-3.098,-0.310,1000.000,7.616,-3.123,-0.312,1000.000,7.616
2.471,0.161,2.422,0.230,2.521,0.092,-1.000,0.500,3.109,0.311,1000.000,7.616,3.084,0.308,1000.000,7.616
2.473,0.162,2.424,0.231,2.523,0.093,-1.000,0.500,3.033,0.303,1000.000,7.616,3.008,0.301,1000.000,7.616
2.475,0.164,2.425,0.233,2.525,0.095,-1.000,0.500,2.957,0.296,1000.000,7.616,2.932,0.293,1000.000,7.616
2.477,0.165,2.427,0.234,2.527,0.096,-1.000,0.500,2.880,0.288,1000.000,7.616,2.856,0.286,1000.000,7.616
2.479,0.166,2.429,0.235,2.528,0.097,-1.000,0.500,2.804,0.280,1000.000,7.616,2.780,0.278,1000.000,7.616
2.481,0.168,2.431,0.237,2.530,0.099,-1.000,0.500,2.728,0.273,1000.000,7.616,2.704,0.270,1000.000,7.616
2.482,0.169,2.433,0.238,2.532,0.100,-1.000,0.500,2.652,0.265,1000.000,7.616,2.628,0.263,1000.000,7.616
2.484,0.170,2.435,0.239,2.534,0.101,-1.000,0.500,2.576,0.258,1000.000,7.616,2.551,0.255,1000.000,7.616
2.486,0.172,2.437,0.241,2.536,0.102,-1.000,0.500,2.500,0.250,1000.000,7.616,2.476,0.248,1000.000,7.616
2.488,0.173,2.438,0.242,2.538,0.104,-1.000,0.500,2.424,0.242,1000.000,7.616,2.399,0.240,1000.000,7.616
2.490,0.174,2.440,0.243,2.539,0.105,-1.000,0.500,2.348,0.235,1000.000,7.616,2.323,0.232,1000.000,7.616
2.492,0.175,2.442,0.245,2.541,0.106,-1.000,0.500,2.272,0.227,1000.000,7.616,2.247,0.225,1000.000,7.616
2.494,0.177,2.444,0.246,2.543,0.108,-1.000,0.500,2.195,0.220,1000.000,7.616,2.171,0.217,1000.000,7.616
2.495,0.178,2.446,0.247,2.545,0.109,-1.000,0.500,2.119,0.212,1000.000,7.616,2.095,0.210,1000.000,7.616
2.497,0.179,2.448,0.249,2.547,0.110,-1.000,0.500,2.043,0.204,1000.000,7.616,2.019,0.202,1000.000,7.616
2.499,0.181,2.450,0.250,2.549,0.112,-1.000,0.500,1.967,0.197,1000.000,7.616,1.943,0.194,1000.000,7.616
2.501,0.182,2.451,0.251,2.551,0.113,-1.000,0.500,1.891,0.189,1000.000,7.616,1.867,0.187,1000.000,7.616
2.503,0.183,2.453,0.252,2.552,0.114,-1.000,0.500,1.815,0.181,1000.000,7.616,1.791,0.179,1000.000,7.616
2.505,0.185,2.455,0.254,2.554,0.116,-1.000,0.500,1.739,0.174,1000.000,7.616,1.715,0.171,1000.000,7.616
2.507,0.186,2.457,0.255,2.556,0.117,-1.000,0.500,1.663,0.166,1000.000,7.616,1.639,0.164,1000.000,7.616
2.508,0.187,2.459,0.256,2.558,0.118,-1.000,0.500,1.587,0.159,1000.000,7.616,1.563,0.156,1000.000,7.616
2.510,0.189,2.461,0.258,2.560,0.120,-1.000,0.500,1.511,0.151,1000.000,7.616,1.487,0.149,1000.000,7.616
2.512,0.190,2.463,0.259,2.562,0.121,-1.000,0.500,1.434,0.143,1000.000,7.616,1.411,0.141,1000.000,7.616
2.514,0.191,2.464,0.260,2.564,0.122,-1.000,0.500,1.358,0.136,1000.000,7.616,1.335,0.133,1000.000,7.616
2.516,0.193,2.466,0.262,2.565,0.124,-1.000,0.500,1.282,0.128,1000.000,7.616,1.259,0.126,1000.000,7.616
2.518,0.194,2.468,0.263,2.567,0.125,-1.000,0.500,1.206,0.121,1000.000,7.616,1.183,0.118,1000.000,7.616
2.520,0.195,2.470,0.264,2.569,0.126,-1.000,0.500,1.130,0.113,1000.000,7.616,1.107,0.111,1000.000,7.616
2.521,0.197,2.472,0.266,2.571,0.128,-1.000,0.500,1.054,0.105,1000.000,7.616,1.031,0.103,1000.000,7.616
2.523,0.198,2.474,0.267,2.573,0.129,-1.000,0.500,0.978,0.098,1000.000,7.616,0.955,0.095,1000.000,7.616
2.525,0.199,2.476,0.268,2.575,0.130,-1.000,0.500,0.902,0.090,1000.000,7.616,0.878,0.088,1000.000,7.616
2.527,0.201,2.477,0.270,2.576,0.132,-1.000,0.500,0.826,0.083,1000.000,7.616,0.802,0.080,1000.000,7.616
2.529,0.202,2.479,0.271,2.578,0.133,-1.000,0.500,0.750,0.075,1000.000,7.616,0.726,0.073,1000.000,7.616
2.531,0.203,2.481,0.272,2.580,0.134,-1.000,0.500,0.673,0.067,1000.000,7.616,0.650,0.065,1000.000,7.616
2.532,0.205,2.483,0.274,2.582,0.136,-1.000,0.500,0.597,0.060,1000.000,7.616,0.574,0.057,1000.000,7.616
2.534,0.206,2.485,0.275,2.584,0.137,-1.000,0.500,0.521,0.052,1000.000,7.616,0.498,0.050,1000.000,7.616
2.536,0.207,2.487,0.276,2.586,0.138,-1.000,0.500,0.445,0.045,1000.000,7.616,0.422,0.042,1000.000,7.616
2.538,0.209,2.489,0.278,2.588,0.139,-1.000,0.500,0.369,0.037,1000.000,7.616,0.346,0.035,1000.000,7.616
2.540,0.210,2.490,0.279,2.589,0.141,-1.000,0.500,0.293,0.029,1000.000,7.616,0.270,0.027,1000.000,7.616
2.542,0.211,2.492,0.280,2.591,0.142,-1.000,0.500,0.217,0.022,1000.000,7.616,0.194,0.019,1000.000,7.616
2.544,0.213,2.494,0.282,2.593,0.143,-1.000,0.500,0.141,0.014,1000.000,7.616,0.118,0.012,1000.000,7.616
2.545,0.214,2.496,0.283,2.595,0.145,-1.000,0.500,0.065,0.006,1000.000,7.616,0.042,0.004,1000.000,7.616
2.547,0.215,2.498,0.284,2.597,0.146,-1.000,0.500,-0.011,-0.001,1000.000,7.616,-0.034,-0.003,1000.000,7.616
2.549,0.217,2.500,0.286,2.599,0.147,-1.000,0.500,-0.087,-0.009,1000.000,7.616,-0.111,-0.011,1000.000,7.616
2.551,0.218,2.501,0.287,2.600,0.149,-1.000,0.500,-0.163,-0.016,1000.000,7.616,-0.187,-0.019,1000.000,7.616
2.553,0.219,2.503,0.288,2.602,0.150,-1.000,0.500,-0.239,-0.024,1000.000,7.616,-0.263,-0.026,1000.000,7.616
2.555,0.220,2.505,0.290,2.604,0.151,-1.000,0.500,-0.315,-0.032,1000.000,7.616,-0.339,-0.034,1000.000,7.616
2.557,0.222,2.507,0.291,2.606,0.153,-1.000,0.500,-0.391,-0.039,1000.000,7.616,-0.415,-0.041,1000.000,7.616
2.558,0.223,2.509,0.292,2.608,0.154,-1.000,0.500,-0.467,-0.047,1000.000,7.616,-0.491,-0.049,1000.000,7.616
2.560,0.224,2.511,0.294,2.610,0.155,-1.000,0.500,-0.543,-0.054,1000.000,7.616,-0.567,-0.057,1000.000,7.616
2.562,0.226,2.513,0.295,2.612,0.157,-1.000,0.500,-0.619,-0.062,1000.000,7.616,-0.643,-0.064,1000.000,7.616
2.564,0.227,2.514,0.296,2.613,0.158,-1.000,0.500,-0.695,-0.070,1000.000,7.616,-0.719,-0.072,1000.000,7.616
2.566,0.228,2.516,0.297,2.615,0.159,-1.000,0.500,-0.771,-0.077,1000.000,7.616,-0.795,-0.080,1000.000,7.616
2.568,0.230,2.518,0.299,2.617,0.161,-1.000,0.500,-0.847,-0.085,1000.000,7.616,-0.871,-0.087,1000.000,7.616
2.569,0.231,2.520,0.300,2.619,0.162,-1.000,0.500,-0.924,-0.092,1000.000,7.616,-0.947,-0.095,1000.000,7.616
2.571,0.232,2.522,0.301,2.621,0.163,-1.000,0.500,-1.000,-0.100,1000.000,7.616,-1.023,-0.102,1000.000,7.616
2.573,0.234,2.524,0.303,2.623,0.165,-1.000,0.500,-1.076,-0.108,1000.000,7.616,-1.099,-0.110,1000.000,7.616
2.575,0.235,2.525,0.304,2.625,0.166,-1.000,0.500,-1.152,-0.115,1000.000,7.616,-1.176,-0.118,1000.000,7.616
2.577,0.236,2.527,0.305,2.626,0.167,-1.000,0.500,-1.228,-0.123,1000.000,7.616,-1.252,-0.125,1000.000,7.616
2.579,0.238,2.529,0.307,2.628,0.169,-1.000,0.500,-1.304,-0.130,1000.000,7.616,-1.328,-0.133,1000.000,7.616
2.581,0.239,2.531,0.308,2.630,0.170,-1.000,0.500,-1.380,-0.138,1000.000,7.616,-1.404,-0.140,1000.000,7.616
2.582,0.240,2.533,0.309,2.632,0.171,-1.000,0.500,-1.456,-0.146,1000.000,7.616,-1.480,-0.148,1000.000,7.616
2.584,0.242,2.535,0.311,2.634,0.173,-1.000,0.500,-1.532,-0.153,1000.000,7.616,-1.556,-0.156,1000.000,7.616
2.586,0.243,2.537,0.312,2.636,0.174,-1.000,0.500,-1.608,-0.161,1000.000,7.616,-1.632,-0.163,1000.000,7.616
2.588,0.244,2.538,0.313,2.637,0.175,-1.000,0.500,-1.684,-0.168,1000.000,7.616,-1.708,-0.171,1000.000,7.616
2.590,0.246,2.540,0.315,2.639,0.177,-1.000,0.500,-1.760,-0.176,1000.000,7.616,-1.784,-0.178,1000.000,7.616
2.592,0.247,2.542,0.316,2.641,0.178,-1.000,0.500,-1.836,-0.184,1000.000,7.616,-1.860,-0.186,1000.000,7.616
2.593,0.248,2.544,0.317,2.643,0.179,-1.000,0.500,-1.912,-0.191,1000.000,7.616,-1.936,-0.194,1000.000,7.616
2.595,0.250,2.546,0.319,2.645,0.180,-1.000,0.500,-1.988,-0.199,1000.000,7.616,-2.012,-0.201,1000.000,7.616
2.597,0.251,2.548,0.320,2.647,0.182,-1.000,0.500,-2.064,-0.206,1000.000,7.616,-2.088,-0.209,1000.000,7.616
2.599,0.252,2.550,0.321,2.649,0.183,-1.000,0.500,-2.140,-0.214,1000.000,7.616,-2.164,-0.216,1000.000,7.616
2.601,0.254,2.551,0.323,2.650,0.184,-1.000,0.500,-2.216,-0.222,1000.000,7.616,-2.240,-0.224,1000.000,7.616
2.603,0.255,2.553,0.324,2.652,0.186,-1.000,0.500,-2.292,-0.229,1000.000,7.616,-2.316,-0.232,1000.000,7.616
2.605,0.256,2.555,0.325,2.654,0.187,-1.000,0.500,-2.368,-0.237,1000.000,7.616,-2.393,-0.239,1000.000,7.616
2.606,0.257,2.557,0.327,2.656,0.188,-1.000,0.500,-2.444,-0.244,1000.000,7.616,-2.469,-0.247,1000.000,7.616
2.608,0.259,2.559,0.328,2.658,0.190,-1.000,0.500,-2.520,-0.252,1000.000,7.616,-2.545,-0.254,1000.000,7.616
2.610,0.260,2.561,0.329,2.660,0.191,-1.000,0.500,-2.596,-0.260,1000.000,7.616,-2.621,-0.262,1000.000,7.616
2.612,0.261,2.562,0.331,2.662,0.192,-1.000,0.500,-2.672,-0.267,1000.000,7.616,-2.697,-0.270,1000.000,7.616
2.614,0.263,2.564,0.332,2.663,0.194,-1.000,0.500,-2.748,-0.275,1000.000,7.616,-2.773,-0.277,1000.000,7.616
2.616,0.264,2.566,0.333,2.665,0.195,-1.000,0.500,-2.824,-0.282,1000.000,7.616,-2.849,-0.285,1000.000,7.616
2.618,0.265,2.568,0.334,2.667,0.196,-1.000,0.500,-2.900,-0.290,1000.000,7.616,-2.925,-0.293,1000.000,7.616
2.619,0.267,2.570,0.336,2.669,0.198,-1.000,0.500,-2.976,-0.298,1000.000,7.616,-3.001,-0.300,1000.000,7.616
2.621,0.268,2.572,0.337,2.671,0.199,-1.000,0.500,-3.052,-0.305,1000.000,7.616,-3.077,-0.308,1000.000,7.616
2.623,0.269,2.574,0.338,2.673,0.200,-1.000,0.500,-3.129,-0.313,1000.000,7.616,3.130,0.313,1000.000,7.616
2.625,0.271,2.575,0.340,2.674,0.202,-1.000,0.500,3.079,0.308,1000.000,7.616,3.054,0.305,1000.000,7.616
2.627,0.272,2.577,0.341,2.676,0.203,-1.000,0.500,3.003,0.300,1000.000,7.616,2.978,0.298,1000.000,7.616
2.629,0.273,2.579,0.342,2.678,0.204,-1.000,0.500,2.927,0.293,1000.000,7.616,2.902,0.290,1000.000,7.616
2.630,0.275,2.581,0.344,2.680,0.206,-1.000,0.500,2.851,0.285,1000.000,7.616,2.826,0.283,1000.000,7.616
2.632,0.276,2.583,0.345,2.682,0.207,-1.000,0.500,2.775,0.277,1000.000,7.616,2.750,0.275,1000.000,7.616
2.634,0.277,2.585,0.346,2.684,0.208,-1.000,0.500,2.698,0.270,1000.000,7.616,2.674,0.267,1000.000,7.616
2.636,0.279,2.586,0.348,2.686,0.210,-1.000,0.500,2.622,0.262,1000.000,7.616,2.597,0.260,1000.000,7.616
2.638,0.280,2.588,0.349,2.687,0.211,-1.000,0.500,2.546,0.255,1000.000,7.616,2.521,0.252,1000.000,7.616
2.640,0.281,2.590,0.350,2.689,0.212,-1.000,0.500,2.470,0.247,1000.000,7.616,2.445,0.245,1000.000,7.616
2.642,0.283,2.592,0.352,2.691,0.214,-1.000,0.500,2.394,0.239,1000.000,7.616,2.369,0.237,1000.000,7.616
2.643,0.284,2.594,0.353,2.693,0.215,-1.000,0.500,2.318,0.232,1000.000,7.616,2.293,0.229,1000.000,7.616
2.645,0.285,2.596,0.354,2.695,0.216,-1.000,0.500,2.242,0.224,1000.000,7.616,2.217,0.222,1000.000,7.616
2.647,0.287,2.598,0.356,2.697,0.218,-1.000,0.500,2.166,0.217,1000.000,7.616,2.141,0.214,1000.000,7.616
2.649,0.288,2.599,0.357,2.698,0.219,-1.000,0.500,2.090,0.209,1000.000,7.616,2.065,0.207,1000.000,7.616
2.651,0.289,2.601,0.358,2.700,0.220,-1.000,0.500,2.014,0.201,1000.000,7.616,1.989,0.199,1000.000,7.616
2.653,0.291,2.603,0.360,2.702,0.221,-1.000,0.500,1.938,0.194,1000.000,7.616,1.913,0.191,1000.000,7.616
2.654,0.292,2.605,0.361,2.704,0.223,-1.000,0.500,1.862,0.186,1000.000,7.616,1.837,0.184,1000.000,7.616
2.656,0.293,2.607,0.362,2.706,0.224,-1.000,0.500,1.786,0.179,1000.000,7.616,1.761,0.176,1000.000,7.616
2.658,0.295,2.609,0.364,2.708,0.225,-1.000,0.500,1.710,0.171,1000.000,7.616,1.685,0.168,1000.000,7.616
2.660,0.296,2.610,0.365,2.710,0.227,-1.000,0.500,1.634,0.163,1000.000,7.616,1.609,0.161,1000.000,7.616
2.662,0.297,2.612,0.366,2.711,0.228,-1.000,0.500,1.558,0.156,1000.000,7.616,1.532,0.153,1000.000,7.616
2.664,0.298,2.614,0.368,2.713,0.229,-1.000,0.500,1.482,0.148,1000.000,7.616,1.456,0.146,1000.000,7.616
2.666,0.300,2.616,0.369,2.715,0.231,-1.000,0.500,1.406,0.141,1000.000,7.616,1.380,0.138,1000.000,7.616
2.667,0.301,2.618,0.370,2.717,0.232,-1.000,0.500,1.330,0.133,1000.000,7.616,1.304,0.130,1000.000,7.616
2.669,0.302,2.620,0.372,2.719,0.233,-1.000,0.500,1.254,0.125,1000.000,7.616,1.228,0.123,1000.000,7.616
2.671,0.304,2.622,0.373,2.721,0.235,-1.000,0.500,1.178,0.118,1000.000,7.616,1.152,0.115,1000.000,7.616
2.673,0.305,2.623,0.374,2.723,0.236,-1.000,0.500,1.102,0.110,1000.000,7.616,1.076,0.108,1000.000,7.616
2.675,0.306,2.625,0.375,2.724,0.237,-1.000,0.500,1.026,0.103,1000.000,7.616,1.000,0.100,1000.000,7.616
2.677,0.308,2.627,0.377,2.726,0.239,-1.000,0.500,0.950,0.095,1000.000,7.616,0.924,0.092,1000.000,7.616
2.679,0.309,2.629,0.378,2.728,0.240,-1.000,0.500,0.874,0.087,1000.000,7.616,0.848,0.085,1000.000,7.616
2.680,0.310,2.631,0.379,2.730,0.241,-1.000,0.500,0.798,0.080,1000.000,7.616,0.772,0.077,1000.000,7.616
2.682,0.312,2.633,0.381,2.732,0.243,-1.000,0.500,0.721,0.072,1000.000,7.616,0.696,0.070,1000.000,7.616
2.684,0.313,2.634,0.382,2.734,0.244,-1.000,0.500,0.646,0.065,1000.000,7.616,0.620,0.062,1000.000,7.616
2.686,0.314,2.636,0.383,2.735,0.245,-1.000,0.500,0.569,0.057,1000.000,7.616,0.544,0.054,1000.000,7.616
2.688,0.316,2.638,0.385,2.737,0.247,-1.000,0.500,0.493,0.049,1000.000,7.616,0.468,0.047,1000.000,7.616
2.690,0.317,2.640,0.386,2.739,0.248,-1.000,0.500,0.417,0.042,1000.000,7.616,0.392,0.039,1000.000,7.616
2.691,0.318,2.642,0.387,2.741,0.249,-1.000,0.500,0.341,0.034,1000.000,7.616,0.316,0.032,1000.000,7.616
2.693,0.320,2.644,0.389,2.743,0.251,-1.000,0.500,0.265,0.027,1000.000,7.616,0.239,0.024,1000.000,7.616
2.695,0.321,2.646,0.390,2.745,0.252,-1.000,0.500,0.189,0.019,1000.000,7.616,0.163,0.016,1000.000,7.616
2.697,0.322,2.647,0.391,2.747,0.253,-1.000,0.500,0.113,0.011,1000.000,7.616,0.087,0.009,1000.000,7.616
2.699,0.324,2.649,0.393,2.748,0.255,-1.000,0.500,0.037,0.004,1000.000,7.616,0.011,0.001,1000.000,7.616
2.701,0.325,2.651,0.394,2.750,0.256,-1.000,0.500,-0.039,-0.004,1000.000,7.616,-0.065,-0.006,1000.000,7.616
2.703,0.326,2.653,0.395,2.752,0.257,-1.000,0.500,-0.115,-0.011,1000.000,7.616,-0.141,-0.014,1000.000,7.616
2.704,0.328,2.655,0.397,2.754,0.259,-1.000,0.500,-0.191,-0.019,1000.000,7.616,-0.217,-0.022,1000.000,7.616
2.706,0.329,2.657,0.398,2.756,0.260,-1.000,0.500,-0.267,-0.027,1000.000,7.616,-0.293,-0.029,1000.000,7.616
2.708,0.330,2.658,0.399,2.758,0.261,-1.000,0.500,-0.343,-0.034,1000.000,7.616,-0.369,-0.037,1000.000,7.616
2.710,0.332,2.660,0.401,2.759,0.263,-1.000,0.500,-0.419,-0.042,1000.000,7.616,-0.445,-0.045,1000.000,7.616
2.712,0.333,2.662,0.402,2.761,0.264,-1.000,0.500,-0.495,-0.050,1000.000,7.616,-0.521,-0.052,1000.000,7.616
2.714,0.334,2.664,0.403,2.763,0.265,-1.000,0.500,-0.571,-0.057,1000.000,7.616,-0.597,-0.060,1000.000,7.616
2.715,0.336,2.666,0.405,2.765,0.266,-1.000,0.500,-0.647,-0.065,1000.000,7.616,-0.673,-0.067,1000.000,7.616
2.717,0.337,2.668,0.406,2.767,0.268,-1.000,0.500,-0.723,-0.072,1000.000,7.616,-0.749,-0.075,1000.000,7.616
2.719,0.338,2.670,0.407,2.769,0.269,-1.000,0.500,-0.799,-0.080,1000.000,7.616,-0.826,-0.083,1000.000,7.616
2.721,0.340,2.671,0.409,2.771,0.270,-1.000,0.500,-0.875,-0.088,1000.000,7.616,-0.902,-0.090,1000.000,7.616
2.723,0.341,2.673,0.410,2.772,0.272,-1.000,0.500,-0.951,-0.095,1000.000,7.616,-0.978,-0.098,1000.000,7.616
2.725,0.342,2.675,0.411,2.774,0.273,-1.000,0.500,-1.027,-0.103,1000.000,7.616,-1.054,-0.105,1000.000,7.616
2.727,0.343,2.677,0.413,2.776,0.274,-1.000,0.500,-1.103,-0.110,1000.000,7.616,-1.130,-0.113,1000.000,7.616
2.728,0.345,2.679,0.414,2.778,0.276,-1.000,0.500,-1.179,-0.118,1000.000,7.616,-1.206,-0.121,1000.000,7.616
2.730,0.346,2.681,0.415,2.780,0.277,-1.000,0.500,-1.255,-0.126,1000.000,7.616,-1.282,-0.128,1000.000,7.616
2.732,0.347,2.683,0.416,2.782,0.278,-1.000,0.500,-1.331,-0.133,1000.000,7.616,-1.358,-0.136,1000.000,7.616
2.734,0.349,2.684,0.418,2.784,0.280,-1.000,0.500,-1.407,-0.141,1000.000,7.616,-1.434,-0.143,1000.000,7.616
2.736,0.350,2.686,0.419,2.785,0.281,-1.000,0.500,-1.483,-0.148,1000.000,7.616,-1.510,-0.151,1000.000,7.616
2.738,0.351,2.688,0.420,2.787,0.282,-1.000,0.500,-1.560,-0.156,1000.000,7.616,-1.586,-0.159,1000.000,7.616
2.739,0.353,2.690,0.422,2.789,0.284,-1.000,0.500,-1.636,-0.164,1000.000,7.616,-1.662,-0.166,1000.000,7.616
2.741,0.354,2.692,0.423,2.791,0.285,-1.000,0.500,-1.712,-0.171,1000.000,7.616,-1.738,-0.174,1000.000,7.616
2.743,0.355,2.694,0.424,2.793,0.286,-1.000,0.500,-1.788,-0.179,1000.000,7.616,-1.814,-0.181,1000.000,7.616
2.745,0.357,2.695,0.426,2.795,0.288,-1.000,0.500,-1.864,-0.186,1000.000,7.616,-1.890,-0.189,1000.000,7.616
2.747,0.358,2.697,0.427,2.796,0.289,-1.000,0.500,-1.940,-0.194,1000.000,7.616,-1.967,-0.197,1000.000,7.616
2.749,0.359,2.699,0.428,2.798,0.290,-1.000,0.500,-2.016,-0.202,1000.000,7.616,-2.043,-0.204,1000.000,7.616
2.751,0.361,2.701,0.430,2.800,0.292,-1.000,0.500,-2.092,-0.209,1000.000,7.616,-2.119,-0.212,1000.000,7.616
2.752,0.362,2.703,0.431,2.802,0.293,-1.000,0.500,-2.168,-0.217,1000.000,7.616,-2.195,-0.219,1000.000,7.616
2.754,0.363,2.705,0.432,2.804,0.294,-1.000,0.500,-2.244,-0.224,1000.000,7.616,-2.271,-0.227,1000.000,7.616
2.756,0.365,2.707,0.434,2.806,0.296,-1.000,0.500,-2.320,-0.232,1000.000,7.616,-2.347,-0.235,1000.000,7.616
2.758,0.366,2.708,0.435,2.808,0.297,-1.000,0.500,-2.396,-0.240,1000.000,7.616,-2.423,-0.242,1000.000,7.616
2.760,0.367,2.710,0.436,2.809,0.298,-1.000,0.500,-2.472,-0.247,1000.000,7.616,-2.499,-0.250,1000.000,7.616
2.762,0.369,2.712,0.438,2.811,0.300,-1.000,0.500,-2.548,-0.255,1000.000,7.616,-2.575,-0.258,1000.000,7.616
2.763,0.370,2.714,0.439,2.813,0.301,-1.000,0.500,-2.624,-0.262,1000.000,7.616,-2.651,-0.265,1000.000,7.616
2.765,0.371,2.716,0.440,2.815,0.302,-1.000,0.500,-2.700,-0.270,1000.000,7.616,-2.727,-0.273,1000.000,7.616
2.767,0.373,2.718,0.442,2.817,0.304,-1.000,0.500,-2.776,-0.278,1000.000,7.616,-2.803,-0.280,1000.000,7.616
2.769,0.374,2.719,0.443,2.819,0.305,-1.000,0.500,-2.852,-0.285,1000.000,7.616,-2.879,-0.288,1000.000,7.616
2.771,0.375,2.721,0.444,2.820,0.306,-1.000,0.500,-2.928,-0.293,1000.000,7.616,-2.955,-0.296,1000.000,7.616
2.773,0.377,2.723,0.446,2.822,0.308,-1.000,0.500,-3.004,-0.300,1000.000,7.616,-3.032,-0.303,1000.000,7.616
2.775,0.378,2.725,0.447,2.824,0.309,-1.000,0.500,-3.080,-0.308,1000.000,7.616,-3.108,-0.311,1000.000,7.616
2.776,0.379,2.727,0.448,2.826,0.310,-1.000,0.500,3.127,0.313,1000.000,7.616,3.100,0.310,1000.000,7.616
2.778,0.381,2.729,0.450,2.828,0.311,-1.000,0.500,3.051,0.305,1000.000,7.616,3.024,0.302,1000.000,7.616
2.780,0.382,2.731,0.451,2.830,0.313,-1.000,0.500,2.975,0.297,1000.000,7.616,2.947,0.295,1000.000,7.616
2.782,0.383,2.732,0.452,2.832,0.314,-1.000,0.500,2.899,0.290,1000.000,7.616,2.871,0.287,1000.000,7.616
2.784,0.385,2.734,0.454,2.833,0.315,-1.000,0.500,2.823,0.282,1000.000,7.616,2.795,0.280,1000.000,7.616
2.786,0.386,2.736,0.455,2.835,0.317,-1.000,0.500,2.747,0.275,1000.000,7.616,2.719,0.272,1000.000,7.616
2.788,0.387,2.738,0.456,2.837,0.318,-1.000,0.500,2.671,0.267,1000.000,7.616,2.643,0.264,1000.000,7.616
2.789,0.388,2.740,0.458,2.839,0.319,-1.000,0.500,2.595,0.259,1000.000,7.616,2.567,0.257,1000.000,7.616
2.791,0.390,2.742,0.459,2.841,0.321,-1.000,0.500,2.519,0.252,1000.000,7.616,2.491,0.249,1000.000,7.616
2.793,0.391,2.743,0.460,2.843,0.322,-1.000,0.500,2.443,0.244,1000.000,7.616,2.415,0.242,1000.000,7.616
2.795,0.392,2.745,0.461,2.844,0.323,-1.000,0.500,2.367,0.237,1000.000,7.616,2.339,0.234,1000.000,7.616
2.797,0.394,2.747,0.463,2.846,0.325,-1.000,0.500,2.291,0.229,1000.000,7.616,2.263,0.226,1000.000,7.616
2.799,0.395,2.749,0.464,2.848,0.326,-1.000,0.500,2.215,0.221,1000.000,7.616,2.187,0.219,1000.000,7.616
2.800,0.396,2.751,0.465,2.850,0.327,-1.000,0.500,2.138,0.214,1000.000,7.616,2.111,0.211,1000.000,7.616
2.802,0.398,2.753,0.467,2.852,0.329,-1.000,0.500,2.062,0.206,1000.000,7.616,2.035,0.203,1000.000,7.616
2.804,0.399,2.755,0.468,2.854,0.330,-1.000,0.500,1.986,0.199,1000.000,7.616,1.959,0.196,1000.000,7.616
2.806,0.400,2.756,0.469,2.856,0.331,-1.000,0.500,1.910,0.191,1000.000,7.616,1.882,0.188,1000.000,7.616
2.808,0.402,2.758,0.471,2.857,0.333,-1.000,0.500,1.834,0.183,1000.000,7.616,1.806,0.181,1000.000,7.616
2.810,0.403,2.760,0.472,2.859,0.334,-1.000,0.500,1.758,0.176,1000.000,7.616,1.730,0.173,1000.000,7.616
2.812,0.404,2.762,0.473,2.861,0.335,-1.000,0.500,1.682,0.168,1000.000,7.616,1.654,0.165,1000.000,7.616
2.813,0.406,2.764,0.475,2.863,0.337,-1.000,0.500,1.606,0.161,1000.000,7.616,1.578,0.158,1000.000,7.616
2.815,0.407,2.766,0.476,2.865,0.338,-1.000,0.500,1.530,0.153,1000.000,7.616,1.502,0.150,1000.000,7.616
2.817,0.408,2.767,0.477,2.867,0.339,-1.000,0.500,1.454,0.145,1000.000,7.616,1.426,0.143,1000.000,7.616
2.819,0.410,2.769,0.479,2.869,0.341,-1.000,0.500,1.378,0.138,1000.000,7.616,1.350,0.135,1000.000,7.616
2.821,0.411,2.771,0.480,2.870,0.342,-1.000,0.500,1.302,0.130,1000.000,7.616,1.274,0.127,1000.000,7.616
2.823,0.412,2.773,0.481,2.872,0.343,-1.000,0.500,1.226,0.123,1000.000,7.616,1.198,0.120,1000.000,7.616
2.824,0.414,2.775,0.483,2.874,0.345,-1.000,0.500,1.150,0.115,1000.000,7.616,1.122,0.112,1000.000,7.616
2.826,0.415,2.777,0.484,2.876,0.346,-1.000,0.500,1.074,0.107,1000.000,7.616,1.046,0.105,1000.000,7.616
2.828,0.416,2.779,0.485,2.878,0.347,-1.000,0.500,0.998,0.100,1000.000,7.616,0.970,0.097,1000.000,7.616
2.830,0.418,2.780,0.487,2.880,0.349,-1.000,0.500,0.922,0.092,1000.000,7.616,0.894,0.089,1000.000,7.616
2.832,0.419,2.782,0.488,2.881,0.350,-1.000,0.500,0.846,0.085,1000.000,7.616,0.818,0.082,1000.000,7.616
2.834,0.420,2.784,0.489,2.883,0.351,-1.000,0.500,0.770,0.077,1000.000,7.616,0.742,0.074,1000.000,7.616
2.836,0.422,2.786,0.491,2.885,0.353,-1.000,0.500,0.694,0.069,1000.000,7.616,0.665,0.067,1000.000,7.616
2.837,0.423,2.788,0.492,2.887,0.354,-1.000,0.500,0.618,0.062,1000.000,7.616,0.589,0.059,1000.000,7.616
2.839,0.424,2.790,0.493,2.889,0.355,-1.000,0.500,0.542,0.054,1000.000,7.616,0.513,0.051,1000.000,7.616
2.841,0.426,2.791,0.495,2.891,0.357,-1.000,0.500,0.466,0.047,1000.000,7.616,0.437,0.044,1000.000,7.616
2.843,0.427,2.793,0.496,2.893,0.358,-1.000,0.500,0.390,0.039,1000.000,7.616,0.361,0.036,1000.000,7.616
2.845,0.428,2.795,0.497,2.894,0.359,-1.000,0.500,0.314,0.031,1000.000,7.616,0.285,0.029,1000.000,7.616
2.847,0.430,2.797,0.499,2.896,0.360,-1.000,0.500,0.238,0.024,1000.000,7.616,0.209,0.021,1000.000,7.616
2.848,0.431,2.799,0.500,2.898,0.362,-1.000,0.500,0.162,0.016,1000.000,7.616,0.133,0.013,1000.000,7.616
2.850,0.432,2.801,0.501,2.900,0.363,-1.000,0.500,0.086,0.009,1000.000,7.616,0.057,0.006,1000.000,7.616
2.852,0.433,2.803,0.503,2.902,0.364,-1.000,0.500,0.010,0.001,1000.000,7.616,-0.019,-0.002,1000.000,7.616
2.854,0.435,2.804,0.504,2.904,0.366,-1.000,0.500,-0.066,-0.007,1000.000,7.616,-0.095,-0.010,1000.000,7.616
2.856,0.436,2.806,0.505,2.905,0.367,-1.000,0.500,-0.143,-0.014,1000.000,7.616,-0.171,-0.017,1000.000,7.616
2.858,0.437,2.808,0.506,2.907,0.368,-1.000,0.500,-0.219,-0.022,1000.000,7.616,-0.247,-0.025,1000.000,7.616
2.860,0.439,2.810,0.508,2.909,0.370,-1.000,0.500,-0.295,-0.029,1000.000,7.616,-0.323,-0.032,1000.000,7.616
2.861,0.440,2.812,0.509,2.911,0.371,-1.000,0.500,-0.371,-0.037,1000.000,7.616,-0.400,-0.040,1000.000,7.616
2.863,0.441,2.814,0.510,2.913,0.372,-1.000,0.500,-0.447,-0.045,1000.000,7.616,-0.476,-0.048,1000.000,7.616
2.865,0.443,2.815,0.512,2.915,0.374,-1.000,0.500,-0.523,-0.052,1000.000,7.616,-0.552,-0.055,1000.000,7.616
2.867,0.444,2.817,0.513,2.917,0.375,-1.000,0.500,-0.599,-0.060,1000.000,7.616,-0.628,-0.063,1000.000,7.616
2.869,0.445,2.819,0.514,2.918,0.376,-1.000,0.500,-0.675,-0.067,1000.000,7.616,-0.704,-0.070,1000.000,7.616
2.871,0.447,2.821,0.516,2.920,0.378,-1.000,0.500,-0.751,-0.075,1000.000,7.616,-0.780,-0.078,1000.000,7.616
2.872,0.448,2.823,0.517,2.922,0.379,-1.000,0.500,-0.827,-0.083,1000.000,7.616,-0.856,-0.086,1000.000,7.616
2.874,0.449,2.825,0.518,2.924,0.380,-1.000,0.500,-0.903,-0.090,1000.000,7.616,-0.932,-0.093,1000.000,7.616
2.876,0.451,2.827,0.520,2.926,0.382,-1.000,0.500,-0.979,-0.098,1000.000,7.616,-1.008,-0.101,1000.000,7.616
2.878,0.452,2.828,0.521,2.928,0.383,-1.000,0.500,-1.055,-0.105,1000.000,7.616,-1.084,-0.108,1000.000,7.616
2.880,0.453,2.830,0.522,2.929,0.384,-1.000,0.500,-1.131,-0.113,1000.000,7.616,-1.160,-0.116,1000.000,7.616
2.882,0.455,2.832,0.524,2.931,0.386,-1.000,0.500,-1.207,-0.121,1000.000,7.616,-1.236,-0.124,1000.000,7.616
2.884,0.456,2.834,0.525,2.933,0.387,-1.000,0.500,-1.283,-0.128,1000.000,7.616,-1.312,-0.131,1000.000,7.616
2.885,0.457,2.836,0.526,2.935,0.388,-1.000,0.500,-1.359,-0.136,1000.000,7.616,-1.388,-0.139,1000.000,7.616
2.887,0.459,2.838,0.528,2.937,0.390,-1.000,0.500,-1.435,-0.144,1000.000,7.616,-1.464,-0.146,1000.000,7.616
2.889,0.460,2.839,0.529,2.939,0.391,-1.000,0.500,-1.511,-0.151,1000.000,7.616,-1.540,-0.154,1000.000,7.616
2.891,0.461,2.841,0.530,2.941,0.392,-1.000,0.500,-1.587,-0.159,1000.000,7.616,-1.617,-0.162,1000.000,7.616
2.893,0.463,2.843,0.532,2.942,0.394,-1.000,0.500,-1.663,-0.166,1000.000,7.616,-1.693,-0.169,1000.000,7.616
2.895,0.464,2.845,0.533,2.944,0.395,-1.000,0.500,-1.739,-0.174,1000.000,7.616,-1.769,-0.177,1000.000,7.616
2.896,0.465,2.847,0.534,2.946,0.396,-1.000,0.500,-1.815,-0.182,1000.000,7.616,-1.845,-0.184,1000.000,7.616
2.898,0.467,2.849,0.536,2.948,0.398,-1.000,0.500,-1.891,-0.189,1000.000,7.616,-1.921,-0.192,1000.000,7.616
2.900,0.468,2.851,0.537,2.950,0.399,-1.000,0.500,-1.967,-0.197,1000.000,7.616,-1.997,-0.200,1000.000,7.616
2.902,0.469,2.852,0.538,2.952,0.400,-1.000,0.500,-2.043,-0.204,1000.000,7.616,-2.073,-0.207,1000.000,7.616
2.904,0.471,2.854,0.540,2.953,0.402,-1.000,0.500,-2.120,-0.212,1000.000,7.616,-2.149,-0.215,1000.000,7.616
2.906,0.472,2.856,0.541,2.955,0.403,-1.000,0.500,-2.195,-0.220,1000.000,7.616,-2.225,-0.223,1000.000,7.616
2.908,0.473,2.858,0.542,2.957,0.404,-1.000,0.500,-2.272,-0.227,1000.000,7.616,-2.301,-0.230,1000.000,7.616
2.909,0.475,2.860,0.544,2.959,0.406,-1.000,0.500,-2.348,-0.235,1000.000,7.616,-2.377,-0.238,1000.000,7.616
2.911,0.476,2.862,0.545,2.961,0.407,-1.000,0.500,-2.424,-0.242,1000.000,7.616,-2.453,-0.245,1000.000,7.616
2.913,0.477,2.863,0.546,2.963,0.408,-1.000,0.500,-2.500,-0.250,1000.000,7.616,-2.529,-0.253,1000.000,7.616
2.915,0.479,2.865,0.548,2.965,0.410,-1.000,0.500,-2.576,-0.258,1000.000,7.616,-2.605,-0.261,1000.000,7.616
2.917,0.480,2.867,0.549,2.966,0.411,-1.000,0.500,-2.652,-0.265,1000.000,7.616,-2.682,-0.268,1000.000,7.616
2.919,0.481,2.869,0.550,2.968,0.412,-1.000,0.500,-2.728,-0.273,1000.000,7.616,-2.758,-0.276,1000.000,7.616
2.920,0.483,2.871,0.552,2.970,0.414,-1.000,0.500,-2.804,-0.280,1000.000,7.616,-2.834,-0.283,1000.000,7.616
2.922,0.484,2.873,0.553,2.972,0.415,-1.000,0.500,-2.880,-0.288,1000.000,7.616,-2.910,-0.291,1000.000,7.616
2.924,0.485,2.875,0.554,2.974,0.416,-1.000,0.500,-2.956,-0.296,1000.000,7.616,-2.986,-0.299,1000.000,7.616
2.926,0.486,2.876,0.555,2.976,0.417,-1.000,0.500,-3.032,-0.303,1000.000,7.616,-3.062,-0.306,1000.000,7.616
2.928,0.488,2.878,0.557,2.977,0.419,-1.000,0.500,-3.108,-0.311,1000.000,7.616,-3.138,-0.314,1000.000,7.616
2.930,0.489,2.880,0.558,2.979,0.420,-1.000,0.500,3.099,0.310,1000.000,7.616,3.069,0.307,1000.000,7.616
2.932,0.490,2.882,0.559,2.981,0.421,-1.000,0.500,3.023,0.302,1000.000,7.616,2.993,0.299,1000.000,7.616
2.933,0.492,2.884,0.561,2.983,0.423,-1.000,0.500,2.947,0.295,1000.000,7.616,2.917,0.292,1000.000,7.616
2.935,0.493,2.886,0.562,2.985,0.424,-1.000,0.500,2.871,0.287,1000.000,7.616,2.841,0.284,1000.000,7.616
2.937,0.494,2.887,0.563,2.987,0.425,-1.000,0.500,2.795,0.280,1000.000,7.616,2.765,0.276,1000.000,7.616
2.939,0.496,2.889,0.565,2.989,0.427,-1.000,0.500,2.719,0.272,1000.000,7.616,2.689,0.269,1000.000,7.616
2.941,0.497,2.891,0.566,2.990,0.428,-1.000,0.500,2.643,0.264,1000.000,7.616,2.613,0.261,1000.000,7.616
2.943,0.498,2.893,0.567,2.992,0.429,-1.000,0.500,2.567,0.257,1000.000,7.616,2.537,0.254,1000.000,7.616
2.944,0.500,2.895,0.569,2.994,0.431,-1.000,0.500,2.491,0.249,1000.000,7.616,2.461,0.246,1000.000,7.616
2.946,0.501,2.897,0.570,2.996,0.432,-1.000,0.500,2.415,0.241,1000.000,7.616,2.385,0.238,1000.000,7.616
2.948,0.502,2.899,0.571,2.998,0.433,-1.000,0.500,2.339,0.234,1000.000,7.616,2.309,0.231,1000.000,7.616
2.950,0.504,2.900,0.573,3.000,0.435,-1.000,0.500,2.263,0.226,1000.000,7.616,2.232,0.223,1000.000,7.616
2.952,0.505,2.902,0.574,3.002,0.436,-1.000,0.500,2.187,0.219,1000.000,7.616,2.156,0.216,1000.000,7.616
2.954,0.506,2.904,0.575,3.003,0.437,-1.000,0.500,2.111,0.211,1000.000,7.616,2.080,0.208,1000.000,7.616
2.956,0.508,2.906,0.577,3.005,0.439,-1.000,0.500,2.035,0.203,1000.000,7.616,2.004,0.200,1000.000,7.616
2.957,0.509,2.908,0.578,3.007,0.440,-1.000,0.500,1.959,0.196,1000.000,7.616,1.928,0.193,1000.000,7.616
2.959,0.510,2.910,0.579,3.009,0.441,-1.000,0.500,1.883,0.188,1000.000,7.616,1.852,0.185,1000.000,7.616
2.961,0.512,2.911,0.581,3.011,0.443,-1.000,0.500,1.807,0.181,1000.000,7.616,1.776,0.178,1000.000,7.616
2.963,0.513,2.913,0.582,3.013,0.444,-1.000,0.500,1.731,0.173,1000.000,7.616,1.700,0.170,1000.000,7.616
2.965,0.514,2.915,0.583,3.014,0.445,-1.000,0.500,1.655,0.165,1000.000,7.616,1.624,0.162,1000.000,7.616
2.967,0.516,2.917,0.585,3.016,0.447,-1.000,0.500,1.579,0.158,1000.000,7.616,1.548,0.155,1000.000,7.616
2.968,0.517,2.919,0.586,3.018,0.448,-1.000,0.500,1.502,0.150,1000.000,7.616,1.472,0.147,1000.000,7.616
2.970,0.518,2.921,0.587,3.020,0.449,-1.000,0.500,1.426,0.143,1000.000,7.616,1.396,0.140,1000.000,7.616
2.972,0.520,2.923,0.589,3.022,0.451,-1.000,0.500,1.350,0.135,1000.000,7.616,1.320,0.132,1000.000,7.616
2.974,0.521,2.924,0.590,3.024,0.452,-1.000,0.500,1.274,0.127,1000.000,7.616,1.244,0.124,1000.000,7.616
2.976,0.522,2.926,0.591,3.026,0.453,-1.000,0.500,1.198,0.120,1000.000,7.616,1.168,0.117,1000.000,7.616
2.978,0.524,2.928,0.593,3.027,0.455,-1.000,0.500,1.122,0.112,1000.000,7.616,1.092,0.109,1000.000,7.616
2.980,0.525,2.930,0.594,3.029,0.456,-1.000,0.500,1.046,0.105,1000.000,7.616,1.015,0.102,1000.000,7.616
2.981,0.526,2.932,0.595,3.031,0.457,-1.000,0.500,0.970,0.097,1000.000,7.616,0.939,0.094,1000.000,7.616
2.983,0.528,2.934,0.597,3.033,0.459,-1.000,0.500,0.894,0.089,1000.000,7.616,0.863,0.086,1000.000,7.616
2.985,0.529,2.935,0.598,3.035,0.460,-1.000,0.500,0.818,0.082,1000.000,7.616,0.787,0.079,1000.000,7.616
2.987,0.530,2.937,0.599,3.037,0.461,-1.000,0.500,0.742,0.074,1000.000,7.616,0.711,0.071,1000.000,7.616
2.989,0.532,2.939,0.601,3.038,0.463,-1.000,0.500,0.666,0.067,1000.000,7.616,0.635,0.064,1000.000,7.616
2.991,0.533,2.941,0.602,3.040,0.464,-1.000,0.500,0.590,0.059,1000.000,7.616,0.559,0.056,1000.000,7.616
2.992,0.534,2.943,0.603,3.042,0.465,-1.000,0.500,0.514,0.051,1000.000,7.616,0.483,0.048,1000.000,7.616
2.994,0.536,2.945,0.605,3.044,0.467,-1.000,0.500,0.438,0.044,1000.000,7.616,0.407,0.041,1000.000,7.616
2.996,0.537,2.947,0.606,3.046,0.468,-1.000,0.500,0.362,0.036,1000.000,7.616,0.331,0.033,1000.000,7.616
2.998,0.538,2.948,0.607,3.048,0.469,-1.000,0.500,0.286,0.029,1000.000,7.616,0.255,0.025,1000.000,7.616
3.000,0.539,2.950,0.608,3.050,0.471,-1.000,0.500,0.210,0.021,1000.000,7.616,0.179,0.018,1000.000,7.616
3.002,0.541,2.952,0.610,3.051,0.472,-1.000,0.500,0.134,0.013,1000.000,7.616,0.103,0.010,1000.000,7.616
3.004,0.542,2.954,0.611,3.053,0.473,-1.000,0.500,0.058,0.006,1000.000,7.616,0.027,0.003,1000.000,7.616
3.005,0.543,2.956,0.612,3.055,0.474,-1.000,0.500,-0.018,-0.002,1000.000,7.616,-0.050,-0.005,1000.000,7.616
3.007,0.545,2.958,0.614,3.057,0.476,-1.000,0.500,-0.094,-0.009,1000.000,7.616,-0.126,-0.013,1000.000,7.616
3.009,0.546,2.959,0.615,3.059,0.477,-1.000,0.500,-0.170,-0.017,1000.000,7.616,-0.202,-0.020,1000.000,7.616
3.011,0.547,2.961,0.616,3.061,0.478,-1.000,0.500,-0.246,-0.025,1000.000,7.616,-0.278,-0.028,1000.000,7.616
3.013,0.549,2.963,0.618,3.062,0.480,-1.000,0.500,-0.322,-0.032,1000.000,7.616,-0.354,-0.035,1000.000,7.616
3.015,0.550,2.965,0.619,3.064,0.481,-1.000,0.500,-0.398,-0.040,1000.000,7.616,-0.430,-0.043,1000.000,7.616
3.016,0.551,2.967,0.620,3.066,0.482,-1.000,0.500,-0.474,-0.047,1000.000,7.616,-0.506,-0.051,1000.000,7.616
3.018,0.553,2.969,0.622,3.068,0.484,-1.000,0.500,-0.550,-0.055,1000.000,7.616,-0.582,-0.058,1000.000,7.616
3.020,0.554,2.970,0.623,3.070,0.485,-1.000,0.500,-0.626,-0.063,1000.000,7.616,-0.658,-0.066,1000.000,7.616
3.022,0.555,2.972,0.624,3.072,0.486,-1.000,0.500,-0.703,-0.070,1000.000,7.616,-0.734,-0.073,1000.000,7.616
3.024,0.557,2.974,0.626,3.074,0.488,-1.000,0.500,-0.779,-0.078,1000.000,7.616,-0.810,-0.081,1000.000,7.616
3.026,0.558,2.976,0.627,3.075,0.489,-1.000,0.500,-0.855,-0.085,1000.000,7.616,-0.886,-0.089,1000.000,7.616
3.028,0.559,2.978,0.628,3.077,0.490,-1.000,0.500,-0.931,-0.093,1000.000,7.616,-0.962,-0.096,1000.000,7.616
3.029,0.561,2.980,0.630,3.079,0.492,-1.000,0.500,-1.007,-0.101,1000.000,7.616,-1.038,-0.104,1000.000,7.616
3.031,0.562,2.982,0.631,3.081,0.493,-1.000,0.500,-1.083,-0.108,1000.000,7.616,-1.114,-0.111,1000.000,7.616
3.033,0.563,2.983,0.632,3.083,0.494,-1.000,0.500,-1.159,-0.116,1000.000,7.616,-1.190,-0.119,1000.000,7.616
3.035,0.565,2.985,0.634,3.085,0.496,-1.000,0.500,-1.235,-0.123,1000.000,7.616,-1.267,-0.127,1000.000,7.616
3.037,0.566,2.987,0.635,3.086,0.497,-1.000,0.500,-1.311,-0.131,1000.000,7.616,-1.343,-0.134,1000.000,7.616
3.039,0.567,2.989,0.636,3.088,0.498,-1.000,0.500,-1.387,-0.139,1000.000,7.616,-1.419,-0.142,1000.000,7.616
3.040,0.569,2.991,0.638,3.090,0.500,-1.000,0.500,-1.463,-0.146,1000.000,7.616,-1.495,-0.149,1000.000,7.616
3.042,0.570,2.993,0.639,3.092,0.501,-1.000,0.500,-1.539,-0.154,1000.000,7.616,-1.571,-0.157,1000.000,7.616
3.044,0.571,2.994,0.640,3.094,0.502,-1.000,0.500,-1.615,-0.161,1000.000,7.616,-1.647,-0.165,1000.000,7.616
3.046,0.573,2.996,0.642,3.096,0.504,-1.000,0.500,-1.691,-0.169,1000.000,7.616,-1.723,-0.172,1000.000,7.616
3.048,0.574,2.998,0.643,3.098,0.505,-1.000,0.500,-1.767,-0.177,1000.000,7.616,-1.799,-0.180,1000.000,7.616
3.050,0.575,3.000,0.644,3.099,0.506,-1.000,0.500,-1.843,-0.184,1000.000,7.616,-1.875,-0.188,1000.000,7.616
3.052,0.577,3.002,0.646,3.101,0.508,-1.000,0.500,-1.919,-0.192,1000.000,7.616,-1.951,-0.195,1000.000,7.616
3.053,0.578,3.004,0.647,3.103,0.509,-1.000,0.500,-1.995,-0.200,1000.000,7.616,-2.027,-0.203,1000.000,7.616
3.055,0.579,3.006,0.648,3.105,0.510,-1.000,0.500,-2.071,-0.207,1000.000,7.616,-2.103,-0.210,1000.000,7.616
3.057,0.581,3.007,0.650,3.107,0.512,-1.000,0.500,-2.147,-0.215,1000.000,7.616,-2.179,-0.218,1000.000,7.616
3.059,0.582,3.009,0.651,3.109,0.513,-1.000,0.500,-2.223,-0.222,1000.000,7.616,-2.255,-0.226,1000.000,7.616
3.061,0.583,3.011,0.652,3.110,0.514,-1.000,0.500,-2.299,-0.230,1000.000,7.616,-2.332,-0.233,1000.000,7.616
3.063,0.585,3.013,0.654,3.112,0.516,-1.000,0.500,-2.375,-0.238,1000.000,7.616,-2.408,-0.241,1000.000,7.616
3.064,0.586,3.015,0.655,3.114,0.517,-1.000,0.500,-2.451,-0.245,1000.000,7.616,-2.484,-0.248,1000.000,7.616
3.066,0.587,3.017,0.656,3.116,0.518,-1.000,0.500,-2.527,-0.253,1000.000,7.616,-2.560,-0.256,1000.000,7.616
3.068,0.589,3.018,0.658,3.118,0.520,-1.000,0.500,-2.603,-0.260,1000.000,7.616,-2.636,-0.264,1000.000,7.616
3.070,0.590,3.020,0.659,3.120,0.521,-1.000,0.500,-2.680,-0.268,1000.000,7.616,-2.712,-0.271,1000.000,7.616
3.072,0.591,3.022,0.660,3.122,0.522,-1.000,0.500,-2.755,-0.276,1000.000,7.616,-2.788,-0.279,1000.000,7.616
3.074,0.593,3.024,0.662,3.123,0.524,-1.000,0.500,-2.831,-0.283,1000.000,7.616,-2.864,-0.286,1000.000,7.616
3.076,0.594,3.026,0.663,3.125,0.525,-1.000,0.500,-2.908,-0.291,1000.000,7.616,-2.940,-0.294,1000.000,7.616
3.077,0.595,3.028,0.664,3.127,0.526,-1.000,0.500,-2.984,-0.298,1000.000,7.616,-3.016,-0.302,1000.000,7.616
3.079,0.597,3.030,0.665,3.129,0.528,-1.000,0.500,-3.060,-0.306,1000.000,7.616,-3.092,-0.309,1000.000,7.616
3.081,0.598,3.031,0.667,3.131,0.529,-1.000,0.500,-3.136,-0.314,1000.000,7.616,3.115,0.312,1000.000,7.616
3.083,0.599,3.033,0.668,3.133,0.530,-1.000,0.500,3.072,0.307,1000.000,7.616,3.039,0.304,1000.000,7.616
3.085,0.600,3.035,0.669,3.134,0.532,-1.000,0.500,2.995,0.300,1000.000,7.616,2.963,0.296,1000.000,7.616
3.087,0.602,3.037,0.671,3.136,0.533,-1.000,0.500,2.919,0.292,1000.000,7.616,2.887,0.289,1000.000,7.616
3.088,0.603,3.039,0.672,3.138,0.534,-1.000,0.500,2.843,0.284,1000.000,7.616,2.811,0.281,1000.000,7.616
3.090,0.604,3.041,0.673,3.140,0.536,-1.000,0.500,2.767,0.277,1000.000,7.616,2.735,0.273,1000.000,7.616
3.092,0.606,3.042,0.675,3.142,0.537,-1.000,0.500,2.691,0.269,1000.000,7.616,2.659,0.266,1000.000,7.616
3.094,0.607,3.044,0.676,3.144,0.538,-1.000,0.500,2.615,0.262,1000.000,7.616,2.582,0.258,1000.000,7.616
3.096,0.608,3.046,0.677,3.146,0.539,-1.000,0.500,2.539,0.254,1000.000,7.616,2.506,0.251,1000.000,7.616
3.098,0.610,3.048,0.679,3.147,0.541,-1.000,0.500,2.463,0.246,1000.000,7.616,2.430,0.243,1000.000,7.616
3.100,0.611,3.050,0.680,3.149,0.542,-1.000,0.500,2.387,0.239,1000.000,7.616,2.354,0.235,1000.000,7.616
3.101,0.612,3.052,0.681,3.151,0.543,-1.000,0.500,2.311,0.231,1000.000,7.616,2.278,0.228,1000.000,7.616
3.103,0.614,3.054,0.683,3.153,0.545,-1.000,0.500,2.235,0.224,1000.000,7.616,2.202,0.220,1000.000,7.616
3.105,0.615,3.055,0.684,3.155,0.546,-1.000,0.500,2.159,0.216,1000.000,7.616,2.126,0.213,1000.000,7.616
3.107,0.616,3.057,0.685,3.157,0.547,-1.000,0.500,2.083,0.208,1000.000,7.616,2.050,0.205,1000.000,7.616
3.109,0.618,3.059,0.687,3.158,0.549,-1.000,0.500,2.007,0.201,1000.000,7.616,1.974,0.197,1000.000,7.616
3.111,0.619,3.061,0.688,3.160,0.550,-1.000,0.500,1.931,0.193,1000.000,7.616,1.898,0.190,1000.000,7.616
3.112,0.620,3.063,0.689,3.162,0.551,-1.000,0.500,1.855,0.185,1000.000,7.616,1.822,0.182,1000.000,7.616
3.114,0.622,3.065,0.691,3.164,0.553,-1.000,0.500,1.779,0.178,1000.000,7.616,1.746,0.175,1000.000,7.616
3.116,0.623,3.066,0.692,3.166,0.554,-1.000,0.500,1.703,0.170,1000.000,7.616,1.670,0.167,1000.000,7.616
3.118,0.624,3.068,0.693,3.168,0.555,-1.000,0.500,1.627,0.163,1000.000,7.616,1.594,0.159,1000.000,7.616
3.120,0.626,3.070,0.695,3.170,0.557,-1.000,0.500,1.551,0.155,1000.000,7.616,1.518,0.152,1000.000,7.616
3.122,0.627,3.072,0.696,3.171,0.558,-1.000,0.500,1.475,0.147,1000.000,7.616,1.442,0.144,1000.000,7.616
3.124,0.628,3.074,0.697,3.173,0.559,-1.000,0.500,1.399,0.140,1000.000,7.616,1.365,0.137,1000.000,7.616
3.125,0.630,3.076,0.699,3.175,0.561,-1.000,0.500,1.323,0.132,1000.000,7.616,1.289,0.129,1000.000,7.616
3.127,0.631,3.077,0.700,3.177,0.562,-1.000,0.500,1.247,0.125,1000.000,7.616,1.213,0.121,1000.000,7.616
3.129,0.632,3.079,0.701,3.179,0.563,-1.000,0.500,1.171,0.117,1000.000,7.616,1.137,0.114,1000.000,7.616
3.131,0.634,3.081,0.703,3.181,0.565,-1.000,0.500,1.095,0.109,1000.000,7.616,1.061,0.106,1000.000,7.616
3.133,0.635,3.083,0.704,3.182,0.566,-1.000,0.500,1.019,0.102,1000.000,7.616,0.985,0.099,1000.000,7.616
3.135,0.636,3.085,0.705,3.184,0.567,-1.000,0.500,0.943,0.094,1000.000,7.616,0.909,0.091,1000.000,7.616
3.136,0.638,3.087,0.707,3.186,0.569,-1.000,0.500,0.866,0.087,1000.000,7.616,0.833,0.083,1000.000,7.616
3.138,0.639,3.089,0.708,3.188,0.570,-1.000,0.500,0.790,0.079,1000.000,7.616,0.757,0.076,1000.000,7.616
3.140,0.640,3.090,0.709,3.190,0.571,-1.000,0.500,0.714,0.071,1000.000,7.616,0.681,0.068,1000.000,7.616
3.142,0.642,3.092,0.711,3.192,0.573,-1.000,0.500,0.638,0.064,1000.000,7.616,0.605,0.060,1000.000,7.616
3.144,0.643,3.094,0.712,3.194,0.574,-1.000,0.500,0.562,0.056,1000.000,7.616,0.529,0.053,1000.000,7.616
3.146,0.644,3.096,0.713,3.195,0.575,-1.000,0.500,0.486,0.049,1000.000,7.616,0.453,0.045,1000.000,7.616
3.147,0.646,3.098,0.715,3.197,0.577,-1.000,0.500,0.410,0.041,1000.000,7.616,0.377,0.038,1000.000,7.616
3.149,0.647,3.100,0.716,3.199,0.578,-1.000,0.500,0.334,0.033,1000.000,7.616,0.300,0.030,1000.000,7.616
3.151,0.648,3.101,0.717,3.201,0.579,-1.000,0.500,0.258,0.026,1000.000,7.616,0.224,0.022,1000.000,7.616
3.153,0.650,3.103,0.719,3.203,0.581,-1.000,0.500,0.182,0.018,1000.000,7.616,0.148,0.015,1000.000,7.616
3.155,0.651,3.105,0.720,3.205,0.582,-1.000,0.500,0.106,0.011,1000.000,7.616,0.072,0.007,1000.000,7.616
3.157,0.652,3.107,0.721,3.206,0.583,-1.000,0.500,0.030,0.003,1000.000,7.616,-0.004,-0.000,1000.000,7.616
3.159,0.654,3.109,0.723,3.208,0.585,-1.000,0.500,-0.046,-0.005,1000.000,7.616,-0.080,-0.008,1000.000,7.616
3.160,0.655,3.111,0.724,3.210,0.586,-1.000,0.500,-0.122,-0.012,1000.000,7.616,-0.156,-0.016,1000.000,7.616
3.162,0.656,3.113,0.725,3.212,0.587,-1.000,0.500,-0.198,-0.020,1000.000,7.616,-0.232,-0.023,1000.000,7.616
3.164,0.658,3.114,0.726,3.214,0.589,-1.000,0.500,-0.274,-0.027,1000.000,7.616,-0.308,-0.031,1000.000,7.616
3.166,0.659,3.116,0.728,3.216,0.590,-1.000,0.500,-0.350,-0.035,1000.000,7.616,-0.384,-0.038,1000.000,7.616
3.168,0.660,3.118,0.729,3.217,0.591,-1.000,0.500,-0.426,-0.043,1000.000,7.616,-0.460,-0.046,1000.000,7.616
3.170,0.662,3.120,0.730,3.219,0.593,-1.000,0.500,-0.502,-0.050,1000.000,7.616,-0.536,-0.054,1000.000,7.616
3.171,0.663,3.122,0.732,3.221,0.594,-1.000,0.500,-0.578,-0.058,1000.000,7.616,-0.612,-0.061,1000.000,7.616
3.173,0.664,3.124,0.733,3.223,0.595,-1.000,0.500,-0.654,-0.065,1000.000,7.616,-0.688,-0.069,1000.000,7.616
3.175,0.666,3.125,0.734,3.225,0.597,-1.000,0.500,-0.730,-0.073,1000.000,7.616,-0.764,-0.076,1000.000,7.616
3.177,0.667,3.127,0.736,3.227,0.598,-1.000,0.500,-0.806,-0.081,1000.000,7.616,-0.840,-0.084,1000.000,7.616
3.179,0.668,3.129,0.737,3.229,0.599,-1.000,0.500,-0.882,-0.088,1000.000,7.616,-0.917,-0.092,1000.000,7.616
3.181,0.669,3.131,0.738,3.230,0.601,-1.000,0.500,-0.958,-0.096,1000.000,7.616,-0.993,-0.099,1000.000,7.616
3.183,0.671,3.133,0.740,3.232,0.602,-1.000,0.500,-1.034,-0.103,1000.000,7.616,-1.069,-0.107,1000.000,7.616
3.184,0.672,3.135,0.741,3.234,0.603,-1.000,0.500,-1.110,-0.111,1000.000,7.616,-1.145,-0.114,1000.000,7.616
3.186,0.673,3.137,0.742,3.236,0.605,-1.000,0.500,-1.186,-0.119,1000.000,7.616,-1.221,-0.122,1000.000,7.616
3.188,0.675,3.138,0.744,3.238,0.606,-1.000,0.500,-1.263,-0.126,1000.000,7.616,-1.297,-0.130,1000.000,7.616
3.190,0.676,3.140,0.745,3.240,0.607,-1.000,0.500,-1.339,-0.134,1000.000,7.616,-1.373,-0.137,1000.000,7.616
3.192,0.677,3.142,0.746,3.241,0.609,-1.000,0.500,-1.415,-0.141,1000.000,7.616,-1.449,-0.145,1000.000,7.616
3.194,0.679,3.144,0.748,3.243,0.610,-1.000,0.500,-1.491,-0.149,1000.000,7.616,-1.525,-0.153,1000.000,7.616
3.195,0.680,3.146,0.749,3.245,0.611,-1.000,0.500,-1.567,-0.157,1000.000,7.616,-1.601,-0.160,1000.000,7.616
3.197,0.681,3.148,0.750,3.247,0.613,-1.000,0.500,-1.643,-0.164,1000.000,7.616,-1.677,-0.168,1000.000,7.616
3.199,0.683,3.149,0.752,3.249,0.614,-1.000,0.500,-1.719,-0.172,1000.000,7.616,-1.753,-0.175,1000.000,7.616
3.201,0.684,3.151,0.753,3.251,0.615,-1.000,0.500,-1.795,-0.179,1000.000,7.616,-1.829,-0.183,1000.000,7.616
3.203,0.685,3.153,0.754,3.253,0.616,-1.000,0.500,-1.871,-0.187,1000.000,7.616,-1.905,-0.191,1000.000,7.616
3.205,0.687,3.155,0.756,3.254,0.618,-1.000,0.500,-1.947,-0.195,1000.000,7.616,-1.982,-0.198,1000.000,7.616
3.207,0.688,3.157,0.757,3.256,0.619,-1.000,0.500,-2.023,-0.202,1000.000,7.616,-2.058,-0.206,1000.000,7.616
3.208,0.689,3.159,0.758,3.258,0.620,-1.000,0.500,-2.099,-0.210,1000.000,7.616,-2.134,-0.213,1000.000,7.616
3.210,0.691,3.160,0.760,3.260,0.622,-1.000,0.500,-2.175,-0.217,1000.000,7.616,-2.210,-0.221,1000.000,7.616
3.212,0.692,3.162,0.761,3.262,0.623,-1.000,0.500,-2.251,-0.225,1000.000,7.616,-2.286,-0.229,1000.000,7.616
3.214,0.693,3.164,0.762,3.264,0.624,-1.000,0.500,-2.327,-0.233,1000.000,7.616,-2.362,-0.236,1000.000,7.616
3.216,0.695,3.166,0.764,3.265,0.626,-1.000,0.500,-2.403,-0.240,1000.000,7.616,-2.438,-0.244,1000.000,7.616
3.218,0.696,3.168,0.765,3.267,0.627,-1.000,0.500,-2.479,-0.248,1000.000,7.616,-2.514,-0.251,1000.000,7.616
3.219,0.697,3.170,0.766,3.269,0.628,-1.000,0.500,-2.555,-0.256,1000.000,7.616,-2.590,-0.259,1000.000,7.616
3.221,0.699,3.172,0.768,3.271,0.630,-1.000,0.500,-2.631,-0.263,1000.000,7.616,-2.666,-0.267,1000.000,7.616
3.223,0.700,3.173,0.769,3.273,0.631,-1.000,0.500,-2.707,-0.271,1000.000,7.616,-2.742,-0.274,1000.000,7.616
3.225,0.701,3.175,0.770,3.275,0.632,-1.000,0.500,-2.783,-0.278,1000.000,7.616,-2.818,-0.282,1000.000,7.616
3.227,0.703,3.177,0.772,3.277,0.634,-1.000,0.500,-2.859,-0.286,1000.000,7.616,-2.894,-0.289,1000.000,7.616
3.229,0.704,3.179,0.773,3.278,0.635,-1.000,0.500,-2.935,-0.294,1000.000,7.616,-2.970,-0.297,1000.000,7.616
3.230,0.705,3.181,0.774,3.280,0.636,-1.000,0.500,-3.011,-0.301,1000.000,7.616,-3.046,-0.305,1000.000,7.616
3.232,0.707,3.183,0.776,3.282,0.638,-1.000,0.500,-3.087,-0.309,1000.000,7.616,-3.122,-0.312,1000.000,7.616
3.234,0.708,3.184,0.777,3.284,0.639,-1.000,0.500,3.120,0.312,1000.000,7.616,3.085,0.308,1000.000,7.616
3.236,0.709,3.186,0.778,3.286,0.640,-1.000,0.500,3.044,0.304,1000.000,7.616,3.009,0.301,1000.000,7.616
3.238,0.711,3.188,0.780,3.288,0.642,-1.000,0.500,2.968,0.297,1000.000,7.616,2.932,0.293,1000.000,7.616
3.240,0.712,3.190,0.781,3.289,0.643,-1.000,0.500,2.892,0.289,1000.000,7.616,2.856,0.286,1000.000,7.616
3.242,0.713,3.192,0.782,3.291,0.644,-1.000,0.500,2.816,0.282,1000.000,7.616,2.780,0.278,1000.000,7.616
3.243,0.715,3.194,0.784,3.293,0.646,-1.000,0.500,2.740,0.274,1000.000,7.616,2.704,0.270,1000.000,7.616
3.245,0.716,3.196,0.785,3.295,0.647,-1.000,0.500,2.664,0.266,1000.000,7.616,2.628,0.263,1000.000,7.616
3.247,0.717,3.197,0.786,3.297,0.648,-1.000,0.500,2.587,0.259,1000.000,7.616,2.552,0.255,1000.000,7.616
3.249,0.719,3.199,0.788,3.299,0.650,-1.000,0.500,2.511,0.251,1000.000,7.616,2.476,0.248,1000.000,7.616
3.251,0.720,3.201,0.789,3.301,0.651,-1.000,0.500,2.435,0.244,1000.000,7.616,2.400,0.240,1000.000,7.616
3.253,0.721,3.203,0.790,3.302,0.652,-1.000,0.500,2.359,0.236,1000.000,7.616,2.324,0.232,1000.000,7.616
3.254,0.723,3.205,0.792,3.304,0.654,-1.000,0.500,2.283,0.228,1000.000,7.616,2.248,0.225,1000.000,7.616
3.256,0.724,3.207,0.793,3.306,0.655,-1.000,0.500,2.207,0.221,1000.000,7.616,2.172,0.217,1000.000,7.616
3.258,0.725,3.208,0.794,3.308,0.656,-1.000,0.500,2.131,0.213,1000.000,7.616,2.096,0.210,1000.000,7.616
3.260,0.727,3.210,0.796,3.310,0.658,-1.000,0.500,2.055,0.206,1000.000,7.616,2.020,0.202,1000.000,7.616
3.262,0.728,3.212,0.797,3.312,0.659,-1.000,0.500,1.979,0.198,1000.000,7.616,1.944,0.194,1000.000,7.616
3.264,0.729,3.214,0.798,3.313,0.660,-1.000,0.500,1.903,0.190,1000.000,7.616,1.868,0.187,1000.000,7.616
3.266,0.731,3.216,0.799,3.315,0.662,-1.000,0.500,1.827,0.183,1000.000,7.616,1.792,0.179,1000.000,7.616
3.267,0.732,3.218,0.801,3.317,0.663,-1.000,0.500,1.751,0.175,1000.000,7.616,1.715,0.172,1000.000,7.616
3.269,0.733,3.219,0.802,3.319,0.664,-1.000,0.500,1.675,0.167,1000.000,7.616,1.639,0.164,1000.000,7.616
3.271,0.735,3.221,0.803,3.321,0.666,-1.000,0.500,1.599,0.160,1000.000,7.616,1.563,0.156,1000.000,7.616
3.273,0.736,3.223,0.805,3.323,0.667,-1.000,0.500,1.523,0.152,1000.000,7.616,1.487,0.149,1000.000,7.616
3.275,0.737,3.225,0.806,3.325,0.668,-1.000,0.500,1.447,0.145,1000.000,7.616,1.411,0.141,1000.000,7.616
3.277,0.739,3.227,0.807,3.326,0.670,-1.000,0.500,1.371,0.137,1000.000,7.616,1.335,0.134,1000.000,7.616
3.278,0.740,3.229,0.809,3.328,0.671,-1.000,0.500,1.295,0.129,1000.000,7.616,1.259,0.126,1000.000,7.616
3.280,0.741,3.231,0.810,3.330,0.672,-1.000,0.500,1.219,0.122,1000.000,7.616,1.183,0.118,1000.000,7.616
3.282,0.743,3.232,0.811,3.332,0.674,-1.000,0.500,1.143,0.114,1000.000,7.616,1.107,0.111,1000.000,7.616
3.284,0.744,3.234,0.813,3.334,0.675,-1.000,0.500,1.067,0.107,1000.000,7.616,1.031,0.103,1000.000,7.616
3.286,0.745,3.236,0.814,3.336,0.676,-1.000,0.500,0.991,0.099,1000.000,7.616,0.955,0.095,1000.000,7.616
3.288,0.746,3.238,0.815,3.337,0.678,-1.000,0.500,0.915,0.091,1000.000,7.616,0.879,0.088,1000.000,7.616
3.290,0.748,3.240,0.817,3.339,0.679,-1.000,0.500,0.839,0.084,1000.000,7.616,0.803,0.080,1000.000,7.616
3.291,0.749,3.242,0.818,3.341,0.680,-1.000,0.500,0.763,0.076,1000.000,7.560,0.727,0.073,1000.000,7.616
3.293,0.750,3.243,0.819,3.343,0.682,-1.000,0.500,0.687,0.069,1000.000,7.560,0.650,0.065,1000.000,7.616
3.295,0.752,3.245,0.821,3.345,0.683,-1.000,0.500,0.611,0.061,1000.000,7.560,0.574,0.057,1000.000,7.616
3.297,0.753,3.247,0.822,3.347,0.684,-1.000,0.500,0.536,0.054,1000.000,7.560,0.498,0.050,1000.000,7.616
3.299,0.754,3.249,0.823,3.348,0.686,-1.000,0.500,0.460,0.046,1000.000,7.560,0.422,0.042,1000.000,7.616
3.301,0.756,3.251,0.825,3.350,0.687,-1.000,0.500,0.385,0.038,1000.000,7.560,0.346,0.035,1000.000,7.616
3.302,0.757,3.253,0.826,3.352,0.688,-1.000,0.500,0.309,0.031,1000.000,7.560,0.270,0.027,1000.000,7.616
3.304,0.758,3.254,0.827,3.354,0.690,-1.000,0.500,0.234,0.023,1000.000,7.560,0.194,0.019,1000.000,7.616
3.306,0.760,3.256,0.829,3.356,0.691,-1.000,0.500,0.158,0.016,1000.000,7.560,0.118,0.012,1000.000,7.616
3.308,0.761,3.258,0.830,3.358,0.692,-1.000,0.500,0.082,0.008,1000.000,7.560,0.042,0.004,1000.000,7.616
3.310,0.762,3.260,0.831,3.360,0.694,-1.000,0.500,0.007,0.001,1000.000,7.340,-0.034,-0.003,1000.000,7.616
3.312,0.764,3.262,0.833,3.361,0.695,-1.000,0.500,-0.067,-0.007,1000.000,7.340,-0.110,-0.011,1000.000,7.616
3.313,0.765,3.264,0.834,3.363,0.696,-1.000,0.500,-0.141,-0.014,1000.000,7.340,-0.186,-0.019,1000.000,7.616
3.315,0.766,3.265,0.835,3.365,0.698,-1.000,0.500,-0.215,-0.021,1000.000,7.340,-0.262,-0.026,1000.000,7.616
3.317,0.768,3.267,0.837,3.367,0.699,-1.000,0.500,-0.288,-0.029,1000.000,7.340,-0.338,-0.034,1000.000,7.616
3.319,0.769,3.269,0.838,3.369,0.700,-1.000,0.500,-0.362,-0.036,1000.000,7.340,-0.414,-0.041,1000.000,7.616
3.321,0.770,3.271,0.839,3.371,0.702,-1.000,0.500,-0.436,-0.044,1000.000,7.340,-0.490,-0.049,1000.000,7.616
3.323,0.772,3.273,0.840,3.372,0.703,-1.000,0.500,-0.509,-0.051,1000.000,7.340,-0.566,-0.057,1000.000,7.616
3.324,0.773,3.274,0.842,3.374,0.704,-1.000,0.500,-0.582,-0.058,1000.000,7.340,-0.642,-0.064,1000.000,7.616
3.326,0.774,3.276,0.843,3.376,0.706,-1.000,0.500,-0.656,-0.066,1000.000,7.340,-0.718,-0.072,1000.000,7.616
3.328,0.776,3.278,0.844,3.378,0.707,-1.000,0.500,-0.729,-0.073,1000.000,7.103,-0.794,-0.079,1000.000,7.616
3.330,0.777,3.280,0.846,3.380,0.708,-1.000,0.500,-0.801,-0.080,1000.000,7.103,-0.870,-0.087,1000.000,7.616
3.332,0.778,3.282,0.847,3.382,0.710,-1.000,0.500,-0.872,-0.087,1000.000,7.103,-0.946,-0.095,1000.000,7.616
3.333,0.780,3.283,0.848,3.384,0.711,-1.000,0.500,-0.944,-0.094,1000.000,7.103,-1.022,-0.102,1000.000,7.616
3.335,0.781,3.285,0.849,3.385,0.712,-1.000,0.500,-1.015,-0.102,1000.000,7.103,-1.098,-0.110,1000.000,7.616
3.337,0.782,3.287,0.851,3.387,0.714,-1.000,0.500,-1.087,-0.109,1000.000,7.103,-1.174,-0.117,1000.000,7.616
3.339,0.783,3.289,0.852,3.389,0.715,-1.000,0.500,-1.158,-0.116,1000.000,7.103,-1.250,-0.125,1000.000,7.616
3.341,0.785,3.290,0.853,3.391,0.716,-1.000,0.500,-1.229,-0.123,1000.000,7.103,-1.326,-0.133,1000.000,7.616
3.342,0.786,3.292,0.855,3.393,0.718,-1.000,0.500,-1.300,-0.130,1000.000,7.103,-1.402,-0.140,1000.000,7.616
3.344,0.787,3.294,0.856,3.395,0.719,-1.000,0.500,-1.371,-0.137,1000.000,7.103,-1.478,-0.148,1000.000,7.616
3.346,0.789,3.295,0.857,3.396,0.720,-1.000,0.500,-1.442,-0.144,1000.000,6.852,-1.554,-0.155,1000.000,7.616
3.348,0.790,3.297,0.858,3.398,0.722,-1.000,0.500,-1.512,-0.151,1000.000,6.852,-1.630,-0.163,1000.000,7.616
3.349,0.791,3.299,0.860,3.400,0.723,-1.000,0.500,-1.580,-0.158,1000.000,6.852,-1.706,-0.171,1000.000,7.616
3.351,0.793,3.301,0.861,3.402,0.724,-1.000,0.500,-1.649,-0.165,1000.000,6.852,-1.782,-0.178,1000.000,7.616
3.353,0.794,3.302,0.862,3.404,0.726,-1.000,0.500,-1.718,-0.172,1000.000,6.852,-1.858,-0.186,1000.000,7.616
3.355,0.795,3.304,0.863,3.406,0.727,-1.000,0.500,-1.787,-0.179,1000.000,6.852,-1.934,-0.193,1000.000,7.616
3.356,0.796,3.306,0.865,3.407,0.728,-1.000,0.500,-1.856,-0.186,1000.000,6.852,-2.010,-0.201,1000.000,7.616
3.358,0.798,3.307,0.866,3.409,0.730,-1.000,0.500,-1.924,-0.192,1000.000,6.852,-2.086,-0.209,1000.000,7.616
3.360,0.799,3.309,0.867,3.411,0.731,-1.000,0.500,-1.993,-0.199,1000.000,6.852,-2.162,-0.216,1000.000,7.616
3.362,0.800,3.311,0.868,3.413,0.732,-1.000,0.500,-2.062,-0.206,1000.000,6.852,-2.238,-0.224,1000.000,7.616
3.363,0.802,3.312,0.870,3.415,0.734,-1.000,0.500,-2.130,-0.213,1000.000,6.588,-2.314,-0.231,1000.000,7.616
3.365,0.803,3.314,0.871,3.417,0.735,-1.000,0.500,-2.197,-0.220,1000.000,6.588,-2.390,-0.239,1000.000,7.616
3.367,0.804,3.315,0.872,3.418,0.737,-1.000,0.500,-2.263,-0.226,1000.000,6.588,-2.466,-0.247,1000.000,7.616
3.369,0.806,3.317,0.873,3.420,0.738,-1.000,0.500,-2.329,-0.233,1000.000,6.588,-2.542,-0.254,1000.000,7.616
3.370,0.807,3.319,0.874,3.422,0.739,-1.000,0.500,-2.396,-0.240,1000.000,6.588,-2.618,-0.262,1000.000,7.616
3.372,0.808,3.320,0.876,3.424,0.741,-1.000,0.500,-2.462,-0.246,1000.000,6.588,-2.694,-0.269,1000.000,7.616
3.374,0.809,3.322,0.877,3.426,0.742,-0.993,0.498,-2.528,-0.253,1000.000,6.588,-2.770,-0.277,1000.000,7.616
3.375,0.811,3.323,0.878,3.427,0.744,-0.983,0.496,-2.594,-0.259,1000.000,6.588,-2.846,-0.285,1000.000,7.616
3.377,0.812,3.325,0.879,3.429,0.745,-0.973,0.493,-2.660,-0.266,1000.000,6.588,-2.922,-0.292,1000.000,7.616
3.379,0.813,3.327,0.880,3.431,0.746,-0.964,0.491,-2.726,-0.273,1000.000,6.588,-2.998,-0.300,1000.000,7.616
3.380,0.815,3.328,0.882,3.433,0.748,-0.954,0.488,-2.792,-0.279,1000.000,6.241,-3.074,-0.307,1000.000,7.585
3.382,0.816,3.330,0.883,3.435,0.749,-0.944,0.486,-2.855,-0.286,1000.000,6.241,3.133,0.313,1000.000,7.585
3.384,0.817,3.331,0.884,3.436,0.751,-0.934,0.483,-2.918,-0.292,1000.000,6.241,3.057,0.306,1000.000,7.585
3.385,0.819,3.333,0.885,3.438,0.752,-0.924,0.481,-2.981,-0.298,1000.000,6.241,2.982,0.298,1000.000,7.585
3.387,0.820,3.334,0.886,3.440,0.753,-0.913,0.478,-3.044,-0.304,1000.000,6.241,2.906,0.291,1000.000,7.585
3.389,0.821,3.336,0.888,3.442,0.755,-0.903,0.476,-3.106,-0.311,1000.000,6.241,2.830,0.283,1000.000,7.585
3.390,0.822,3.337,0.889,3.444,0.756,-0.893,0.473,3.114,0.311,1000.000,6.241,2.754,0.275,1000.000,7.585
3.392,0.824,3.339,0.890,3.445,0.758,-0.883,0.471,3.051,0.305,1000.000,6.241,2.679,0.268,1000.000,7.585
3.394,0.825,3.340,0.891,3.447,0.759,-0.873,0.468,2.989,0.299,1000.000,6.241,2.603,0.260,1000.000,7.585
3.395,0.826,3.342,0.892,3.449,0.760,-0.863,0.466,2.926,0.293,1000.000,6.241,2.527,0.253,1000.000,7.585
3.397,0.828,3.343,0.894,3.451,0.762,-0.853,0.463,2.864,0.286,1000.000,5.738,2.451,0.245,1000.000,7.518
3.398,0.829,3.345,0.895,3.452,0.763,-0.843,0.461,2.805,0.280,1000.000,5.738,2.376,0.238,1000.000,7.518
3.400,0.830,3.346,0.896,3.454,0.765,-0.833,0.458,2.747,0.275,1000.000,5.738,2.301,0.230,1000.000,7.518
3.402,0.832,3.347,0.897,3.456,0.766,-0.823,0.456,2.688,0.269,1000.000,5.738,2.226,0.223,1000.000,7.518
3.403,0.833,3.349,0.898,3.458,0.768,-0.813,0.453,2.631,0.263,1000.000,5.738,2.150,0.215,1000.000,7.518
3.405,0.834,3.350,0.899,3.459,0.769,-0.802,0.451,2.573,0.257,1000.000,5.738,2.075,0.208,1000.000,7.518
3.406,0.835,3.352,0.900,3.461,0.770,-0.792,0.448,2.515,0.251,1000.000,5.738,2.000,0.200,1000.000,7.518
3.408,0.837,3.353,0.901,3.463,0.772,-0.782,0.446,2.457,0.246,1000.000,5.738,1.925,0.192,1000.000,7.518
3.409,0.838,3.354,0.903,3.465,0.773,-0.772,0.443,2.400,0.240,1000.000,5.738,1.849,0.185,1000.000,7.518
3.411,0.839,3.356,0.904,3.466,0.775,-0.762,0.440,2.342,0.234,1000.000,5.738,1.774,0.177,1000.000,7.518
3.412,0.841,3.357,0.905,3.468,0.776,-0.752,0.438,2.284,0.228,1000.000,5.205,1.699,0.170,1000.000,7.469
3.414,0.842,3.358,0.906,3.470,0.778,-0.741,0.435,2.230,0.223,1000.000,5.205,1.624,0.162,1000.000,7.469
3.415,0.843,3.359,0.907,3.471,0.779,-0.731,0.433,2.177,0.218,1000.000,5.205,1.549,0.155,1000.000,7.469
3.417,0.844,3.361,0.908,3.473,0.781,-0.721,0.430,2.124,0.212,1000.000,5.205,1.475,0.147,1000.000,7.469
3.418,0.846,3.362,0.909,3.475,0.782,-0.711,0.428,2.072,0.207,1000.000,5.205,1.400,0.140,1000.000,7.469
3.420,0.847,3.363,0.910,3.477,0.784,-0.701,0.425,2.019,0.202,1000.000,5.205,1.325,0.133,1000.000,7.469
3.421,0.848,3.364,0.911,3.478,0.785,-0.691,0.423,1.966,0.197,1000.000,5.205,1.250,0.125,1000.000,7.469
3.423,0.850,3.366,0.912,3.480,0.787,-0.680,0.420,1.914,0.191,1000.000,5.205,1.176,0.118,1000.000,7.469
3.424,0.851,3.367,0.914,3.482,0.788,-0.670,0.418,1.861,0.186,1000.000,5.205,1.101,0.110,1000.000,7.469
3.426,0.852,3.368,0.915,3.483,0.790,-0.660,0.415,1.809,0.181,1000.000,5.205,1.026,0.103,1000.000,7.469
3.427,0.853,3.369,0.916,3.485,0.791,-0.650,0.413,1.757,0.176,1000.000,4.660,0.951,0.095,1000.000,7.445
3.428,0.855,3.370,0.917,3.487,0.793,-0.641,0.410,1.708,0.171,1000.000,4.660,0.877,0.088,1000.000,7.445
3.430,0.856,3.371,0.918,3.488,0.794,-0.631,0.408,1.661,0.166,1000.000,4.660,0.802,0.080,1000.000,7.445
3.431,0.857,3.373,0.919,3.490,0.796,-0.621,0.405,1.613,0.161,1000.000,4.660,0.728,0.073,1000.000,7.445
3.433,0.859,3.374,0.920,3.491,0.797,-0.611,0.403,1.566,0.157,1000.000,4.660,0.653,0.065,1000.000,7.445
3.434,0.860,3.375,0.921,3.493,0.799,-0.601,0.400,1.518,0.152,1000.000,4.660,0.579,0.058,1000.000,7.445
3.435,0.861,3.376,0.922,3.495,0.800,-0.591,0.398,1.471,0.147,1000.000,4.660,0.504,0.050,1000.000,7.445
3.437,0.862,3.377,0.923,3.496,0.802,-0.581,0.395,1.424,0.142,1000.000,4.660,0.430,0.043,1000.000,7.445
3.438,0.864,3.378,0.924,3.498,0.803,-0.571,0.393,1.377,0.138,1000.000,4.660,0.355,0.036,1000.000,7.445
3.439,0.865,3.379,0.925,3.499,0.805,-0.562,0.390,1.330,0.133,1000.000,4.660,0.281,0.028,1000.000,7.445
3.440,0.866,3.380,0.926,3.501,0.806,-0.552,0.388,1.284,0.128,1000.000,4.128,0.207,0.021,1000.000,7.453
3.442,0.867,3.381,0.927,3.503,0.808,-0.542,0.386,1.241,0.124,1000.000,4.128,0.132,0.013,1000.000,7.453
3.443,0.869,3.382,0.928,3.504,0.810,-0.533,0.383,1.199,0.120,1000.000,4.128,0.058,0.006,1000.000,7.453
3.444,0.870,3.383,0.929,3.506,0.811,-0.523,0.381,1.156,0.116,1000.000,4.128,-0.017,-0.002,1000.000,7.453
3.446,0.871,3.384,0.930,3.507,0.813,-0.514,0.378,1.114,0.111,1000.000,4.128,-0.091,-0.009,1000.000,7.453
3.447,0.873,3.385,0.931,3.509,0.814,-0.504,0.376,1.072,0.107,1000.000,4.128,-0.166,-0.017,1000.000,7.453
3.448,0.874,3.386,0.932,3.510,0.816,-0.495,0.374,1.031,0.103,1000.000,4.128,-0.240,-0.024,1000.000,7.453
3.449,0.875,3.386,0.932,3.512,0.818,-0.485,0.371,0.989,0.099,1000.000,4.128,-0.315,-0.031,1000.000,7.453
3.450,0.876,3.387,0.933,3.513,0.819,-0.476,0.369,0.947,0.095,1000.000,4.128,-0.389,-0.039,1000.000,7.453
3.452,0.878,3.388,0.934,3.515,0.821,-0.467,0.367,0.905,0.091,1000.000,4.128,-0.463,-0.046,1000.000,7.453
3.453,0.879,3.389,0.935,3.516,0.823,-0.458,0.364,0.864,0.086,1000.000,3.636,-0.538,-0.054,1000.000,7.502
3.454,0.880,3.390,0.936,3.518,0.824,-0.449,0.362,0.826,0.083,1000.000,3.636,-0.613,-0.061,1000.000,7.502
3.455,0.882,3.391,0.937,3.519,0.826,-0.440,0.360,0.789,0.079,1000.000,3.636,-0.688,-0.069,1000.000,7.502
3.456,0.883,3.391,0.938,3.521,0.828,-0.431,0.358,0.752,0.075,1000.000,3.636,-0.763,-0.076,1000.000,7.502
3.457,0.884,3.392,0.939,3.522,0.829,-0.422,0.356,0.715,0.071,1000.000,3.636,-0.838,-0.084,1000.000,7.502
3.458,0.885,3.393,0.940,3.524,0.831,-0.414,0.353,0.678,0.068,1000.000,3.636,-0.912,-0.091,1000.000,7.502
3.459,0.887,3.394,0.941,3.525,0.833,-0.405,0.351,0.641,0.064,1000.000,3.636,-0.988,-0.099,1000.000,7.502
3.461,0.888,3.394,0.941,3.527,0.835,-0.396,0.349,0.604,0.060,1000.000,3.636,-1.062,-0.106,1000.000,7.502
3.462,0.889,3.395,0.942,3.528,0.836,-0.388,0.347,0.568,0.057,1000.000,3.636,-1.138,-0.114,1000.000,7.502
3.463,0.891,3.396,0.943,3.529,0.838,-0.380,0.345,0.530,0.053,1000.000,3.636,-1.212,-0.121,1000.000,7.502
3.464,0.892,3.397,0.944,3.531,0.840,-0.371,0.343,0.494,0.049,1000.000,3.219,-1.287,-0.129,1000.000,7.602
3.465,0.893,3.397,0.945,3.532,0.841,-0.363,0.341,0.461,0.046,1000.000,3.219,-1.363,-0.136,1000.000,7.602
3.466,0.894,3.398,0.946,3.534,0.843,-0.355,0.339,0.428,0.043,1000.000,3.219,-1.439,-0.144,1000.000,7.602
3.467,0.896,3.399,0.947,3.535,0.845,-0.347,0.337,0.395,0.039,1000.000,3.219,-1.514,-0.151,1000.000,7.602
3.468,0.897,3.399,0.947,3.536,0.847,-0.339,0.335,0.362,0.036,1000.000,3.219,-1.591,-0.159,1000.000,7.602
3.469,0.898,3.400,0.948,3.538,0.849,-0.331,0.333,0.329,0.033,1000.000,3.219,-1.666,-0.167,1000.000,7.602
3.470,0.900,3.401,0.949,3.539,0.850,-0.324,0.331,0.297,0.030,1000.000,3.219,-1.743,-0.174,1000.000,7.602
3.471,0.901,3.401,0.950,3.540,0.852,-0.316,0.329,0.264,0.026,1000.000,3.219,-1.818,-0.182,1000.000,7.602
3.472,0.902,3.402,0.951,3.542,0.854,-0.309,0.327,0.232,0.023,1000.000,3.219,-1.894,-0.189,1000.000,7.602
3.473,0.904,3.402,0.951,3.543,0.856,-0.301,0.325,0.199,0.020,1000.000,3.219,-1.970,-0.197,1000.000,7.602
3.474,0.905,3.403,0.952,3.544,0.858,-0.294,0.324,0.167,0.017,1000.000,2.910,-2.046,-0.205,1000.000,7.616
3.475,0.906,3.403,0.953,3.546,0.860,-0.287,0.322,0.137,0.014,1000.000,2.910,-2.122,-0.212,1000.000,7.616
3.476,0.908,3.404,0.954,3.547,0.862,-0.280,0.320,0.107,0.011,1000.000,2.910,-2.198,-0.220,1000.000,7.616
3.476,0.909,3.405,0.955,3.548,0.864,-0.273,0.318,0.077,0.008,1000.000,2.910,-2.274,-0.227,1000.000,7.616
3.477,0.910,3.405,0.955,3.549,0.865,-0.267,0.317,0.048,0.005,1000.000,2.910,-2.350,-0.235,1000.000,7.616
3.478,0.912,3.406,0.956,3.551,0.867,-0.260,0.315,0.018,0.002,1000.000,2.910,-2.426,-0.243,1000.000,7.616
3.479,0.913,3.406,0.957,3.552,0.869,-0.254,0.313,-0.011,-0.001,1000.000,2.910,-2.503,-0.250,1000.000,7.616
3.480,0.914,3.407,0.958,3.553,0.871,-0.248,0.312,-0.041,-0.004,1000.000,2.910,-2.578,-0.258,1000.000,7.616
3.481,0.916,3.407,0.958,3.554,0.873,-0.241,0.310,-0.070,-0.007,1000.000,2.910,-2.655,-0.265,1000.000,7.616
3.482,0.917,3.408,0.959,3.556,0.875,-0.235,0.309,-0.100,-0.010,1000.000,2.910,-2.730,-0.273,1000.000,7.616
3.482,0.918,3.408,0.960,3.557,0.877,-0.230,0.307,-0.129,-0.013,1000.000,2.669,-2.807,-0.281,1000.000,7.616
3.483,0.920,3.409,0.961,3.558,0.879,-0.224,0.306,-0.157,-0.016,1000.000,2.669,-2.882,-0.288,1000.000,7.616
3.484,0.921,3.409,0.961,3.559,0.881,-0.219,0.305,-0.184,-0.018,1000.000,2.669,-2.959,-0.296,1000.000,7.616
3.485,0.923,3.410,0.962,3.560,0.883,-0.213,0.303,-0.211,-0.021,1000.000,2.669,-3.035,-0.303,1000.000,7.616
3.486,0.924,3.410,0.963,3.561,0.885,-0.208,0.302,-0.238,-0.024,1000.000,2.669,-3.111,-0.311,1000.000,7.616
3.486,0.925,3.410,0.964,3.562,0.887,-0.203,0.301,-0.265,-0.027,1000.000,2.669,3.096,0.310,1000.000,7.616
3.487,0.927,3.411,0.964,3.563,0.889,-0.198,0.300,-0.292,-0.029,1000.000,2.669,3.020,0.302,1000.000,7.616
3.488,0.928,3.411,0.965,3.564,0.891,-0.193,0.298,-0.319,-0.032,1000.000,2.669,2.944,0.294,1000.000,7.616
3.489,0.929,3.412,0.966,3.565,0.893,-0.189,0.297,-0.346,-0.035,1000.000,2.669,2.868,0.287,1000.000,7.616
3.489,0.931,3.412,0.967,3.566,0.895,-0.184,0.296,-0.373,-0.037,1000.000,2.669,2.792,0.279,1000.000,7.616
3.490,0.932,3.412,0.967,3.567,0.897,-0.180,0.295,-0.400,-0.040,1000.000,2.530,2.715,0.272,1000.000,7.616
3.491,0.934,3.413,0.968,3.568,0.899,-0.176,0.294,-0.426,-0.043,1000.000,2.530,2.640,0.264,1000.000,7.616
3.491,0.935,3.413,0.969,3.569,0.901,-0.172,0.293,-0.451,-0.045,1000.000,2.530,2.563,0.256,1000.000,7.616
3.492,0.936,3.414,0.969,3.570,0.904,-0.168,0.292,-0.477,-0.048,1000.000,2.530,2.488,0.249,1000.000,7.616
3.493,0.938,3.414,0.970,3.571,0.906,-0.165,0.291,-0.503,-0.050,1000.000,2.530,2.411,0.241,1000.000,7.616
3.493,0.939,3.414,0.971,3.572,0.908,-0.161,0.290,-0.528,-0.053,1000.000,2.530,2.335,0.234,1000.000,7.616
3.494,0.941,3.415,0.972,3.573,0.910,-0.158,0.289,-0.554,-0.055,1000.000,2.530,2.259,0.226,1000.000,7.616
3.494,0.942,3.415,0.972,3.574,0.912,-0.155,0.289,-0.579,-0.058,1000.000,2.530,2.183,0.218,1000.000,7.616
3.495,0.943,3.415,0.973,3.575,0.914,-0.152,0.288,-0.604,-0.060,1000.000,2.530,2.107,0.211,1000.000,7.616
3.496,0.945,3.416,0.974,3.576,0.916,-0.149,0.287,-0.630,-0.063,1000.000,2.530,2.031,0.203,1000.000,7.616
3.496,0.946,3.416,0.974,3.576,0.918,-0.146,0.287,-0.655,-0.066,1000.000,2.573,1.954,0.195,1000.000,7.616
3.497,0.948,3.416,0.975,3.577,0.920,-0.144,0.286,-0.681,-0.068,1000.000,2.573,1.879,0.188,1000.000,7.616
3.497,0.949,3.416,0.976,3.578,0.923,-0.141,0.285,-0.707,-0.071,1000.000,2.573,1.802,0.180,1000.000,7.616
3.498,0.951,3.417,0.977,3.579,0.925,-0.139,0.285,-0.733,-0.073,1000.000,2.573,1.727,0.173,1000.000,7.616
3.498,0.952,3.417,0.977,3.579,0.927,-0.137,0.284,-0.758,-0.076,1000.000,2.573,1.650,0.165,1000.000,7.616
3.499,0.954,3.417,0.978,3.580,0.929,-0.135,0.284,-0.784,-0.078,1000.000,2.573,1.574,0.157,1000.000,7.616
3.499,0.955,3.418,0.979,3.581,0.931,-0.134,0.283,-0.810,-0.081,1000.000,2.573,1.498,0.150,1000.000,7.616
3.500,0.956,3.418,0.979,3.582,0.933,-0.132,0.283,-0.836,-0.084,1000.000,2.573,1.422,0.142,1000.000,7.616
3.500,0.958,3.418,0.980,3.582,0.936,-0.131,0.283,-0.861,-0.086,1000.000,2.573,1.346,0.135,1000.000,7.616
3.501,0.959,3.418,0.981,3.583,0.938,-0.130,0.282,-0.887,-0.089,1000.000,2.573,1.270,0.127,1000.000,7.616
3.501,0.961,3.419,0.982,3.583,0.940,-0.129,0.282,-0.913,-0.091,1000.000,2.812,1.193,0.119,1000.000,7.616
3.501,0.962,3.419,0.982,3.584,0.942,-0.128,0.282,-0.941,-0.094,1000.000,2.812,1.118,0.112,1000.000,7.616
3.502,0.964,3.419,0.983,3.585,0.944,-0.127,0.282,-0.968,-0.097,1000.000,2.812,1.041,0.104,1000.000,7.616
3.502,0.965,3.419,0.984,3.585,0.947,-0.127,0.282,-0.996,-0.100,1000.000,2.812,0.966,0.097,1000.000,7.616
3.503,0.967,3.420,0.985,3.586,0.949,-0.127,0.282,-1.023,-0.102,1000.000,2.812,0.889,0.089,1000.000,7.616
3.503,0.968,3.420,0.986,3.586,0.951,-0.124,0.281,-1.052,-0.105,1000.000,2.812,0.813,0.081,1000.000,7.616
3.503,0.970,3.420,0.986,3.587,0.953,-0.119,0.280,-1.079,-0.108,1000.000,2.812,0.737,0.074,1000.000,7.616
3.504,0.971,3.420,0.987,3.587,0.956,-0.115,0.279,-1.108,-0.111,1000.000,2.812,0.661,0.066,1000.000,7.616
3.504,0.973,3.420,0.988,3.588,0.958,-0.111,0.278,-1.135,-0.114,1000.000,2.812,0.585,0.058,1000.000,7.616
3.504,0.974,3.421,0.989,3.588,0.960,-0.108,0.277,-1.164,-0.116,1000.000,2.812,0.509,0.051,1000.000,7.616
3.505,0.976,3.421,0.990,3.589,0.962,-0.104,0.276,-1.191,-0.119,1000.000,3.179,0.433,0.043,1000.000,7.616
3.505,0.977,3.421,0.990,3.589,0.964,-0.101,0.275,-1.223,-0.122,1000.000,3.179,0.357,0.036,1000.000,7.616
3.505,0.979,3.421,0.991,3.589,0.967,-0.097,0.274,-1.253,-0.125,1000.000,3.179,0.280,0.028,1000.000,7.616
3.506,0.981,3.421,0.992,3.590,0.969,-0.094,0.274,-1.285,-0.128,1000.000,3.179,0.205,0.020,1000.000,7.616
3.506,0.982,3.422,0.993,3.590,0.971,-0.091,0.273,-1.315,-0.132,1000.000,3.179,0.128,0.013,1000.000,7.616
3.506,0.984,3.422,0.994,3.590,0.973,-0.089,0.272,-1.347,-0.135,1000.000,3.179,0.053,0.005,1000.000,7.616
3.506,0.985,3.422,0.995,3.591,0.976,-0.086,0.272,-1.378,-0.138,1000.000,3.179,-0.024,-0.002,1000.000,7.616
3.507,0.987,3.422,0.996,3.591,0.978,-0.084,0.271,-1.410,-0.141,1000.000,3.179,-0.100,-0.010,1000.000,7.616
3.507,0.988,3.422,0.997,3.591,0.980,-0.082,0.270,-1.441,-0.144,1000.000,3.179,-0.176,-0.018,1000.000,7.616
3.507,0.990,3.422,0.998,3.592,0.983,-0.080,0.270,-1.473,-0.147,1000.000,3.179,-0.252,-0.025,1000.000,7.616
3.507,0.992,3.422,0.999,3.592,0.985,-0.078,0.269,-1.505,-0.150,1000.000,3.653,-0.328,-0.033,1000.000,7.616
3.507,0.993,3.423,0.999,3.592,0.987,-0.076,0.269,-1.541,-0.154,1000.000,3.653,-0.404,-0.040,1000.000,7.616
3.508,0.995,3.423,1.000,3.592,0.989,-0.074,0.269,-1.575,-0.158,1000.000,3.653,-0.480,-0.048,1000.000,7.616
3.508,0.996,3.423,1.001,3.593,0.992,-0.073,0.268,-1.612,-0.161,1000.000,3.653,-0.556,-0.056,1000.000,7.616
3.508,0.998,3.423,1.002,3.593,0.994,-0.072,0.268,-1.646,-0.165,1000.000,3.653,-0.632,-0.063,1000.000,7.616
3.508,1.000,3.423,1.003,3.593,0.996,-0.070,0.268,-1.683,-0.168,1000.000,3.653,-0.708,-0.071,1000.000,7.616
3.508,1.001,3.423,1.005,3.593,0.998,-0.069,0.267,-1.719,-0.172,1000.000,3.653,-0.784,-0.078,1000.000,7.616
3.508,1.003,3.423,1.006,3.593,1.001,-0.069,0.267,-1.755,-0.176,1000.000,3.653,-0.860,-0.086,1000.000,7.616
3.508,1.005,3.423,1.007,3.593,1.003,-0.068,0.267,-1.791,-0.179,1000.000,3.653,-0.936,-0.094,1000.000,7.616
3.508,1.006,3.423,1.008,3.593,1.005,-0.067,0.267,-1.827,-0.183,1000.000,3.653,-1.012,-0.101,1000.000,7.616
3.508,1.008,3.423,1.009,3.593,1.008,-0.067,0.267,-1.864,-0.186,1000.000,4.112,-1.089,-0.109,1000.000,7.616
3.508,1.010,3.423,1.010,3.594,1.010,-0.066,0.267,-1.905,-0.190,1000.000,4.112,-1.165,-0.116,1000.000,7.616
3.509,1.012,3.424,1.011,3.594,1.012,-0.066,0.267,-1.943,-0.194,1000.000,4.112,-1.241,-0.124,1000.000,7.616
3.509,1.013,3.424,1.012,3.594,1.014,-0.066,0.266,-1.984,-0.198,1000.000,4.112,-1.317,-0.132,1000.000,7.616
3.509,1.015,3.424,1.013,3.594,1.017,-0.066,0.266,-2.024,-0.202,1000.000,4.112,-1.393,-0.139,1000.000,7.616
3.509,1.017,3.424,1.014,3.594,1.019,-0.066,0.266,-2.065,-0.207,1000.000,4.112,-1.469,-0.147,1000.000,7.616
3.509,1.018,3.424,1.016,3.594,1.021,-0.066,0.267,-2.105,-0.211,1000.000,4.112,-1.545,-0.154,1000.000,7.616
3.509,1.020,3.424,1.017,3.594,1.023,-0.066,0.267,-2.146,-0.215,1000.000,4.112,-1.621,-0.162,1000.000,7.616
3.509,1.022,3.424,1.018,3.593,1.026,-0.067,0.267,-2.187,-0.219,1000.000,4.112,-1.697,-0.170,1000.000,7.616
3.509,1.024,3.424,1.019,3.593,1.028,-0.067,0.267,-2.228,-0.223,1000.000,4.112,-1.773,-0.177,1000.000,7.616
3.508,1.025,3.424,1.020,3.593,1.030,-0.068,0.267,-2.268,-0.227,1000.000,4.254,-1.849,-0.185,1000.000,7.616
3.508,1.027,3.424,1.022,3.593,1.033,-0.069,0.267,-2.311,-0.231,1000.000,4.254,-1.925,-0.193,1000.000,7.616
3.508,1.029,3.424,1.023,3.593,1.035,-0.069,0.267,-2.352,-0.235,1000.000,4.254,-2.001,-0.200,1000.000,7.616
3.508,1.031,3.423,1.024,3.593,1.037,-0.070,0.268,-2.395,-0.239,1000.000,4.254,-2.077,-0.208,1000.000,7.616
3.508,1.032,3.423,1.025,3.593,1.039,-0.071,0.268,-2.437,-0.244,1000.000,4.254,-2.153,-0.215,1000.000,7.616
3.508,1.034,3.423,1.027,3.593,1.042,-0.072,0.268,-2.479,-0.248,1000.000,4.254,-2.229,-0.223,1000.000,7.616
3.508,1.036,3.423,1.028,3.593,1.044,-0.073,0.268,-2.521,-0.252,1000.000,4.254,-2.306,-0.231,1000.000,7.616
3.508,1.038,3.423,1.029,3.592,1.046,-0.075,0.269,-2.564,-0.256,1000.000,4.254,-2.382,-0.238,1000.000,7.616
3.508,1.039,3.423,1.030,3.592,1.048,-0.076,0.269,-2.606,-0.261,1000.000,4.254,-2.458,-0.246,1000.000,7.616
3.508,1.041,3.423,1.032,3.592,1.051,-0.078,0.269,-2.649,-0.265,1000.000,4.254,-2.534,-0.253,1000.000,7.616
3.507,1.043,3.423,1.033,3.592,1.053,-0.079,0.270,-2.691,-0.269,1000.000,4.446,-2.610,-0.261,1000.000,7.616
3.507,1.045,3.423,1.034,3.592,1.055,-0.081,0.270,-2.735,-0.274,1000.000,4.446,-2.686,-0.269,1000.000,7.616
3.507,1.046,3.423,1.035,3.591,1.057,-0.083,0.271,-2.779,-0.278,1000.000,4.446,-2.762,-0.276,1000.000,7.616
3.507,1.048,3.423,1.037,3.591,1.060,-0.085,0.271,-2.823,-0.282,1000.000,4.446,-2.838,-0.284,1000.000,7.616
3.507,1.050,3.422,1.038,3.591,1.062,-0.086,0.272,-2.867,-0.287,1000.000,4.446,-2.914,-0.291,1000.000,7.616
3.506,1.052,3.422,1.039,3.590,1.064,-0.088,0.272,-2.912,-0.291,1000.000,4.446,-2.990,-0.299,1000.000,7.616
3.506,1.054,3.422,1.041,3.590,1.067,-0.091,0.273,-2.956,-0.296,1000.000,4.446,-3.066,-0.307,1000.000,7.616
3.506,1.055,3.422,1.042,3.590,1.069,-0.093,0.273,-3.000,-0.300,1000.000,4.446,3.141,0.314,1000.000,7.616
3.506,1.057,3.422,1.043,3.590,1.071,-0.095,0.274,-3.045,-0.304,1000.000,4.446,3.065,0.307,1000.000,7.616
3.505,1.059,3.422,1.045,3.589,1.073,-0.097,0.274,-3.089,-0.309,1000.000,4.446,2.989,0.299,1000.000,7.616
3.505,1.061,3.421,1.046,3.589,1.075,-0.100,0.275,-3.133,-0.313,1000.000,4.688,2.913,0.291,1000.000,7.616
3.505,1.062,3.421,1.047,3.588,1.078,-0.102,0.276,3.103,0.310,1000.000,4.688,2.837,0.284,1000.000,7.616
3.505,1.064,3.421,1.049,3.588,1.080,-0.105,0.276,3.057,0.306,1000.000,4.688,2.761,0.276,1000.000,7.616
3.504,1.066,3.421,1.050,3.588,1.082,-0.108,0.277,3.011,0.301,1000.000,4.688,2.685,0.268,1000.000,7.616
3.504,1.068,3.421,1.051,3.587,1.084,-0.111,0.278,2.964,0.296,1000.000,4.688,2.609,0.261,1000.000,7.616
3.504,1.070,3.420,1.053,3.587,1.087,-0.113,0.278,2.918,0.292,1000.000,4.688,2.533,0.253,1000.000,7.616
3.503,1.071,3.420,1.054,3.586,1.089,-0.116,0.279,2.871,0.287,1000.000,4.688,2.457,0.246,1000.000,7.616
3.503,1.073,3.420,1.055,3.586,1.091,-0.119,0.280,2.824,0.282,1000.000,4.688,2.380,0.238,1000.000,7.616
3.503,1.075,3.420,1.057,3.586,1.093,-0.122,0.281,2.777,0.278,1000.000,4.688,2.305,0.230,1000.000,7.616
3.502,1.077,3.419,1.058,3.585,1.096,-0.126,0.281,2.731,0.273,1000.000,4.688,2.228,0.223,1000.000,7.616
3.502,1.079,3.419,1.059,3.585,1.098,-0.126,0.282,2.684,0.268,1000.000,4.971,2.152,0.215,1000.000,7.616
3.501,1.080,3.419,1.061,3.584,1.100,-0.127,0.282,2.634,0.263,1000.000,4.971,2.076,0.208,1000.000,7.616
3.501,1.082,3.418,1.062,3.584,1.102,-0.128,0.282,2.586,0.259,1000.000,4.971,2.000,0.200,1000.000,7.616
3.501,1.084,3.418,1.064,3.583,1.104,-0.129,0.282,2.536,0.254,1000.000,4.971,1.924,0.192,1000.000,7.616
3.500,1.086,3.418,1.065,3.583,1.107,-0.130,0.283,2.487,0.249,1000.000,4.971,1.848,0.185,1000.000,7.616
3.500,1.088,3.418,1.066,3.582,1.109,-0.131,0.283,2.438,0.244,1000.000,4.971,1.772,0.177,1000.000,7.616
3.499,1.089,3.417,1.068,3.582,1.111,-0.132,0.283,2.388,0.239,1000.000,4.971,1.696,0.170,1000.000,7.616
3.499,1.091,3.417,1.069,3.581,1.113,-0.134,0.283,2.339,0.234,1000.000,4.971,1.620,0.162,1000.000,7.616
3.499,1.093,3.417,1.071,3.580,1.116,-0.135,0.284,2.289,0.229,1000.000,4.971,1.544,0.154,1000.000,7.616
3.498,1.095,3.416,1.072,3.580,1.118,-0.136,0.284,2.240,0.224,1000.000,4.971,1.468,0.147,1000.000,7.616
3.498,1.097,3.416,1.074,3.579,1.120,-0.138,0.284,2.190,0.219,1000.000,5.224,1.392,0.139,1000.000,7.616
3.497,1.099,3.415,1.075,3.579,1.122,-0.139,0.285,2.138,0.214,1000.000,5.224,1.316,0.132,1000.000,7.616
3.497,1.100,3.415,1.076,3.578,1.124,-0.141,0.285,2.087,0.209,1000.000,5.224,1.240,0.124,1000.000,7.616
3.496,1.102,3.415,1.078,3.578,1.126,-0.143,0.286,2.035,0.203,1000.000,5.224,1.164,0.116,1000.000,7.616
3.496,1.104,3.414,1.079,3.577,1.129,-0.145,0.286,1.983,0.198,1000.000,5.224,1.088,0.109,1000.000,7.616
3.495,1.106,3.414,1.081,3.576,1.131,-0.146,0.287,1.931,0.193,1000.000,5.224,1.012,0.101,1000.000,7.616
3.495,1.108,3.413,1.082,3.576,1.133,-0.148,0.287,1.879,0.188,1000.000,5.224,0.936,0.094,1000.000,7.616
3.494,1.109,3.413,1.084,3.575,1.135,-0.150,0.288,1.827,0.183,1000.000,5.224,0.859,0.086,1000.000,7.616
3.493,1.111,3.413,1.085,3.574,1.137,-0.152,0.288,1.775,0.178,1000.000,5.224,0.784,0.078,1000.000,7.616
3.493,1.113,3.412,1.087,3.574,1.140,-0.154,0.289,1.723,0.172,1000.000,5.224,0.707,0.071,1000.000,7.616
3.492,1.115,3.412,1.088,3.573,1.142,-0.157,0.289,1.671,0.167,1000.000,5.503,0.631,0.063,1000.000,7.616
3.492,1.117,3.411,1.090,3.572,1.144,-0.159,0.290,1.616,0.162,1000.000,5.503,0.555,0.056,1000.000,7.616
3.491,1.119,3.411,1.091,3.572,1.146,-0.161,0.290,1.562,0.156,1000.000,5.503,0.479,0.048,1000.000,7.616
3.491,1.120,3.410,1.093,3.571,1.148,-0.164,0.291,1.508,0.151,1000.000,5.503,0.403,0.040,1000.000,7.616
3.490,1.122,3.410,1.094,3.570,1.150,-0.166,0.291,1.453,0.145,1000.000,5.503,0.327,0.033,1000.000,7.616
3.489,1.124,3.409,1.096,3.569,1.152,-0.168,0.292,1.398,0.140,1000.000,5.503,0.251,0.025,1000.000,7.616
3.489,1.126,3.409,1.097,3.569,1.155,-0.171,0.293,1.344,0.134,1000.000,5.503,0.175,0.018,1000.000,7.616
3.488,1.128,3.408,1.099,3.568,1.157,-0.174,0.293,1.289,0.129,1000.000,5.503,0.099,0.010,1000.000,7.616
3.487,1.130,3.408,1.100,3.567,1.159,-0.176,0.294,1.234,0.123,1000.000,5.503,0.023,0.002,1000.000,7.616
3.487,1.131,3.407,1.102,3.566,1.161,-0.179,0.295,1.180,0.118,1000.000,5.503,-0.053,-0.005,1000.000,7.616
3.486,1.133,3.407,1.103,3.566,1.163,-0.182,0.295,1.124,0.112,1000.000,5.799,-0.129,-0.013,1000.000,7.616
3.485,1.135,3.406,1.105,3.565,1.165,-0.184,0.296,1.067,0.107,1000.000,5.799,-0.205,-0.021,1000.000,7.616
3.485,1.137,3.405,1.107,3.564,1.167,-0.187,0.297,1.010,0.101,1000.000,5.799,-0.281,-0.028,1000.000,7.616
3.484,1.139,3.405,1.108,3.563,1.170,-0.190,0.298,0.952,0.095,1000.000,5.799,-0.357,-0.036,1000.000,7.616
3.483,1.141,3.404,1.110,3.563,1.172,-0.193,0.298,0.895,0.090,1000.000,5.799,-0.433,-0.043,1000.000,7.616
3.483,1.143,3.404,1.111,3.562,1.174,-0.196,0.299,0.838,0.084,1000.000,5.799,-0.509,-0.051,1000.000,7.616
3.482,1.144,3.403,1.113,3.561,1.176,-0.199,0.300,0.780,0.078,1000.000,5.799,-0.585,-0.059,1000.000,7.616
3.481,1.146,3.402,1.114,3.560,1.178,-0.202,0.301,0.722,0.072,1000.000,5.799,-0.661,-0.066,1000.000,7.616
3.481,1.148,3.402,1.116,3.559,1.180,-0.205,0.301,0.665,0.066,1000.000,5.799,-0.737,-0.074,1000.000,7.616
3.480,1.150,3.401,1.118,3.559,1.182,-0.209,0.302,0.607,0.061,1000.000,5.799,-0.813,-0.081,1000.000,7.616
3.479,1.152,3.401,1.119,3.558,1.184,-0.212,0.303,0.549,0.055,1000.000,6.101,-0.889,-0.089,1000.000,7.616
3.478,1.154,3.400,1.121,3.557,1.187,-0.215,0.304,0.489,0.049,1000.000,6.101,-0.966,-0.097,1000.000,7.616
3.478,1.156,3.399,1.122,3.556,1.189,-0.218,0.305,0.429,0.043,1000.000,6.101,-1.041,-0.104,1000.000,7.616
3.477,1.157,3.399,1.124,3.555,1.191,-0.222,0.305,0.368,0.037,1000.000,6.101,-1.118,-0.112,1000.000,7.616
3.476,1.159,3.398,1.126,3.554,1.193,-0.225,0.306,0.308,0.031,1000.000,6.101,-1.193,-0.119,1000.000,7.616
3.475,1.161,3.397,1.127,3.553,1.195,-0.228,0.307,0.247,0.025,1000.000,6.101,-1.270,-0.127,1000.000,7.616
3.475,1.163,3.397,1.129,3.552,1.197,-0.232,0.308,0.187,0.019,1000.000,6.101,-1.346,-0.135,1000.000,7.616
3.474,1.165,3.396,1.131,3.552,1.199,-0.235,0.309,0.126,0.013,1000.000,6.101,-1.422,-0.142,1000.000,7.616
3.473,1.167,3.395,1.132,3.551,1.201,-0.239,0.310,0.065,0.007,1000.000,6.101,-1.498,-0.150,1000.000,7.616
3.472,1.169,3.395,1.134,3.550,1.203,-0.243,0.311,0.005,0.000,1000.000,6.101,-1.574,-0.157,1000.000,7.616
3.471,1.171,3.394,1.136,3.549,1.205,-0.246,0.312,-0.056,-0.006,1000.000,6.337,-1.650,-0.165,1000.000,7.616
3.471,1.172,3.393,1.137,3.548,1.207,-0.250,0.312,-0.119,-0.012,1000.000,6.337,-1.726,-0.173,1000.000,7.616
3.470,1.174,3.392,1.139,3.547,1.210,-0.253,0.313,-0.181,-0.018,1000.000,6.337,-1.802,-0.180,1000.000,7.616
3.469,1.176,3.392,1.141,3.546,1.212,-0.257,0.314,-0.244,-0.024,1000.000,6.337,-1.878,-0.188,1000.000,7.616
3.468,1.178,3.391,1.142,3.545,1.214,-0.261,0.315,-0.307,-0.031,1000.000,6.337,-1.954,-0.195,1000.000,7.616
3.467,1.180,3.390,1.144,3.544,1.216,-0.265,0.316,-0.370,-0.037,1000.000,6.337,-2.030,-0.203,1000.000,7.616
3.466,1.182,3.389,1.146,3.543,1.218,-0.268,0.317,-0.433,-0.043,1000.000,6.337,-2.106,-0.211,1000.000,7.616
3.466,1.184,3.389,1.147,3.542,1.220,-0.272,0.318,-0.496,-0.050,1000.000,6.337,-2.182,-0.218,1000.000,7.616
3.465,1.186,3.388,1.149,3.541,1.222,-0.276,0.319,-0.559,-0.056,1000.000,6.337,-2.258,-0.226,1000.000,7.616
3.464,1.187,3.387,1.151,3.541,1.224,-0.280,0.320,-0.623,-0.062,1000.000,6.337,-2.334,-0.233,1000.000,7.616
3.463,1.189,3.386,1.153,3.540,1.226,-0.284,0.321,-0.686,-0.069,1000.000,6.411,-2.410,-0.241,1000.000,7.616
3.462,1.191,3.385,1.154,3.539,1.228,-0.288,0.322,-0.749,-0.075,1000.000,6.411,-2.486,-0.249,1000.000,7.616
3.461,1.193,3.385,1.156,3.538,1.230,-0.292,0.323,-0.813,-0.081,1000.000,6.411,-2.562,-0.256,1000.000,7.616
3.460,1.195,3.384,1.158,3.537,1.232,-0.296,0.324,-0.877,-0.088,1000.000,6.411,-2.638,-0.264,1000.000,7.616
3.459,1.197,3.383,1.159,3.536,1.234,-0.300,0.325,-0.941,-0.094,1000.000,6.411,-2.714,-0.271,1000.000,7.616
3.458,1.199,3.382,1.161,3.535,1.236,-0.304,0.326,-1.005,-0.100,1000.000,6.411,-2.790,-0.279,1000.000,7.616
3.458,1.201,3.381,1.163,3.534,1.238,-0.308,0.327,-1.069,-0.107,1000.000,6.411,-2.866,-0.287,1000.000,7.616
3.457,1.202,3.381,1.165,3.533,1.240,-0.312,0.328,-1.133,-0.113,1000.000,6.411,-2.942,-0.294,1000.000,7.616
3.456,1.204,3.380,1.166,3.532,1.242,-0.316,0.329,-1.197,-0.120,1000.000,6.411,-3.018,-0.302,1000.000,7.616
3.455,1.206,3.379,1.168,3.531,1.244,-0.320,0.330,-1.261,-0.126,1000.000,6.411,-3.095,-0.309,1000.000,7.616
3.454,1.208,3.378,1.170,3.530,1.247,-0.324,0.331,-1.325,-0.132,1000.000,6.489,3.113,0.311,1000.000,7.616
3.453,1.210,3.377,1.171,3.529,1.249,-0.328,0.332,-1.389,-0.139,1000.000,6.489,3.036,0.304,1000.000,7.616
3.452,1.212,3.376,1.173,3.528,1.251,-0.333,0.333,-1.454,-0.145,1000.000,6.489,2.961,0.296,1000.000,7.616
3.451,1.214,3.376,1.175,3.527,1.253,-0.337,0.334,-1.518,-0.152,1000.000,6.489,2.884,0.288,1000.000,7.616
3.450,1.216,3.375,1.177,3.526,1.255,-0.341,0.335,-1.583,-0.158,1000.000,6.489,2.809,0.281,1000.000,7.616
3.449,1.217,3.374,1.178,3.525,1.257,-0.345,0.336,-1.648,-0.165,1000.000,6.489,2.732,0.273,1000.000,7.616
3.448,1.219,3.373,1.180,3.524,1.259,-0.350,0.337,-1.712,-0.171,1000.000,6.489,2.656,0.266,1000.000,7.616
3.447,1.221,3.372,1.182,3.523,1.261,-0.354,0.338,-1.777,-0.178,1000.000,6.489,2.580,0.258,1000.000,7.616
3.446,1.223,3.371,1.183,3.521,1.263,-0.358,0.340,-1.842,-0.184,1000.000,6.489,2.504,0.250,1000.000,7.616
3.445,1.225,3.370,1.185,3.520,1.265,-0.363,0.341,-1.907,-0.191,1000.000,6.489,2.428,0.243,1000.000,7.616
3.444,1.227,3.369,1.187,3.519,1.267,-0.367,0.342,-1.972,-0.197,1000.000,6.570,2.352,0.235,1000.000,7.616
3.443,1.229,3.368,1.189,3.518,1.269,-0.371,0.343,-2.037,-0.204,1000.000,6.570,2.276,0.228,1000.000,7.616
3.442,1.231,3.368,1.190,3.517,1.271,-0.376,0.344,-2.102,-0.210,1000.000,6.570,2.200,0.220,1000.000,7.616
3.441,1.232,3.367,1.192,3.516,1.273,-0.380,0.345,-2.168,-0.217,1000.000,6.570,2.124,0.212,1000.000,7.616
3.440,1.234,3.366,1.194,3.515,1.275,-0.385,0.346,-2.233,-0.223,1000.000,6.570,2.048,0.205,1000.000,7.616
3.439,1.236,3.365,1.195,3.514,1.277,-0.389,0.347,-2.299,-0.230,1000.000,6.570,1.972,0.197,1000.000,7.616
3.438,1.238,3.364,1.197,3.513,1.279,-0.394,0.348,-2.364,-0.236,1000.000,6.570,1.896,0.190,1000.000,7.616
3.437,1.240,3.363,1.199,3.512,1.281,-0.398,0.350,-2.430,-0.243,1000.000,6.570,1.820,0.182,1000.000,7.616
3.436,1.242,3.362,1.201,3.511,1.283,-0.403,0.351,-2.495,-0.250,1000.000,6.570,1.744,0.174,1000.000,7.616
3.435,1.244,3.361,1.202,3.510,1.285,-0.407,0.352,-2.561,-0.256,1000.000,6.570,1.668,0.167,1000.000,7.616
3.434,1.245,3.360,1.204,3.509,1.287,-0.412,0.353,-2.627,-0.263,1000.000,6.654,1.592,0.159,1000.000,7.616
3.433,1.247,3.359,1.206,3.508,1.289,-0.417,0.354,-2.693,-0.269,1000.000,6.654,1.515,0.152,1000.000,7.616
3.432,1.249,3.358,1.207,3.506,1.291,-0.421,0.355,-2.759,-0.276,1000.000,6.654,1.440,0.144,1000.000,7.616
3.431,1.251,3.357,1.209,3.505,1.293,-0.426,0.356,-2.825,-0.283,1000.000,6.654,1.363,0.136,1000.000,7.616
3.430,1.253,3.356,1.211,3.504,1.295,-0.430,0.358,-2.892,-0.289,1000.000,6.654,1.287,0.129,1000.000,7.616
3.429,1.255,3.355,1.213,3.503,1.297,-0.435,0.359,-2.958,-0.296,1000.000,6.654,1.211,0.121,1000.000,7.616
3.428,1.257,3.354,1.214,3.502,1.299,-0.440,0.360,-3.024,-0.302,1000.000,6.654,1.135,0.114,1000.000,7.616
3.427,1.258,3.354,1.216,3.501,1.301,-0.445,0.361,-3.091,-0.309,1000.000,6.654,1.059,0.106,1000.000,7.616
3.426,1.260,3.353,1.218,3.500,1.303,-0.449,0.362,3.126,0.313,1000.000,6.654,0.983,0.098,1000.000,7.616
3.425,1.262,3.352,1.220,3.499,1.305,-0.454,0.364,3.060,0.306,1000.000,6.654,0.907,0.091,1000.000,7.616
3.424,1.264,3.351,1.221,3.498,1.307,-0.459,0.365,2.993,0.299,1000.000,6.740,0.831,0.083,1000.000,7.616
3.423,1.266,3.350,1.223,3.496,1.309,-0.464,0.366,2.926,0.293,1000.000,6.740,0.755,0.075,1000.000,7.616
3.422,1.268,3.349,1.225,3.495,1.311,-0.468,0.367,2.859,0.286,1000.000,6.740,0.679,0.068,1000.000,7.616
3.421,1.269,3.348,1.226,3.494,1.313,-0.473,0.368,2.792,0.279,1000.000,6.740,0.603,0.060,1000.000,7.616
3.420,1.271,3.347,1.228,3.493,1.314,-0.478,0.370,2.725,0.272,1000.000,6.740,0.527,0.053,1000.000,7.616
3.419,1.273,3.346,1.230,3.492,1.316,-0.483,0.371,2.657,0.266,1000.000,6.740,0.451,0.045,1000.000,7.616
3.418,1.275,3.345,1.232,3.491,1.318,-0.488,0.372,2.590,0.259,1000.000,6.740,0.375,0.037,1000.000,7.616
3.417,1.277,3.344,1.233,3.490,1.320,-0.493,0.373,2.523,0.252,1000.000,6.740,0.299,0.030,1000.000,7.616
3.416,1.279,3.343,1.235,3.488,1.322,-0.498,0.374,2.456,0.246,1000.000,6.740,0.223,0.022,1000.000,7.616
3.414,1.281,3.342,1.237,3.487,1.324,-0.502,0.376,2.388,0.239,1000.000,6.740,0.147,0.015,1000.000,7.616
3.413,1.282,3.341,1.239,3.486,1.326,-0.507,0.377,2.321,0.232,1000.000,6.827,0.071,0.007,1000.000,7.616
3.412,1.284,3.339,1.240,3.485,1.328,-0.512,0.378,2.253,0.225,1000.000,6.827,-0.005,-0.001,1000.000,7.616
3.411,1.286,3.338,1.242,3.484,1.330,-0.517,0.379,2.185,0.219,1000.000,6.827,-0.081,-0.008,1000.000,7.616
3.410,1.288,3.337,1.244,3.483,1.332,-0.522,0.381,2.117,0.212,1000.000,6.827,-0.158,-0.016,1000.000,7.616
3.409,1.290,3.336,1.245,3.481,1.334,-0.527,0.382,2.049,0.205,1000.000,6.827,-0.233,-0.023,1000.000,7.616
3.408,1.292,3.335,1.247,3.480,1.336,-0.532,0.383,1.981,0.198,1000.000,6.827,-0.310,-0.031,1000.000,7.616
3.407,1.293,3.334,1.249,3.479,1.338,-0.537,0.384,1.913,0.191,1000.000,6.827,-0.386,-0.039,1000.000,7.616
3.406,1.295,3.333,1.251,3.478,1.340,-0.542,0.386,1.845,0.184,1000.000,6.827,-0.462,-0.046,1000.000,7.616
3.404,1.297,3.332,1.252,3.477,1.342,-0.548,0.387,1.777,0.178,1000.000,6.827,-0.538,-0.054,1000.000,7.616
3.403,1.299,3.331,1.254,3.476,1.344,-0.553,0.388,1.709,0.171,1000.000,6.827,-0.614,-0.061,1000.000,7.616
3.402,1.301,3.330,1.256,3.474,1.346,-0.558,0.389,1.641,0.164,1000.000,6.915,-0.690,-0.069,1000.000,7.616
3.401,1.303,3.329,1.258,3.473,1.348,-0.563,0.391,1.572,0.157,1000.000,6.915,-0.766,-0.077,1000.000,7.616
3.400,1.304,3.328,1.259,3.472,1.350,-0.568,0.392,1.503,0.150,1000.000,6.915,-0.842,-0.084,1000.000,7.616
3.399,1.306,3.327,1.261,3.471,1.351,-0.573,0.393,1.434,0.143,1000.000,6.915,-0.918,-0.092,1000.000,7.616
3.398,1.308,3.326,1.263,3.470,1.353,-0.578,0.395,1.365,0.137,1000.000,6.915,-0.994,-0.099,1000.000,7.616
3.397,1.310,3.325,1.265,3.468,1.355,-0.583,0.396,1.296,0.130,1000.000,6.915,-1.070,-0.107,1000.000,7.616
3.395,1.312,3.324,1.266,3.467,1.357,-0.588,0.397,1.227,0.123,1000.000,6.915,-1.146,-0.115,1000.000,7.616
3.394,1.314,3.323,1.268,3.466,1.359,-0.594,0.398,1.158,0.116,1000.000,6.915,-1.222,-0.122,1000.000,7.616
3.393,1.315,3.321,1.270,3.465,1.361,-0.599,0.400,1.089,0.109,1000.000,6.915,-1.298,-0.130,1000.000,7.616
3.392,1.317,3.320,1.272,3.464,1.363,-0.604,0.401,1.020,0.102,1000.000,6.915,-1.374,-0.137,1000.000,7.616
3.391,1.319,3.319,1.273,3.462,1.365,-0.609,0.402,0.951,0.095,1000.000,7.004,-1.450,-0.145,1000.000,7.616
3.390,1.321,3.318,1.275,3.461,1.367,-0.614,0.404,0.882,0.088,1000.000,7.004,-1.527,-0.153,1000.000,7.616
3.388,1.323,3.317,1.277,3.460,1.369,-0.620,0.405,0.812,0.081,1000.000,7.004,-1.602,-0.160,1000.000,7.616
3.387,1.325,3.316,1.278,3.459,1.371,-0.625,0.406,0.742,0.074,1000.000,7.004,-1.679,-0.168,1000.000,7.616
3.386,1.326,3.315,1.280,3.457,1.373,-0.630,0.408,0.672,0.067,1000.000,7.004,-1.755,-0.175,1000.000,7.616
3.385,1.328,3.314,1.282,3.456,1.375,-0.635,0.409,0.602,0.060,1000.000,7.004,-1.831,-0.183,1000.000,7.616
3.384,1.330,3.313,1.284,3.455,1.376,-0.641,0.410,0.533,0.053,1000.000,7.004,-1.907,-0.191,1000.000,7.616
3.383,1.332,3.311,1.285,3.454,1.378,-0.646,0.411,0.463,0.046,1000.000,7.004,-1.983,-0.198,1000.000,7.616
3.381,1.334,3.310,1.287,3.453,1.380,-0.651,0.413,0.393,0.039,1000.000,7.004,-2.059,-0.206,1000.000,7.616
3.380,1.336,3.309,1.289,3.451,1.382,-0.656,0.414,0.323,0.032,1000.000,7.004,-2.135,-0.213,1000.000,7.616
3.379,1.337,3.308,1.291,3.450,1.384,-0.662,0.415,0.253,0.025,1000.000,7.092,-2.211,-0.221,1000.000,7.616
3.378,1.339,3.307,1.292,3.449,1.386,-0.667,0.417,0.183,0.018,1000.000,7.092,-2.287,-0.229,1000.000,7.616
3.377,1.341,3.306,1.294,3.448,1.388,-0.672,0.418,0.112,0.011,1000.000,7.092,-2.363,-0.236,1000.000,7.616
3.375,1.343,3.305,1.296,3.446,1.390,-0.678,0.419,0.041,0.004,1000.000,7.092,-2.439,-0.244,1000.000,7.616
3.374,1.345,3.303,1.298,3.445,1.392,-0.683,0.421,-0.029,-0.003,1000.000,7.092,-2.515,-0.251,1000.000,7.616
3.373,1.347,3.302,1.299,3.444,1.394,-0.688,0.422,-0.100,-0.010,1000.000,7.092,-2.591,-0.259,1000.000,7.616
3.372,1.348,3.301,1.301,3.443,1.395,-0.694,0.423,-0.171,-0.017,1000.000,7.092,-2.667,-0.267,1000.000,7.616
3.371,1.350,3.300,1.303,3.441,1.397,-0.699,0.425,-0.241,-0.024,1000.000,7.092,-2.743,-0.274,1000.000,7.616
3.369,1.352,3.299,1.305,3.440,1.399,-0.704,0.426,-0.312,-0.031,1000.000,7.092,-2.819,-0.282,1000.000,7.616
3.368,1.354,3.298,1.307,3.439,1.401,-0.710,0.427,-0.383,-0.038,1000.000,7.092,-2.895,-0.290,1000.000,7.616
3.367,1.356,3.296,1.308,3.438,1.403,-0.715,0.429,-0.454,-0.045,1000.000,7.179,-2.971,-0.297,1000.000,7.616
3.366,1.357,3.295,1.310,3.436,1.405,-0.721,0.430,-0.525,-0.053,1000.000,7.179,-3.048,-0.305,1000.000,7.616
3.365,1.359,3.294,1.312,3.435,1.407,-0.726,0.432,-0.597,-0.060,1000.000,7.179,-3.123,-0.312,1000.000,7.616
3.363,1.361,3.293,1.314,3.434,1.409,-0.731,0.433,-0.668,-0.067,1000.000,7.179,3.084,0.308,1000.000,7.616
3.362,1.363,3.292,1.315,3.433,1.411,-0.737,0.434,-0.740,-0.074,1000.000,7.179,3.008,0.301,1000.000,7.616
3.361,1.365,3.291,1.317,3.431,1.413,-0.742,0.436,-0.811,-0.081,1000.000,7.179,2.931,0.293,1000.000,7.616
3.360,1.367,3.289,1.319,3.430,1.414,-0.748,0.437,-0.883,-0.088,1000.000,7.179,2.856,0.286,1000.000,7.616
3.358,1.368,3.288,1.321,3.429,1.416,-0.753,0.438,-0.955,-0.095,1000.000,7.179,2.779,0.278,1000.000,7.616
3.357,1.370,3.287,1.322,3.427,1.418,-0.758,0.440,-1.026,-0.103,1000.000,7.179,2.703,0.270,1000.000,7.616
3.356,1.372,3.286,1.324,3.426,1.420,-0.764,0.441,-1.098,-0.110,1000.000,7.179,2.627,0.263,1000.000,7.616
3.355,1.374,3.285,1.326,3.425,1.422,-0.769,0.442,-1.170,-0.117,1000.000,7.265,2.551,0.255,1000.000,7.616
3.354,1.376,3.283,1.328,3.424,1.424,-0.774,0.444,-1.242,-0.124,1000.000,7.265,2.475,0.248,1000.000,7.616
3.352,1.378,3.282,1.330,3.422,1.426,-0.780,0.445,-1.314,-0.131,1000.000,7.265,2.399,0.240,1000.000,7.616
3.351,1.379,3.281,1.331,3.421,1.428,-0.785,0.446,-1.387,-0.139,1000.000,7.265,2.323,0.232,1000.000,7.616
3.350,1.381,3.280,1.333,3.420,1.429,-0.791,0.448,-1.459,-0.146,1000.000,7.265,2.247,0.225,1000.000,7.616
3.349,1.383,3.279,1.335,3.419,1.431,-0.796,0.449,-1.532,-0.153,1000.000,7.265,2.171,0.217,1000.000,7.616
3.347,1.385,3.277,1.337,3.417,1.433,-0.801,0.450,-1.604,-0.160,1000.000,7.265,2.095,0.210,1000.000,7.616
3.346,1.387,3.276,1.338,3.416,1.435,-0.807,0.452,-1.677,-0.168,1000.000,7.265,2.019,0.202,1000.000,7.616
3.345,1.389,3.275,1.340,3.415,1.437,-0.812,0.453,-1.749,-0.175,1000.000,7.265,1.943,0.194,1000.000,7.616
3.344,1.390,3.274,1.342,3.413,1.439,-0.818,0.454,-1.822,-0.182,1000.000,7.265,1.867,0.187,1000.000,7.616
3.342,1.392,3.272,1.344,3.412,1.441,-0.823,0.456,-1.894,-0.189,1000.000,7.349,1.791,0.179,1000.000,7.616
3.341,1.394,3.271,1.346,3.411,1.443,-0.829,0.457,-1.968,-0.197,1000.000,7.349,1.715,0.172,1000.000,7.616
3.340,1.396,3.270,1.347,3.410,1.444,-0.834,0.458,-2.041,-0.204,1000.000,7.349,1.639,0.164,1000.000,7.616
3.338,1.398,3.269,1.349,3.408,1.446,-0.839,0.460,-2.114,-0.211,1000.000,7.349,1.563,0.156,1000.000,7.616
3.337,1.400,3.267,1.351,3.407,1.448,-0.845,0.461,-2.187,-0.219,1000.000,7.349,1.487,0.149,1000.000,7.616
3.336,1.401,3.266,1.353,3.406,1.450,-0.850,0.463,-2.261,-0.226,1000.000,7.349,1.411,0.141,1000.000,7.616
3.335,1.403,3.265,1.355,3.404,1.452,-0.856,0.464,-2.334,-0.233,1000.000,7.349,1.335,0.133,1000.000,7.616
3.333,1.405,3.264,1.356,3.403,1.454,-0.861,0.465,-2.407,-0.241,1000.000,7.349,1.259,0.126,1000.000,7.616
3.332,1.407,3.262,1.358,3.402,1.456,-0.867,0.467,-2.480,-0.248,1000.000,7.349,1.183,0.118,1000.000,7.616
3.331,1.409,3.261,1.360,3.400,1.457,-0.872,0.468,-2.554,-0.255,1000.000,7.349,1.107,0.111,1000.000,7.616
3.330,1.411,3.260,1.362,3.399,1.459,-0.878,0.469,-2.627,-0.263,1000.000,7.431,1.031,0.103,1000.000,7.616
3.328,1.412,3.259,1.364,3.398,1.461,-0.883,0.471,-2.701,-0.270,1000.000,7.431,0.955,0.095,1000.000,7.616
3.327,1.414,3.257,1.365,3.397,1.463,-0.888,0.472,-2.775,-0.278,1000.000,7.431,0.879,0.088,1000.000,7.616
3.326,1.416,3.256,1.367,3.395,1.465,-0.894,0.473,-2.849,-0.285,1000.000,7.431,0.803,0.080,1000.000,7.616
3.324,1.418,3.255,1.369,3.394,1.467,-0.899,0.475,-2.923,-0.292,1000.000,7.431,0.727,0.073,1000.000,7.616
3.323,1.420,3.254,1.371,3.393,1.469,-0.905,0.476,-2.997,-0.300,1000.000,7.431,0.650,0.065,1000.000,7.616
3.322,1.422,3.252,1.373,3.391,1.471,-0.910,0.478,-3.071,-0.307,1000.000,7.431,0.575,0.057,1000.000,7.616
3.321,1.423,3.251,1.374,3.390,1.472,-0.916,0.479,3.138,0.314,1000.000,7.431,0.498,0.050,1000.000,7.616
3.319,1.425,3.250,1.376,3.389,1.474,-0.921,0.480,3.064,0.306,1000.000,7.431,0.422,0.042,1000.000,7.616
3.318,1.427,3.249,1.378,3.387,1.476,-0.927,0.482,2.989,0.299,1000.000,7.431,0.346,0.035,1000.000,7.616
3.317,1.429,3.247,1.380,3.386,1.478,-0.932,0.483,2.915,0.292,1000.000,7.511,0.270,0.027,1000.000,7.616
3.315,1.431,3.246,1.382,3.385,1.480,-0.937,0.484,2.841,0.284,1000.000,7.511,0.194,0.019,1000.000,7.616
3.314,1.433,3.245,1.383,3.384,1.482,-0.943,0.486,2.766,0.277,1000.000,7.511,0.118,0.012,1000.000,7.616
3.313,1.434,3.244,1.385,3.382,1.484,-0.948,0.487,2.691,0.269,1000.000,7.511,0.042,0.004,1000.000,7.616
3.312,1.436,3.242,1.387,3.381,1.485,-0.954,0.488,2.616,0.262,1000.000,7.511,-0.034,-0.003,1000.000,7.616
3.310,1.438,3.241,1.389,3.380,1.487,-0.959,0.490,2.541,0.254,1000.000,7.511,-0.110,-0.011,1000.000,7.616
3.309,1.440,3.240,1.391,3.378,1.489,-0.965,0.491,2.466,0.247,1000.000,7.511,-0.186,-0.019,1000.000,7.616
3.308,1.442,3.238,1.393,3.377,1.491,-0.970,0.493,2.391,0.239,1000.000,7.511,-0.262,-0.026,1000.000,7.616
3.306,1.444,3.237,1.394,3.376,1.493,-0.976,0.494,2.316,0.232,1000.000,7.511,-0.338,-0.034,1000.000,7.616
3.305,1.445,3.236,1.396,3.374,1.495,-0.981,0.495,2.242,0.224,1000.000,7.511,-0.414,-0.041,1000.000,7.616
3.304,1.447,3.235,1.398,3.373,1.497,-0.986,0.497,2.167,0.217,1000.000,7.589,-0.490,-0.049,1000.000,7.616
3.302,1.449,3.233,1.400,3.372,1.498,-0.992,0.498,2.091,0.209,1000.000,7.589,-0.566,-0.057,1000.000,7.616
3.301,1.451,3.232,1.402,3.370,1.500,-0.997,0.499,2.015,0.202,1000.000,7.589,-0.642,-0.064,1000.000,7.616
3.300,1.453,3.231,1.403,3.369,1.502,-1.000,0.500,1.940,0.194,1000.000,7.589,-0.718,-0.072,1000.000,7.616
3.299,1.455,3.229,1.405,3.368,1.504,-1.000,0.500,1.864,0.186,1000.000,7.589,-0.794,-0.079,1000.000,7.616
3.297,1.456,3.228,1.407,3.366,1.506,-1.000,0.500,1.788,0.179,1000.000,7.589,-0.870,-0.087,1000.000,7.616
3.296,1.458,3.227,1.409,3.365,1.508,-1.000,0.500,1.713,0.171,1000.000,7.589,-0.946,-0.095,1000.000,7.616
3.295,1.460,3.225,1.411,3.364,1.509,-1.000,0.500,1.637,0.164,1000.000,7.589,-1.023,-0.102,1000.000,7.616
3.293,1.462,3.224,1.413,3.363,1.511,-1.000,0.500,1.561,0.156,1000.000,7.589,-1.098,-0.110,1000.000,7.616
3.292,1.464,3.223,1.415,3.361,1.513,-1.000,0.500,1.486,0.149,1000.000,7.589,-1.175,-0.117,1000.000,7.616
3.291,1.466,3.221,1.416,3.360,1.515,-1.000,0.500,1.410,0.141,1000.000,7.616,-1.251,-0.125,1000.000,7.616
3.289,1.468,3.220,1.418,3.359,1.517,-1.000,0.500,1.334,0.133,1000.000,7.616,-1.327,-0.133,1000.000,7.616
3.288,1.469,3.219,1.420,3.357,1.519,-1.000,0.500,1.258,0.126,1000.000,7.616,-1.403,-0.140,1000.000,7.616
3.287,1.471,3.218,1.422,3.356,1.521,-1.000,0.500,1.182,0.118,1000.000,7.616,-1.479,-0.148,1000.000,7.616
3.285,1.473,3.216,1.424,3.355,1.522,-1.000,0.500,1.106,0.111,1000.000,7.616,-1.555,-0.155,1000.000,7.616
3.284,1.475,3.215,1.426,3.353,1.524,-1.000,0.500,1.030,0.103,1000.000,7.616,-1.631,-0.163,1000.000,7.616
3.283,1.477,3.214,1.427,3.352,1.526,-1.000,0.500,0.953,0.095,1000.000,7.616,-1.707,-0.171,1000.000,7.616
3.281,1.479,3.212,1.429,3.351,1.528,-1.000,0.500,0.877,0.088,1000.000,7.616,-1.783,-0.178,1000.000,7.616
3.280,1.481,3.211,1.431,3.349,1.530,-1.000,0.500,0.801,0.080,1000.000,7.616,-1.859,-0.186,1000.000,7.616
3.279,1.482,3.210,1.433,3.348,1.532,-1.000,0.500,0.725,0.073,1000.000,7.616,-1.935,-0.193,1000.000,7.616
3.278,1.484,3.208,1.435,3.347,1.534,-1.000,0.500,0.649,0.065,1000.000,7.616,-2.011,-0.201,1000.000,7.616
3.276,1.486,3.207,1.437,3.345,1.535,-1.000,0.500,0.573,0.057,1000.000,7.616,-2.087,-0.209,1000.000,7.616
3.275,1.488,3.206,1.439,3.344,1.537,-1.000,0.500,0.497,0.050,1000.000,7.616,-2.163,-0.216,1000.000,7.616
3.274,1.490,3.204,1.440,3.343,1.539,-1.000,0.500,0.421,0.042,1000.000,7.616,-2.239,-0.224,1000.000,7.616
3.272,1.492,3.203,1.442,3.341,1.541,-1.000,0.500,0.345,0.035,1000.000,7.616,-2.315,-0.232,1000.000,7.616
3.271,1.493,3.202,1.444,3.340,1.543,-1.000,0.500,0.269,0.027,1000.000,7.616,-2.391,-0.239,1000.000,7.616
3.270,1.495,3.200,1.446,3.339,1.545,-1.000,0.500,0.193,0.019,1000.000,7.616,-2.467,-0.247,1000.000,7.616
3.268,1.497,3.199,1.448,3.338,1.547,-1.000,0.500,0.117,0.012,1000.000,7.616,-2.544,-0.254,1000.000,7.616
3.267,1.499,3.198,1.450,3.336,1.548,-1.000,0.500,0.041,0.004,1000.000,7.616,-2.620,-0.262,1000.000,7.616
3.266,1.501,3.196,1.452,3.335,1.550,-1.000,0.500,-0.035,-0.004,1000.000,7.616,-2.696,-0.270,1000.000,7.616
3.264,1.503,3.195,1.453,3.334,1.552,-1.000,0.500,-0.111,-0.011,1000.000,7.616,-2.772,-0.277,1000.000,7.616
3.263,1.505,3.194,1.455,3.332,1.554,-1.000,0.500,-0.187,-0.019,1000.000,7.616,-2.848,-0.285,1000.000,7.616
3.262,1.506,3.192,1.457,3.331,1.556,-1.000,0.500,-0.264,-0.026,1000.000,7.616,-2.924,-0.292,1000.000,7.616
3.260,1.508,3.191,1.459,3.330,1.558,-1.000,0.500,-0.340,-0.034,1000.000,7.616,-3.000,-0.300,1000.000,7.616
3.259,1.510,3.190,1.461,3.328,1.559,-1.000,0.500,-0.416,-0.042,1000.000,7.616,-3.076,-0.308,1000.000,7.616
3.258,1.512,3.189,1.463,3.327,1.561,-1.000,0.500,-0.492,-0.049,1000.000,7.616,3.131,0.313,1000.000,7.616
3.256,1.514,3.187,1.465,3.326,1.563,-1.000,0.500,-0.568,-0.057,1000.000,7.616,3.055,0.306,1000.000,7.616
3.255,1.516,3.186,1.466,3.324,1.565,-1.000,0.500,-0.644,-0.064,1000.000,7.616,2.979,0.298,1000.000,7.616
3.254,1.518,3.185,1.468,3.323,1.567,-1.000,0.500,-0.720,-0.072,1000.000,7.616,2.903,0.290,1000.000,7.616
3.253,1.519,3.183,1.470,3.322,1.569,-1.000,0.500,-0.796,-0.080,1000.000,7.616,2.827,0.283,1000.000,7.616
3.251,1.521,3.182,1.472,3.320,1.571,-1.000,0.500,-0.872,-0.087,1000.000,7.616,2.751,0.275,1000.000,7.616
3.250,1.523,3.181,1.474,3.319,1.572,-1.000,0.500,-0.948,-0.095,1000.000,7.616,2.675,0.267,1000.000,7.616
3.249,1.525,3.179,1.476,3.318,1.574,-1.000,0.500,-1.024,-0.102,1000.000,7.616,2.599,0.260,1000.000,7.616
3.247,1.527,3.178,1.478,3.316,1.576,-1.000,0.500,-1.100,-0.110,1000.000,7.616,2.523,0.252,1000.000,7.616
3.246,1.529,3.177,1.479,3.315,1.578,-1.000,0.500,-1.176,-0.118,1000.000,7.616,2.447,0.245,1000.000,7.616
3.245,1.531,3.175,1.481,3.314,1.580,-1.000,0.500,-1.252,-0.125,1000.000,7.616,2.371,0.237,1000.000,7.616
3.243,1.532,3.174,1.483,3.313,1.582,-1.000,0.500,-1.328,-0.133,1000.000,7.616,2.295,0.229,1000.000,7.616
3.242,1.534,3.173,1.485,3.311,1.584,-1.000,0.500,-1.404,-0.140,1000.000,7.616,2.218,0.222,1000.000,7.616
3.241,1.536,3.171,1.487,3.310,1.585,-1.000,0.500,-1.480,-0.148,1000.000,7.616,2.142,0.214,1000.000,7.616
3.239,1.538,3.170,1.489,3.309,1.587,-1.000,0.500,-1.556,-0.156,1000.000,7.616,2.066,0.207,1000.000,7.616
3.238,1.540,3.169,1.491,3.307,1.589,-1.000,0.500,-1.633,-0.163,1000.000,7.616,1.990,0.199,1000.000,7.616
3.237,1.542,3.167,1.492,3.306,1.591,-1.000,0.500,-1.709,-0.171,1000.000,7.616,1.914,0.191,1000.000,7.616
3.235,1.544,3.166,1.494,3.305,1.593,-1.000,0.500,-1.785,-0.178,1000.000,7.616,1.838,0.184,1000.000,7.616
3.234,1.545,3.165,1.496,3.303,1.595,-1.000,0.500,-1.861,-0.186,1000.000,7.616,1.762,0.176,1000.000,7.616
3.233,1.547,3.164,1.498,3.302,1.597,-1.000,0.500,-1.937,-0.194,1000.000,7.616,1.686,0.169,1000.000,7.616
3.231,1.549,3.162,1.500,3.301,1.598,-1.000,0.500,-2.013,-0.201,1000.000,7.616,1.610,0.161,1000.000,7.616
3.230,1.551,3.161,1.502,3.299,1.600,-1.000,0.500,-2.089,-0.209,1000.000,7.616,1.534,0.153,1000.000,7.616
3.229,1.553,3.160,1.504,3.298,1.602,-1.000,0.500,-2.165,-0.217,1000.000,7.616,1.458,0.146,1000.000,7.616
3.227,1.555,3.158,1.505,3.297,1.604,-1.000,0.500,-2.241,-0.224,1000.000,7.616,1.382,0.138,1000.000,7.616
3.226,1.557,3.157,1.507,3.295,1.606,-1.000,0.500,-2.317,-0.232,1000.000,7.616,1.306,0.131,1000.000,7.616
3.225,1.558,3.156,1.509,3.294,1.608,-1.000,0.500,-2.393,-0.239,1000.000,7.616,1.230,0.123,1000.000,7.616
3.224,1.560,3.154,1.511,3.293,1.610,-1.000,0.500,-2.469,-0.247,1000.000,7.616,1.154,0.115,1000.000,7.616
3.222,1.562,3.153,1.513,3.291,1.611,-1.000,0.500,-2.546,-0.255,1000.000,7.616,1.078,0.108,1000.000,7.616
3.221,1.564,3.152,1.515,3.290,1.613,-1.000,0.500,-2.622,-0.262,1000.000,7.616,1.002,0.100,1000.000,7.616
3.220,1.566,3.150,1.516,3.289,1.615,-1.000,0.500,-2.698,-0.270,1000.000,7.616,0.925,0.093,1000.000,7.616
3.218,1.568,3.149,1.518,3.287,1.617,-1.000,0.500,-2.774,-0.277,1000.000,7.616,0.849,0.085,1000.000,7.616
3.217,1.569,3.148,1.520,3.286,1.619,-1.000,0.500,-2.850,-0.285,1000.000,7.616,0.773,0.077,1000.000,7.616
3.216,1.571,3.146,1.522,3.285,1.621,-1.000,0.500,-2.926,-0.293,1000.000,7.616,0.697,0.070,1000.000,7.616
3.214,1.573,3.145,1.524,3.283,1.623,-1.000,0.500,-3.002,-0.300,1000.000,7.616,0.621,0.062,1000.000,7.616
3.213,1.575,3.144,1.526,3.282,1.624,-1.000,0.500,-3.078,-0.308,1000.000,7.616,0.545,0.054,1000.000,7.616
3.212,1.577,3.142,1.528,3.281,1.626,-1.000,0.500,3.130,0.313,1000.000,7.616,0.468,0.047,1000.000,7.616
3.210,1.579,3.141,1.529,3.280,1.628,-1.000,0.500,3.053,0.305,1000.000,7.616,0.392,0.039,1000.000,7.616
3.209,1.581,3.140,1.531,3.278,1.630,-1.000,0.500,2.978,0.298,1000.000,7.616,0.316,0.032,1000.000,7.616
3.208,1.582,3.138,1.533,3.277,1.632,-1.000,0.500,2.901,0.290,1000.000,7.616,0.240,0.024,1000.000,7.616
3.206,1.584,3.137,1.535,3.276,1.634,-1.000,0.500,2.826,0.283,1000.000,7.616,0.164,0.016,1000.000,7.616
3.205,1.586,3.136,1.537,3.274,1.636,-1.000,0.500,2.749,0.275,1000.000,7.616,0.088,0.009,1000.000,7.616
3.204,1.588,3.135,1.539,3.273,1.637,-1.000,0.500,2.674,0.267,1000.000,7.616,0.012,0.001,1000.000,7.616
3.202,1.590,3.133,1.540,3.272,1.639,-1.000,0.500,2.597,0.260,1000.000,7.616,-0.064,-0.006,1000.000,7.616
3.201,1.592,3.132,1.542,3.270,1.641,-1.000,0.500,2.522,0.252,1000.000,7.616,-0.140,-0.014,1000.000,7.616
3.200,1.594,3.131,1.544,3.269,1.643,-1.000,0.500,2.445,0.245,1000.000,7.616,-0.217,-0.022,1000.000,7.616
3.198,1.595,3.129,1.546,3.268,1.645,-1.000,0.500,2.370,0.237,1000.000,7.616,-0.293,-0.029,1000.000,7.616
3.197,1.597,3.128,1.548,3.266,1.647,-1.000,0.500,2.293,0.229,1000.000,7.616,-0.369,-0.037,1000.000,7.616
3.196,1.599,3.127,1.550,3.265,1.649,-1.000,0.500,2.217,0.222,1000.000,7.616,-0.445,-0.044,1000.000,7.616
3.194,1.601,3.125,1.552,3.264,1.650,-1.000,0.500,2.141,0.214,1000.000,7.616,-0.521,-0.052,1000.000,7.616
3.193,1.603,3.124,1.553,3.262,1.652,-1.000,0.500,2.065,0.207,1000.000,7.616,-0.597,-0.060,1000.000,7.616
3.192,1.605,3.123,1.555,3.261,1.654,-1.000,0.500,1.989,0.199,1000.000,7.616,-0.673,-0.067,1000.000,7.616
3.190,1.607,3.121,1.557,3.260,1.656,-1.000,0.500,1.913,0.191,1000.000,7.616,-0.750,-0.075,1000.000,7.616
3.189,1.608,3.120,1.559,3.258,1.658,-1.000,0.500,1.837,0.184,1000.000,7.616,-0.826,-0.083,1000.000,7.616
3.188,1.610,3.119,1.561,3.257,1.660,-1.000,0.500,1.761,0.176,1000.000,7.616,-0.902,-0.090,1000.000,7.616
3.187,1.612,3.117,1.563,3.256,1.662,-1.000,0.500,1.686,0.169,1000.000,7.616,-0.978,-0.098,1000.000,7.616
3.185,1.614,3.116,1.565,3.254,1.663,-1.000,0.500,1.610,0.161,1000.000,7.616,-1.054,-0.105,1000.000,7.616
3.184,1.616,3.115,1.566,3.253,1.665,-1.000,0.500,1.534,0.153,1000.000,7.616,-1.130,-0.113,1000.000,7.616
3.183,1.618,3.113,1.568,3.252,1.667,-1.000,0.500,1.458,0.146,1000.000,7.616,-1.206,-0.121,1000.000,7.616
3.181,1.620,3.112,1.570,3.250,1.669,-1.000,0.500,1.382,0.138,1000.000,7.616,-1.282,-0.128,1000.000,7.616
3.180,1.621,3.111,1.572,3.249,1.671,-1.000,0.500,1.306,0.131,1000.000,7.616,-1.359,-0.136,1000.000,7.616
3.179,1.623,3.109,1.574,3.248,1.673,-1.000,0.500,1.230,0.123,1000.000,7.616,-1.435,-0.143,1000.000,7.616
3.177,1.625,3.108,1.576,3.246,1.675,-1.000,0.500,1.154,0.115,1000.000,7.616,-1.511,-0.151,1000.000,7.616
3.176,1.627,3.107,1.577,3.245,1.676,-1.000,0.500,1.078,0.108,1000.000,7.616,-1.587,-0.159,1000.000,7.616
3.175,1.629,3.105,1.579,3.244,1.678,-1.000,0.500,1.002,0.100,1000.000,7.616,-1.664,-0.166,1000.000,7.616
3.173,1.631,3.104,1.581,3.242,1.680,-1.000,0.500,0.926,0.093,1000.000,7.616,-1.740,-0.174,1000.000,7.616
3.172,1.632,3.103,1.583,3.241,1.682,-1.000,0.500,0.849,0.085,1000.000,7.616,-1.816,-0.182,1000.000,7.616
3.171,1.634,3.101,1.585,3.240,1.684,-1.000,0.500,0.774,0.077,1000.000,7.616,-1.892,-0.189,1000.000,7.616
3.169,1.636,3.100,1.587,3.238,1.686,-1.000,0.500,0.697,0.070,1000.000,7.616,-1.968,-0.197,1000.000,7.616
3.168,1.638,3.099,1.589,3.237,1.688,-1.000,0.500,0.622,0.062,1000.000,7.616,-2.044,-0.204,1000.000,7.616
3.167,1.640,3.098,1.590,3.236,1.689,-1.000,0.500,0.545,0.055,1000.000,7.616,-2.120,-0.212,1000.000,7.616
3.165,1.642,3.096,1.592,3.234,1.691,-1.000,0.500,0.470,0.047,1000.000,7.616,-2.196,-0.220,1000.000,7.616
3.164,1.644,3.095,1.594,3.233,1.693,-1.000,0.500,0.394,0.039,1000.000,7.616,-2.272,-0.227,1000.000,7.616
3.163,1.645,3.094,1.596,3.232,1.695,-1.000,0.500,0.318,0.032,1000.000,7.616,-2.349,-0.235,1000.000,7.616
3.161,1.647,3.092,1.598,3.230,1.697,-1.000,0.500,0.242,0.024,1000.000,7.616,-2.425,-0.242,1000.000,7.616
3.160,1.649,3.091,1.600,3.229,1.699,-1.000,0.500,0.165,0.017,1000.000,7.616,-2.501,-0.250,1000.000,7.616
3.159,1.651,3.090,1.601,3.228,1.700,-1.000,0.500,0.089,0.009,1000.000,7.616,-2.577,-0.258,1000.000,7.616
3.157,1.653,3.088,1.603,3.226,1.702,-1.000,0.500,0.013,0.001,1000.000,7.616,-2.653,-0.265,1000.000,7.616
3.156,1.655,3.087,1.605,3.225,1.704,-1.000,0.500,-0.063,-0.006,1000.000,7.616,-2.729,-0.273,1000.000,7.616
3.155,1.657,3.086,1.607,3.224,1.706,-1.000,0.500,-0.139,-0.014,1000.000,7.616,-2.805,-0.281,1000.000,7.616
3.153,1.658,3.084,1.609,3.222,1.708,-1.000,0.500,-0.215,-0.022,1000.000,7.616,-2.881,-0.288,1000.000,7.616
3.152,1.660,3.083,1.611,3.221,1.710,-1.000,0.500,-0.291,-0.029,1000.000,7.616,-2.957,-0.296,1000.000,7.616
3.151,1.662,3.082,1.613,3.220,1.712,-1.000,0.500,-0.367,-0.037,1000.000,7.616,-3.033,-0.303,1000.000,7.616
3.149,1.664,3.080,1.614,3.218,1.713,-1.000,0.500,-0.443,-0.044,1000.000,7.616,-3.109,-0.311,1000.000,7.616
3.148,1.666,3.079,1.616,3.217,1.715,-1.000,0.500,-0.519,-0.052,1000.000,7.616,3.098,0.310,1000.000,7.616
3.147,1.668,3.078,1.618,3.216,1.717,-1.000,0.500,-0.595,-0.060,1000.000,7.616,3.022,0.302,1000.000,7.616
3.145,1.669,3.076,1.620,3.215,1.719,-1.000,0.500,-0.672,-0.067,1000.000,7.616,2.946,0.295,1000.000,7.616
3.144,1.671,3.075,1.622,3.213,1.721,-1.000,0.500,-0.748,-0.075,1000.000,7.616,2.870,0.287,1000.000,7.616
3.143,1.673,3.074,1.624,3.212,1.723,-1.000,0.500,-0.824,-0.082,1000.000,7.616,2.794,0.279,1000.000,7.616
3.141,1.675,3.072,1.626,3.211,1.725,-1.000,0.500,-0.900,-0.090,1000.000,7.616,2.718,0.272,1000.000,7.616
3.140,1.677,3.071,1.627,3.209,1.726,-1.000,0.500,-0.976,-0.098,1000.000,7.616,2.642,0.264,1000.000,7.616
3.139,1.679,3.070,1.629,3.208,1.728,-1.000,0.500,-1.052,-0.105,1000.000,7.616,2.565,0.257,1000.000,7.616
3.138,1.681,3.068,1.631,3.207,1.730,-1.000,0.500,-1.128,-0.113,1000.000,7.616,2.489,0.249,1000.000,7.616
3.136,1.682,3.067,1.633,3.205,1.732,-1.000,0.500,-1.204,-0.120,1000.000,7.616,2.413,0.241,1000.000,7.616
3.135,1.684,3.066,1.635,3.204,1.734,-1.000,0.500,-1.280,-0.128,1000.000,7.616,2.337,0.234,1000.000,7.616
3.134,1.686,3.064,1.637,3.203,1.736,-1.000,0.500,-1.356,-0.136,1000.000,7.616,2.261,0.226,1000.000,7.616
3.132,1.688,3.063,1.639,3.201,1.737,-1.000,0.500,-1.433,-0.143,1000.000,7.616,2.185,0.219,1000.000,7.616
3.131,1.690,3.062,1.640,3.200,1.739,-1.000,0.500,-1.509,-0.151,1000.000,7.616,2.109,0.211,1000.000,7.616
3.130,1.692,3.060,1.642,3.199,1.741,-1.000,0.500,-1.585,-0.158,1000.000,7.616,2.033,0.203,1000.000,7.616
3.128,1.694,3.059,1.644,3.197,1.743,-1.000,0.500,-1.661,-0.166,1000.000,7.616,1.957,0.196,1000.000,7.616
3.127,1.695,3.058,1.646,3.196,1.745,-1.000,0.500,-1.737,-0.174,1000.000,7.616,1.881,0.188,1000.000,7.616
3.126,1.697,3.056,1.648,3.195,1.747,-1.000,0.500,-1.813,-0.181,1000.000,7.616,1.805,0.180,1000.000,7.616
3.124,1.699,3.055,1.650,3.193,1.749,-1.000,0.500,-1.889,-0.189,1000.000,7.616,1.729,0.173,1000.000,7.616
3.123,1.701,3.054,1.651,3.192,1.750,-1.000,0.500,-1.965,-0.196,1000.000,7.616,1.653,0.165,1000.000,7.616
3.122,1.703,3.053,1.653,3.191,1.752,-1.000,0.500,-2.041,-0.204,1000.000,7.616,1.577,0.158,1000.000,7.616
3.120,1.705,3.051,1.655,3.189,1.754,-1.000,0.500,-2.117,-0.212,1000.000,7.616,1.500,0.150,1000.000,7.616
3.119,1.707,3.050,1.657,3.188,1.756,-1.000,0.500,-2.193,-0.219,1000.000,7.616,1.424,0.142,1000.000,7.616
3.118,1.708,3.049,1.659,3.187,1.758,-1.000,0.500,-2.269,-0.227,1000.000,7.616,1.348,0.135,1000.000,7.616
3.116,1.710,3.047,1.661,3.185,1.760,-1.000,0.500,-2.345,-0.235,1000.000,7.616,1.272,0.127,1000.000,7.616
3.115,1.712,3.046,1.663,3.184,1.762,-1.000,0.500,-2.421,-0.242,1000.000,7.616,1.196,0.120,1000.000,7.616
3.114,1.714,3.045,1.664,3.183,1.763,-1.000,0.500,-2.498,-0.250,1000.000,7.616,1.120,0.112,1000.000,7.616
3.112,1.716,3.043,1.666,3.182,1.765,-1.000,0.500,-2.574,-0.257,1000.000,7.616,1.044,0.104,1000.000,7.616
3.111,1.718,3.042,1.668,3.180,1.767,-1.000,0.500,-2.650,-0.265,1000.000,7.616,0.968,0.097,1000.000,7.616
3.110,1.719,3.041,1.670,3.179,1.769,-1.000,0.500,-2.726,-0.273,1000.000,7.616,0.892,0.089,1000.000,7.616
3.108,1.721,3.039,1.672,3.178,1.771,-1.000,0.500,-2.802,-0.280,1000.000,7.616,0.816,0.082,1000.000,7.616
3.107,1.723,3.038,1.674,3.176,1.773,-1.000,0.500,-2.878,-0.288,1000.000,7.616,0.740,0.074,1000.000,7.616
3.106,1.725,3.037,1.676,3.175,1.775,-1.000,0.500,-2.954,-0.295,1000.000,7.616,0.664,0.066,1000.000,7.616
3.104,1.727,3.035,1.677,3.174,1.776,-1.000,0.500,-3.030,-0.303,1000.000,7.616,0.588,0.059,1000.000,7.616
3.103,1.729,3.034,1.679,3.172,1.778,-1.000,0.500,-3.106,-0.311,1000.000,7.616,0.512,0.051,1000.000,7.616
3.102,1.731,3.033,1.681,3.171,1.780,-1.000,0.500,3.101,0.310,1000.000,7.616,0.436,0.044,1000.000,7.616
3.100,1.732,3.031,1.683,3.170,1.782,-1.000,0.500,3.025,0.302,1000.000,7.616,0.360,0.036,1000.000,7.616
3.099,1.734,3.030,1.685,3.168,1.784,-1.000,0.500,2.949,0.295,1000.000,7.616,0.283,0.028,1000.000,7.616
3.098,1.736,3.029,1.687,3.167,1.786,-1.000,0.500,2.873,0.287,1000.000,7.616,0.207,0.021,1000.000,7.616
3.097,1.738,3.027,1.689,3.166,1.787,-1.000,0.500,2.796,0.280,1000.000,7.616,0.131,0.013,1000.000,7.616
3.095,1.740,3.026,1.690,3.164,1.789,-1.000,0.500,2.720,0.272,1000.000,7.616,0.055,0.006,1000.000,7.616
3.094,1.742,3.025,1.692,3.163,1.791,-1.000,0.500,2.644,0.264,1000.000,7.616,-0.021,-0.002,1000.000,7.616
3.093,1.744,3.023,1.694,3.162,1.793,-1.000,0.500,2.568,0.257,1000.000,7.616,-0.097,-0.010,1000.000,7.616
3.091,1.745,3.022,1.696,3.160,1.795,-1.000,0.500,2.492,0.249,1000.000,7.616,-0.173,-0.017,1000.000,7.616
3.090,1.747,3.021,1.698,3.159,1.797,-1.000,0.500,2.416,0.242,1000.000,7.616,-0.249,-0.025,1000.000,7.616
3.089,1.749,3.019,1.700,3.158,1.799,-1.000,0.500,2.340,0.234,1000.000,7.616,-0.325,-0.033,1000.000,7.616
3.087,1.751,3.018,1.701,3.156,1.800,-1.000,0.500,2.264,0.226,1000.000,7.616,-0.401,-0.040,1000.000,7.616
3.086,1.753,3.017,1.703,3.155,1.802,-1.000,0.500,2.188,0.219,1000.000,7.616,-0.477,-0.048,1000.000,7.616
3.085,1.755,3.016,1.705,3.154,1.804,-1.000,0.500,2.112,0.211,1000.000,7.616,-0.553,-0.055,1000.000,7.616
3.083,1.757,3.014,1.707,3.152,1.806,-1.000,0.500,2.036,0.204,1000.000,7.616,-0.630,-0.063,1000.000,7.616
3.082,1.758,3.013,1.709,3.151,1.808,-1.000,0.500,1.960,0.196,1000.000,7.616,-0.706,-0.071,1000.000,7.616
3.081,1.760,3.012,1.711,3.150,1.810,-1.000,0.500,1.884,0.188,1000.000,7.616,-0.782,-0.078,1000.000,7.616
3.079,1.762,3.010,1.713,3.148,1.812,-1.000,0.500,1.808,0.181,1000.000,7.616,-0.858,-0.086,1000.000,7.616
3.078,1.764,3.009,1.714,3.147,1.813,-1.000,0.500,1.732,0.173,1000.000,7.616,-0.934,-0.093,1000.000,7.616
3.077,1.766,3.008,1.716,3.146,1.815,-1.000,0.500,1.656,0.166,1000.000,7.616,-1.010,-0.101,1000.000,7.616
3.075,1.768,3.006,1.718,3.144,1.817,-1.000,0.500,1.580,0.158,1000.000,7.616,-1.086,-0.109,1000.000,7.616
3.074,1.769,3.005,1.720,3.143,1.819,-1.000,0.500,1.504,0.150,1000.000,7.616,-1.162,-0.116,1000.000,7.616
3.073,1.771,3.004,1.722,3.142,1.821,-1.000,0.500,1.428,0.143,1000.000,7.616,-1.238,-0.124,1000.000,7.616
3.071,1.773,3.002,1.724,3.140,1.823,-1.000,0.500,1.352,0.135,1000.000,7.616,-1.315,-0.131,1000.000,7.616
3.070,1.775,3.001,1.726,3.139,1.825,-1.000,0.500,1.275,0.128,1000.000,7.616,-1.391,-0.139,1000.000,7.616
3.069,1.777,3.000,1.727,3.138,1.826,-1.000,0.500,1.200,0.120,1000.000,7.616,-1.467,-0.147,1000.000,7.616
3.067,1.779,2.998,1.729,3.136,1.828,-1.000,0.500,1.123,0.112,1000.000,7.616,-1.543,-0.154,1000.000,7.616
3.066,1.781,2.997,1.731,3.135,1.830,-1.000,0.500,1.047,0.105,1000.000,7.616,-1.619,-0.162,1000.000,7.616
3.065,1.782,2.996,1.733,3.134,1.832,-1.000,0.500,0.971,0.097,1000.000,7.616,-1.695,-0.170,1000.000,7.616
3.063,1.784,2.994,1.735,3.132,1.834,-1.000,0.500,0.895,0.090,1000.000,7.616,-1.772,-0.177,1000.000,7.616
3.062,1.786,2.993,1.737,3.131,1.836,-1.000,0.500,0.820,0.082,1000.000,7.616,-1.848,-0.185,1000.000,7.616
3.061,1.788,2.992,1.738,3.130,1.838,-1.000,0.500,0.743,0.074,1000.000,7.616,-1.924,-0.192,1000.000,7.616
3.059,1.790,2.990,1.740,3.129,1.839,-1.000,0.500,0.667,0.067,1000.000,7.616,-2.000,-0.200,1000.000,7.616
3.058,1.792,2.989,1.742,3.127,1.841,-1.000,0.500,0.591,0.059,1000.000,7.616,-2.076,-0.208,1000.000,7.616
3.057,1.794,2.988,1.744,3.126,1.843,-1.000,0.500,0.515,0.052,1000.000,7.616,-2.152,-0.215,1000.000,7.616
3.055,1.795,2.986,1.746,3.125,1.845,-1.000,0.500,0.439,0.044,1000.000,7.616,-2.228,-0.223,1000.000,7.616
3.054,1.797,2.985,1.748,3.123,1.847,-1.000,0.500,0.363,0.036,1000.000,7.616,-2.304,-0.230,1000.000,7.616
3.053,1.799,2.984,1.750,3.122,1.849,-1.000,0.500,0.287,0.029,1000.000,7.616,-2.380,-0.238,1000.000,7.616
3.051,1.801,2.982,1.751,3.121,1.851,-1.000,0.500,0.211,0.021,1000.000,7.616,-2.456,-0.246,1000.000,7.616
3.050,1.803,2.981,1.753,3.119,1.852,-1.000,0.500,0.135,0.014,1000.000,7.616,-2.533,-0.253,1000.000,7.616
3.049,1.805,2.980,1.755,3.118,1.854,-1.000,0.500,0.059,0.006,1000.000,7.616,-2.609,-0.261,1000.000,7.616
3.048,1.806,2.978,1.757,3.117,1.856,-1.000,0.500,-0.017,-0.002,1000.000,7.616,-2.685,-0.268,1000.000,7.616
3.046,1.808,2.977,1.759,3.115,1.858,-1.000,0.500,-0.093,-0.009,1000.000,7.616,-2.761,-0.276,1000.000,7.616
3.045,1.810,2.976,1.761,3.114,1.860,-1.000,0.500,-0.169,-0.017,1000.000,7.616,-2.837,-0.284,1000.000,7.616
3.044,1.812,2.974,1.762,3.113,1.862,-1.000,0.500,-0.245,-0.025,1000.000,7.616,-2.913,-0.291,1000.000,7.616
3.042,1.814,2.973,1.764,3.111,1.863,-1.000,0.500,-0.321,-0.032,1000.000,7.616,-2.989,-0.299,1000.000,7.616
3.041,1.816,2.972,1.766,3.110,1.865,-1.000,0.500,-0.397,-0.040,1000.000,7.616,-3.065,-0.307,1000.000,7.616
3.040,1.818,2.971,1.768,3.109,1.867,-1.000,0.500,-0.473,-0.047,1000.000,7.616,-3.141,-0.314,1000.000,7.616
3.038,1.819,2.969,1.770,3.107,1.869,-1.000,0.500,-0.549,-0.055,1000.000,7.616,3.066,0.307,1000.000,7.616
3.037,1.821,2.968,1.772,3.106,1.871,-1.000,0.500,-0.625,-0.063,1000.000,7.616,2.989,0.299,1000.000,7.616
3.036,1.823,2.967,1.774,3.105,1.873,-1.000,0.500,-0.701,-0.070,1000.000,7.616,2.913,0.291,1000.000,7.616
3.034,1.825,2.965,1.775,3.103,1.875,-1.000,0.500,-0.777,-0.078,1000.000,7.616,2.837,0.284,1000.000,7.616
3.033,1.827,2.964,1.777,3.102,1.876,-1.000,0.500,-0.853,-0.085,1000.000,7.616,2.761,0.276,1000.000,7.616
3.032,1.829,2.963,1.779,3.101,1.878,-1.000,0.500,-0.930,-0.093,1000.000,7.616,2.685,0.269,1000.000,7.616
3.030,1.831,2.961,1.781,3.099,1.880,-1.000,0.500,-1.005,-0.101,1000.000,7.616,2.609,0.261,1000.000,7.616
3.029,1.832,2.960,1.783,3.098,1.882,-1.000,0.500,-1.082,-0.108,1000.000,7.616,2.533,0.253,1000.000,7.616
3.028,1.834,2.959,1.785,3.097,1.884,-1.000,0.500,-1.158,-0.116,1000.000,7.616,2.457,0.246,1000.000,7.616
3.026,1.836,2.957,1.786,3.095,1.886,-1.000,0.500,-1.234,-0.123,1000.000,7.616,2.381,0.238,1000.000,7.616
3.025,1.838,2.956,1.788,3.094,1.888,-1.000,0.500,-1.310,-0.131,1000.000,7.616,2.305,0.230,1000.000,7.616
3.024,1.840,2.955,1.790,3.093,1.889,-1.000,0.500,-1.386,-0.139,1000.000,7.616,2.229,0.223,1000.000,7.616
3.022,1.842,2.953,1.792,3.091,1.891,-1.000,0.500,-1.462,-0.146,1000.000,7.616,2.153,0.215,1000.000,7.616
3.021,1.843,2.952,1.794,3.090,1.893,-1.000,0.500,-1.538,-0.154,1000.000,7.616,2.076,0.208,1000.000,7.616
3.020,1.845,2.951,1.796,3.089,1.895,-1.000,0.500,-1.614,-0.161,1000.000,7.616,2.000,0.200,1000.000,7.616
3.018,1.847,2.949,1.798,3.087,1.897,-1.000,0.500,-1.690,-0.169,1000.000,7.616,1.924,0.192,1000.000,7.616
3.017,1.849,2.948,1.799,3.086,1.899,-1.000,0.500,-1.766,-0.177,1000.000,7.616,1.848,0.185,1000.000,7.616
3.016,1.851,2.947,1.801,3.085,1.901,-1.000,0.500,-1.842,-0.184,1000.000,7.616,1.772,0.177,1000.000,7.616
3.014,1.853,2.945,1.803,3.083,1.902,-1.000,0.500,-1.918,-0.192,1000.000,7.616,1.696,0.170,1000.000,7.616
3.013,1.855,2.944,1.805,3.082,1.904,-1.000,0.500,-1.994,-0.199,1000.000,7.616,1.620,0.162,1000.000,7.616
3.012,1.856,2.943,1.807,3.081,1.906,-1.000,0.500,-2.070,-0.207,1000.000,7.616,1.544,0.154,1000.000,7.616
3.010,1.858,2.941,1.809,3.079,1.908,-1.000,0.500,-2.146,-0.215,1000.000,7.616,1.468,0.147,1000.000,7.616
3.009,1.860,2.940,1.810,3.078,1.910,-1.000,0.500,-2.223,-0.222,1000.000,7.616,1.392,0.139,1000.000,7.616
3.008,1.862,2.939,1.812,3.077,1.912,-1.000,0.500,-2.299,-0.230,1000.000,7.616,1.315,0.132,1000.000,7.616
3.006,1.864,2.937,1.814,3.075,1.913,-1.000,0.500,-2.375,-0.237,1000.000,7.616,1.239,0.124,1000.000,7.616
3.005,1.866,2.936,1.816,3.074,1.915,-1.000,0.500,-2.451,-0.245,1000.000,7.616,1.163,0.116,1000.000,7.616
3.004,1.868,2.935,1.818,3.073,1.917,-1.000,0.500,-2.527,-0.253,1000.000,7.616,1.087,0.109,1000.000,7.616
3.002,1.869,2.933,1.820,3.071,1.919,-1.000,0.500,-2.603,-0.260,1000.000,7.616,1.011,0.101,1000.000,7.616
3.001,1.871,2.932,1.822,3.070,1.921,-1.000,0.500,-2.679,-0.268,1000.000,7.616,0.935,0.093,1000.000,7.616
3.000,1.873,2.931,1.823,3.069,1.923,-1.000,0.500,-2.755,-0.276,1000.000,7.616,0.859,0.086,1000.000,7.616
2.998,1.875,2.929,1.825,3.067,1.925,-1.000,0.500,-2.831,-0.283,1000.000,7.616,0.783,0.078,1000.000,7.616
2.997,1.877,2.928,1.827,3.066,1.926,-1.000,0.500,-2.908,-0.291,1000.000,7.616,0.707,0.071,1000.000,7.616
2.996,1.879,2.927,1.829,3.065,1.928,-1.000,0.500,-2.984,-0.298,1000.000,7.616,0.631,0.063,1000.000,7.616
2.994,1.880,2.925,1.831,3.063,1.930,-1.000,0.500,-3.060,-0.306,1000.000,7.616,0.554,0.055,1000.000,7.616
2.993,1.882,2.924,1.833,3.062,1.932,-1.000,0.500,-3.136,-0.314,1000.000,7.616,0.478,0.048,1000.000,7.616
2.992,1.884,2.923,1.835,3.061,1.934,-1.000,0.500,3.071,0.307,1000.000,7.616,0.402,0.040,1000.000,7.616
2.990,1.886,2.921,1.836,3.059,1.936,-1.000,0.500,2.995,0.300,1000.000,7.616,0.326,0.033,1000.000,7.616
2.989,1.888,2.920,1.838,3.058,1.937,-1.000,0.500,2.919,0.292,1000.000,7.616,0.250,0.025,1000.000,7.616
2.988,1.890,2.919,1.840,3.057,1.939,-1.000,0.500,2.843,0.284,1000.000,7.616,0.174,0.017,1000.000,7.616
2.986,1.892,2.917,1.842,3.055,1.941,-1.000,0.500,2.767,0.277,1000.000,7.616,0.098,0.010,1000.000,7.616
2.985,1.893,2.916,1.844,3.054,1.943,-1.000,0.500,2.691,0.269,1000.000,7.616,0.022,0.002,1000.000,7.616
2.984,1.895,2.915,1.846,3.053,1.945,-1.000,0.500,2.615,0.261,1000.000,7.616,-0.054,-0.005,1000.000,7.616
2.982,1.897,2.913,1.847,3.051,1.947,-1.000,0.500,2.539,0.254,1000.000,7.616,-0.130,-0.013,1000.000,7.616
2.981,1.899,2.912,1.849,3.050,1.949,-1.000,0.500,2.463,0.246,1000.000,7.616,-0.206,-0.021,1000.000,7.616
2.980,1.901,2.911,1.851,3.049,1.950,-1.000,0.500,2.387,0.239,1000.000,7.616,-0.282,-0.028,1000.000,7.616
2.978,1.903,2.909,1.853,3.047,1.952,-1.000,0.500,2.311,0.231,1000.000,7.616,-0.358,-0.036,1000.000,7.616
2.977,1.905,2.908,1.855,3.046,1.954,-1.000,0.500,2.235,0.223,1000.000,7.616,-0.434,-0.043,1000.000,7.616
2.976,1.906,2.907,1.857,3.045,1.956,-1.000,0.500,2.159,0.216,1000.000,7.616,-0.511,-0.051,1000.000,7.616
2.975,1.908,2.905,1.859,3.044,1.958,-1.000,0.500,2.082,0.208,1000.000,7.616,-0.587,-0.059,1000.000,7.616
2.973,1.910,2.904,1.860,3.042,1.960,-1.000,0.500,2.006,0.201,1000.000,7.616,-0.663,-0.066,1000.000,7.616
2.972,1.912,2.903,1.862,3.041,1.962,-1.000,0.500,1.930,0.193,1000.000,7.616,-0.739,-0.074,1000.000,7.616
2.971,1.914,2.902,1.864,3.040,1.963,-1.000,0.500,1.854,0.185,1000.000,7.616,-0.815,-0.081,1000.000,7.616
2.969,1.916,2.900,1.866,3.038,1.965,-1.000,0.500,1.778,0.178,1000.000,7.616,-0.891,-0.089,1000.000,7.616
2.968,1.917,2.899,1.868,3.037,1.967,-1.000,0.500,1.702,0.170,1000.000,7.616,-0.967,-0.097,1000.000,7.616
2.967,1.919,2.898,1.870,3.036,1.969,-1.000,0.500,1.626,0.163,1000.000,7.616,-1.043,-0.104,1000.000,7.616
2.965,1.921,2.896,1.872,3.034,1.971,-1.000,0.500,1.550,0.155,1000.000,7.616,-1.119,-0.112,1000.000,7.616
2.964,1.923,2.895,1.873,3.033,1.973,-1.000,0.500,1.474,0.147,1000.000,7.616,-1.195,-0.120,1000.000,7.616
2.963,1.925,2.894,1.875,3.032,1.974,-1.000,0.500,1.398,0.140,1000.000,7.616,-1.271,-0.127,1000.000,7.616
2.961,1.927,2.892,1.877,3.030,1.976,-1.000,0.500,1.322,0.132,1000.000,7.616,-1.347,-0.135,1000.000,7.616
2.960,1.929,2.891,1.879,3.029,1.978,-1.000,0.500,1.246,0.125,1000.000,7.616,-1.424,-0.142,1000.000,7.616
2.959,1.930,2.890,1.881,3.028,1.980,-1.000,0.500,1.170,0.117,1000.000,7.616,-1.500,-0.150,1000.000,7.616
2.957,1.932,2.888,1.883,3.026,1.982,-1.000,0.500,1.093,0.109,1000.000,7.616,-1.576,-0.158,1000.000,7.616
2.956,1.934,2.887,1.884,3.025,1.984,-1.000,0.500,1.018,0.102,1000.000,7.616,-1.652,-0.165,1000.000,7.616
2.955,1.936,2.886,1.886,3.024,1.986,-1.000,0.500,0.941,0.094,1000.000,7.616,-1.728,-0.173,1000.000,7.616
2.953,1.938,2.884,1.888,3.022,1.987,-1.000,0.500,0.865,0.087,1000.000,7.616,-1.804,-0.180,1000.000,7.616
2.952,1.940,2.883,1.890,3.021,1.989,-1.000,0.500,0.789,0.079,1000.000,7.616,-1.880,-0.188,1000.000,7.616
2.951,1.941,2.882,1.892,3.020,1.991,-1.000,0.500,0.713,0.071,1000.000,7.616,-1.956,-0.196,1000.000,7.616
2.949,1.943,2.880,1.894,3.018,1.993,-1.000,0.500,0.637,0.064,1000.000,7.616,-2.032,-0.203,1000.000,7.616
2.948,1.945,2.879,1.896,3.017,1.995,-1.000,0.500,0.561,0.056,1000.000,7.616,-2.108,-0.211,1000.000,7.616
2.947,1.947,2.878,1.897,3.016,1.997,-1.000,0.500,0.485,0.049,1000.000,7.616,-2.184,-0.218,1000.000,7.616
2.945,1.949,2.876,1.899,3.014,1.998,-1.000,0.500,0.409,0.041,1000.000,7.616,-2.260,-0.226,1000.000,7.616
2.944,1.951,2.875,1.901,3.013,2.000,-1.000,0.500,0.333,0.033,1000.000,7.616,-2.336,-0.234,1000.000,7.616
2.943,1.953,2.874,1.903,3.012,2.002,-1.000,0.500,0.257,0.026,1000.000,7.616,-2.412,-0.241,1000.000,7.616
2.941,1.954,2.872,1.905,3.010,2.004,-1.000,0.500,0.181,0.018,1000.000,7.616,-2.488,-0.249,1000.000,7.616
2.940,1.956,2.871,1.907,3.009,2.006,-1.000,0.500,0.105,0.010,1000.000,7.616,-2.564,-0.256,1000.000,7.616
2.939,1.958,2.870,1.909,3.008,2.008,-1.000,0.500,0.029,0.003,1000.000,7.616,-2.640,-0.264,1000.000,7.616
2.937,1.960,2.868,1.910,3.006,2.010,-1.000,0.500,-0.047,-0.005,1000.000,7.616,-2.717,-0.272,1000.000,7.616
2.936,1.962,2.867,1.912,3.005,2.011,-1.000,0.500,-0.124,-0.012,1000.000,7.616,-2.793,-0.279,1000.000,7.616
2.935,1.964,2.866,1.914,3.004,2.013,-1.000,0.500,-0.200,-0.020,1000.000,7.616,-2.869,-0.287,1000.000,7.616
2.933,1.966,2.864,1.916,3.002,2.015,-1.000,0.500,-0.276,-0.028,1000.000,7.616,-2.945,-0.294,1000.000,7.616
2.932,1.967,2.863,1.918,3.001,2.017,-1.000,0.500,-0.352,-0.035,1000.000,7.616,-3.021,-0.302,1000.000,7.616
2.931,1.969,2.862,1.920,3.000,2.019,-1.000,0.500,-0.428,-0.043,1000.000,7.616,-3.097,-0.310,1000.000,7.616
2.929,1.971,2.860,1.921,2.998,2.021,-1.000,0.500,-0.504,-0.050,1000.000,7.616,3.110,0.311,1000.000,7.616
2.928,1.973,2.859,1.923,2.997,2.023,-1.000,0.500,-0.580,-0.058,1000.000,7.616,3.034,0.303,1000.000,7.616
2.927,1.975,2.858,1.925,2.996,2.024,-1.000,0.500,-0.656,-0.066,1000.000,7.616,2.958,0.296,1000.000,7.616
2.925,1.977,2.856,1.927,2.994,2.026,-1.000,0.500,-0.732,-0.073,1000.000,7.616,2.882,0.288,1000.000,7.616
2.924,1.978,2.855,1.929,2.993,2.028,-1.000,0.500,-0.808,-0.081,1000.000,7.616,2.806,0.281,1000.000,7.616
2.923,1.980,2.854,1.931,2.992,2.030,-1.000,0.500,-0.885,-0.088,1000.000,7.616,2.730,0.273,1000.000,7.616
2.921,1.982,2.852,1.933,2.990,2.032,-1.000,0.500,-0.961,-0.096,1000.000,7.616,2.654,0.265,1000.000,7.616
2.920,1.984,2.851,1.934,2.989,2.034,-1.000,0.500,-1.037,-0.104,1000.000,7.616,2.578,0.258,1000.000,7.616
2.919,1.986,2.850,1.936,2.988,2.035,-1.000,0.500,-1.113,-0.111,1000.000,7.616,2.502,0.250,1000.000,7.616
2.917,1.988,2.848,1.938,2.987,2.037,-1.000,0.500,-1.189,-0.119,1000.000,7.616,2.426,0.243,1000.000,7.616
2.916,1.990,2.847,1.940,2.985,2.039,-1.000,0.500,-1.265,-0.126,1000.000,7.616,2.350,0.235,1000.000,7.616
2.915,1.991,2.846,1.942,2.984,2.041,-1.000,0.500,-1.341,-0.134,1000.000,7.616,2.274,0.227,1000.000,7.616
2.913,1.993,2.844,1.944,2.983,2.043,-1.000,0.500,-1.417,-0.142,1000.000,7.616,2.198,0.220,1000.000,7.616
2.912,1.995,2.843,1.946,2.981,2.045,-1.000,0.500,-1.493,-0.149,1000.000,7.616,2.121,0.212,1000.000,7.616
2.911,1.997,2.842,1.947,2.980,2.047,-1.000,0.500,-1.569,-0.157,1000.000,7.616,2.045,0.205,1000.000,7.616
2.909,1.999,2.840,1.949,2.979,2.048,-1.000,0.500,-1.645,-0.165,1000.000,7.616,1.969,0.197,1000.000,7.616
2.908,2.001,2.839,1.951,2.977,2.050,-1.000,0.500,-1.721,-0.172,1000.000,7.616,1.893,0.189,1000.000,7.616
2.907,2.003,2.838,1.953,2.976,2.052,-1.000,0.500,-1.798,-0.180,1000.000,7.616,1.817,0.182,1000.000,7.616
2.905,2.004,2.836,1.955,2.975,2.054,-1.000,0.500,-1.874,-0.187,1000.000,7.616,1.741,0.174,1000.000,7.616
2.904,2.006,2.835,1.957,2.973,2.056,-1.000,0.500,-1.950,-0.195,1000.000,7.616,1.664,0.166,1000.000,7.616
2.903,2.008,2.834,1.958,2.972,2.058,-1.000,0.500,-2.026,-0.203,1000.000,7.616,1.588,0.159,1000.000,7.616
2.901,2.010,2.832,1.960,2.971,2.060,-1.000,0.500,-2.102,-0.210,1000.000,7.616,1.512,0.151,1000.000,7.616
2.900,2.012,2.831,1.962,2.969,2.061,-1.000,0.500,-2.178,-0.218,1000.000,7.616,1.436,0.144,1000.000,7.616
2.899,2.014,2.830,1.964,2.968,2.063,-1.000,0.500,-2.254,-0.225,1000.000,7.616,1.360,0.136,1000.000,7.616
2.897,2.015,2.828,1.966,2.967,2.065,-1.000,0.500,-2.329,-0.233,1000.000,7.616,1.284,0.128,1000.000,7.616
2.896,2.017,2.827,1.968,2.965,2.067,-1.000,0.500,-2.405,-0.241,1000.000,7.616,1.208,0.121,1000.000,7.616
2.895,2.019,2.826,1.970,2.964,2.069,-1.000,0.500,-2.481,-0.248,1000.000,7.616,1.132,0.113,1000.000,7.616
2.894,2.021,2.824,1.971,2.963,2.071,-1.000,0.500,-2.557,-0.256,1000.000,7.616,1.055,0.106,1000.000,7.616
2.892,2.023,2.823,1.973,2.961,2.073,-1.000,0.500,-2.633,-0.263,1000.000,7.616,0.979,0.098,1000.000,7.616
2.891,2.025,2.822,1.975,2.960,2.074,-1.000,0.500,-2.709,-0.271,1000.000,7.616,0.903,0.090,1000.000,7.616
2.890,2.027,2.821,1.977,2.958,2.076,-1.000,0.500,-2.785,-0.279,1000.000,7.616,0.826,0.083,1000.000,7.616
2.888,2.028,2.819,1.979,2.957,2.078,-1.000,0.500,-2.861,-0.286,1000.000,7.616,0.750,0.075,1000.000,7.616
2.887,2.030,2.818,1.981,2.956,2.080,-1.000,0.500,-2.937,-0.294,1000.000,7.616,0.674,0.067,1000.000,7.616
2.885,2.032,2.816,1.982,2.954,2.082,-1.000,0.500,-3.014,-0.301,1000.000,7.616,0.598,0.060,1000.000,7.616
2.884,2.034,2.815,1.984,2.953,2.084,-1.000,0.500,-3.090,-0.309,1000.000,7.616,0.522,0.052,1000.000,7.616
2.883,2.036,2.814,1.986,2.952,2.085,-1.000,0.500,3.117,0.312,1000.000,7.616,0.446,0.045,1000.000,7.616
2.881,2.038,2.813,1.988,2.950,2.087,-1.000,0.500,3.041,0.304,1000.000,7.616,0.370,0.037,1000.000,7.616
2.880,2.040,2.811,1.990,2.949,2.089,-1.000,0.500,2.965,0.297,1000.000,7.616,0.294,0.029,1000.000,7.616
2.879,2.041,2.810,1.992,2.948,2.091,-1.000,0.500,2.889,0.289,1000.000,7.616,0.218,0.022,1000.000,7.616
2.878,2.043,2.809,1.994,2.947,2.093,-1.000,0.500,2.813,0.281,1000.000,7.616,0.142,0.014,1000.000,7.616
2.876,2.045,2.807,1.995,2.945,2.095,-1.000,0.500,2.737,0.274,1000.000,7.616,0.066,0.007,1000.000,7.616
2.875,2.047,2.806,1.997,2.944,2.097,-1.000,0.500,2.661,0.266,1000.000,7.616,-0.011,-0.001,1000.000,7.616
2.874,2.049,2.805,1.999,2.943,2.098,-1.000,0.500,2.585,0.258,1000.000,7.616,-0.087,-0.009,1000.000,7.616
2.872,2.051,2.803,2.001,2.941,2.100,-1.000,0.500,2.509,0.251,1000.000,7.616,-0.163,-0.016,1000.000,7.616
2.871,2.052,2.802,2.003,2.940,2.102,-1.000,0.500,2.433,0.243,1000.000,7.616,-0.239,-0.024,1000.000,7.616
2.870,2.054,2.801,2.005,2.939,2.104,-1.000,0.500,2.357,0.236,1000.000,7.616,-0.315,-0.031,1000.000,7.616
2.868,2.056,2.799,2.007,2.937,2.106,-1.000,0.500,2.281,0.228,1000.000,7.616,-0.391,-0.039,1000.000,7.616
2.867,2.058,2.798,2.008,2.936,2.108,-1.000,0.500,2.205,0.220,1000.000,7.616,-0.467,-0.047,1000.000,7.616
2.866,2.060,2.797,2.010,2.935,2.110,-1.000,0.500,2.128,0.213,1000.000,7.616,-0.543,-0.054,1000.000,7.616
2.864,2.062,2.795,2.012,2.933,2.111,-1.000,0.500,2.052,0.205,1000.000,7.616,-0.620,-0.062,1000.000,7.616
2.863,2.064,2.794,2.014,2.932,2.113,-1.000,0.500,1.976,0.198,1000.000,7.616,-0.696,-0.070,1000.000,7.616
2.862,2.065,2.793,2.016,2.931,2.115,-1.000,0.500,1.900,0.190,1000.000,7.616,-0.772,-0.077,1000.000,7.616
2.860,2.067,2.791,2.018,2.929,2.117,-1.000,0.500,1.824,0.182,1000.000,7.616,-0.848,-0.085,1000.000,7.616
2.859,2.069,2.790,2.019,2.928,2.119,-1.000,0.500,1.748,0.175,1000.000,7.616,-0.924,-0.092,1000.000,7.616
2.858,2.071,2.789,2.021,2.927,2.121,-1.000,0.500,1.672,0.167,1000.000,7.616,-1.000,-0.100,1000.000,7.616
2.856,2.073,2.787,2.023,2.925,2.122,-1.000,0.500,1.596,0.160,1000.000,7.616,-1.076,-0.108,1000.000,7.616
2.855,2.075,2.786,2.025,2.924,2.124,-1.000,0.500,1.520,0.152,1000.000,7.616,-1.152,-0.115,1000.000,7.616
2.854,2.077,2.785,2.027,2.923,2.126,-1.000,0.500,1.444,0.144,1000.000,7.616,-1.228,-0.123,1000.000,7.616
2.852,2.078,2.783,2.029,2.921,2.128,-1.000,0.500,1.368,0.137,1000.000,7.616,-1.305,-0.130,1000.000,7.616
2.851,2.080,2.782,2.031,2.920,2.130,-1.000,0.500,1.292,0.129,1000.000,7.616,-1.381,-0.138,1000.000,7.616
2.850,2.082,2.781,2.032,2.919,2.132,-1.000,0.500,1.216,0.122,1000.000,7.616,-1.457,-0.146,1000.000,7.616
2.848,2.084,2.779,2.034,2.917,2.134,-1.000,0.500,1.140,0.114,1000.000,7.616,-1.533,-0.153,1000.000,7.616
2.847,2.086,2.778,2.036,2.916,2.135,-1.000,0.500,1.064,0.106,1000.000,7.616,-1.609,-0.161,1000.000,7.616
2.846,2.088,2.777,2.038,2.915,2.137,-1.000,0.500,0.988,0.099,1000.000,7.616,-1.685,-0.168,1000.000,7.616
2.844,2.089,2.775,2.040,2.913,2.139,-1.000,0.500,0.912,0.091,1000.000,7.616,-1.761,-0.176,1000.000,7.616
2.843,2.091,2.774,2.042,2.912,2.141,-1.000,0.500,0.836,0.084,1000.000,7.616,-1.837,-0.184,1000.000,7.616
2.842,2.093,2.773,2.043,2.911,2.143,-1.000,0.500,0.760,0.076,1000.000,7.616,-1.913,-0.191,1000.000,7.616
2.840,2.095,2.771,2.045,2.909,2.145,-1.000,0.500,0.684,0.068,1000.000,7.616,-1.989,-0.199,1000.000,7.616
2.839,2.097,2.770,2.047,2.908,2.147,-1.000,0.500,0.608,0.061,1000.000,7.616,-2.065,-0.207,1000.000,7.616
2.838,2.099,2.769,2.049,2.907,2.148,-1.000,0.500,0.532,0.053,1000.000,7.616,-2.141,-0.214,1000.000,7.616
2.836,2.101,2.767,2.051,2.905,2.150,-1.000,0.500,0.455,0.046,1000.000,7.616,-2.217,-0.222,1000.000,7.616
2.835,2.102,2.766,2.053,2.904,2.152,-1.000,0.500,0.379,0.038,1000.000,7.616,-2.293,-0.229,1000.000,7.616
2.834,2.104,2.765,2.055,2.903,2.154,-1.000,0.500,0.303,0.030,1000.000,7.616,-2.370,-0.237,1000.000,7.616
2.832,2.106,2.763,2.056,2.901,2.156,-1.000,0.500,0.227,0.023,1000.000,7.616,-2.446,-0.245,1000.000,7.616
2.831,2.108,2.762,2.058,2.900,2.158,-1.000,0.500,0.151,0.015,1000.000,7.616,-2.522,-0.252,1000.000,7.616
2.830,2.110,2.761,2.060,2.899,2.159,-1.000,0.500,0.075,0.008,1000.000,7.616,-2.598,-0.260,1000.000,7.616
2.828,2.112,2.759,2.062,2.897,2.161,-1.000,0.500,-0.001,-0.000,1000.000,7.616,-2.674,-0.267,1000.000,7.616
2.827,2.113,2.758,2.064,2.896,2.163,-1.000,0.500,-0.077,-0.008,1000.000,7.616,-2.750,-0.275,1000.000,7.616
2.826,2.115,2.757,2.066,2.895,2.165,-1.000,0.500,-0.153,-0.015,1000.000,7.616,-2.826,-0.283,1000.000,7.616
2.824,2.117,2.755,2.067,2.893,2.167,-1.000,0.500,-0.229,-0.023,1000.000,7.616,-2.902,-0.290,1000.000,7.616
2.823,2.119,2.754,2.069,2.892,2.169,-1.000,0.500,-0.305,-0.031,1000.000,7.616,-2.978,-0.298,1000.000,7.616
2.822,2.121,2.753,2.071,2.891,2.171,-1.000,0.500,-0.381,-0.038,1000.000,7.616,-3.054,-0.305,1000.000,7.616
2.820,2.123,2.751,2.073,2.889,2.172,-1.000,0.500,-0.457,-0.046,1000.000,7.616,-3.130,-0.313,1000.000,7.616
2.819,2.125,2.750,2.075,2.888,2.174,-1.000,0.500,-0.533,-0.053,1000.000,7.616,3.077,0.308,1000.000,7.616
2.818,2.126,2.749,2.077,2.887,2.176,-1.000,0.500,-0.609,-0.061,1000.000,7.616,3.001,0.300,1000.000,7.616
2.816,2.128,2.747,2.079,2.885,2.178,-1.000,0.500,-0.685,-0.069,1000.000,7.616,2.925,0.292,1000.000,7.616
2.815,2.130,2.746,2.080,2.884,2.180,-1.000,0.500,-0.761,-0.076,1000.000,7.616,2.849,0.285,1000.000,7.616
2.814,2.132,2.745,2.082,2.883,2.182,-1.000,0.500,-0.837,-0.084,1000.000,7.616,2.772,0.277,1000.000,7.616
2.812,2.134,2.744,2.084,2.881,2.183,-1.000,0.500,-0.913,-0.091,1000.000,7.616,2.696,0.270,1000.000,7.616
2.811,2.136,2.742,2.086,2.880,2.185,-1.000,0.500,-0.989,-0.099,1000.000,7.616,2.620,0.262,1000.000,7.616
2.810,2.137,2.741,2.088,2.879,2.187,-1.000,0.500,-1.066,-0.107,1000.000,7.616,2.544,0.254,1000.000,7.616
2.808,2.139,2.740,2.090,2.877,2.189,-1.000,0.500,-1.142,-0.114,1000.000,7.616,2.468,0.247,1000.000,7.616
2.807,2.141,2.738,2.091,2.876,2.191,-1.000,0.500,-1.218,-0.122,1000.000,7.616,2.392,0.239,1000.000,7.616
2.806,2.143,2.737,2.093,2.875,2.193,-1.000,0.500,-1.294,-0.129,1000.000,7.616,2.316,0.232,1000.000,7.616
2.804,2.145,2.736,2.095,2.873,2.195,-1.000,0.500,-1.370,-0.137,1000.000,7.616,2.240,0.224,1000.000,7.616
2.803,2.147,2.734,2.097,2.872,2.196,-1.000,0.500,-1.446,-0.145,1000.000,7.616,2.164,0.216,1000.000,7.616
2.802,2.149,2.733,2.099,2.871,2.198,-1.000,0.500,-1.522,-0.152,1000.000,7.616,2.088,0.209,1000.000,7.616
2.800,2.150,2.732,2.101,2.869,2.200,-1.000,0.500,-1.598,-0.160,1000.000,7.616,2.012,0.201,1000.000,7.616
2.799,2.152,2.730,2.102,2.868,2.202,-1.000,0.500,-1.674,-0.167,1000.000,7.616,1.935,0.194,1000.000,7.616
2.798,2.154,2.729,2.104,2.867,2.204,-1.000,0.500,-1.750,-0.175,1000.000,7.616,1.859,0.186,1000.000,7.616
2.796,2.156,2.728,2.106,2.865,2.206,-1.000,0.500,-1.826,-0.183,1000.000,7.616,1.783,0.178,1000.000,7.616
2.795,2.158,2.726,2.108,2.864,2.207,-1.000,0.500,-1.902,-0.190,1000.000,7.616,1.707,0.171,1000.000,7.616
2.794,2.160,2.725,2.110,2.863,2.209,-1.000,0.500,-1.978,-0.198,1000.000,7.616,1.631,0.163,1000.000,7.616
2.793,2.161,2.724,2.112,2.861,2.211,-1.000,0.500,-2.054,-0.205,1000.000,7.616,1.555,0.156,1000.000,7.616
2.791,2.163,2.722,2.114,2.860,2.213,-1.000,0.500,-2.130,-0.213,1000.000,7.616,1.479,0.148,1000.000,7.616
2.790,2.165,2.721,2.115,2.859,2.215,-1.000,0.500,-2.206,-0.221,1000.000,7.616,1.403,0.140,1000.000,7.616
2.789,2.167,2.720,2.117,2.857,2.217,-1.000,0.500,-2.282,-0.228,1000.000,7.616,1.327,0.133,1000.000,7.616
2.787,2.169,2.718,2.119,2.856,2.219,-1.000,0.500,-2.358,-0.236,1000.000,7.616,1.251,0.125,1000.000,7.616
2.786,2.171,2.717,2.121,2.855,2.220,-1.000,0.500,-2.435,-0.243,1000.000,7.616,1.175,0.117,1000.000,7.616
2.785,2.173,2.716,2.123,2.853,2.222,-1.000,0.500,-2.511,-0.251,1000.000,7.616,1.099,0.110,1000.000,7.616
2.783,2.174,2.714,2.125,2.852,2.224,-1.000,0.500,-2.587,-0.259,1000.000,7.616,1.022,0.102,1000.000,7.616
2.782,2.176,2.713,2.126,2.851,2.226,-1.000,0.500,-2.663,-0.266,1000.000,7.616,0.946,0.095,1000.000,7.616
2.781,2.178,2.712,2.128,2.849,2.228,-1.000,0.500,-2.739,-0.274,1000.000,7.616,0.870,0.087,1000.000,7.616
2.779,2.180,2.710,2.130,2.848,2.230,-1.000,0.500,-2.815,-0.281,1000.000,7.616,0.794,0.079,1000.000,7.616
2.778,2.182,2.709,2.132,2.847,2.232,-1.000,0.500,-2.891,-0.289,1000.000,7.616,0.718,0.072,1000.000,7.616
2.777,2.184,2.708,2.134,2.845,2.233,-1.000,0.500,-2.967,-0.297,1000.000,7.616,0.642,0.064,1000.000,7.616
2.775,2.185,2.706,2.136,2.844,2.235,-1.000,0.500,-3.043,-0.304,1000.000,7.616,0.566,0.057,1000.000,7.616
2.774,2.187,2.705,2.138,2.843,2.237,-1.000,0.500,-3.119,-0.312,1000.000,7.616,0.490,0.049,1000.000,7.616
2.773,2.189,2.704,2.139,2.841,2.239,-1.000,0.500,3.088,0.309,1000.000,7.616,0.414,0.041,1000.000,7.616
2.771,2.191,2.702,2.141,2.840,2.241,-1.000,0.500,3.012,0.301,1000.000,7.616,0.338,0.034,1000.000,7.616
2.770,2.193,2.701,2.143,2.839,2.243,-1.000,0.500,2.936,0.294,1000.000,7.616,0.262,0.026,1000.000,7.616
2.769,2.195,2.700,2.145,2.837,2.244,-1.000,0.500,2.860,0.286,1000.000,7.616,0.186,0.019,1000.000,7.616
2.767,2.197,2.698,2.147,2.836,2.246,-1.000,0.500,2.784,0.278,1000.000,7.616,0.109,0.011,1000.000,7.616
2.766,2.198,2.697,2.149,2.835,2.248,-1.000,0.500,2.708,0.271,1000.000,7.616,0.033,0.003,1000.000,7.616
2.765,2.200,2.696,2.150,2.834,2.250,-1.000,0.500,2.632,0.263,1000.000,7.616,-0.043,-0.004,1000.000,7.616
2.763,2.202,2.694,2.152,2.832,2.252,-1.000,0.500,2.556,0.256,1000.000,7.616,-0.119,-0.012,1000.000,7.616
2.762,2.204,2.693,2.154,2.831,2.254,-1.000,0.500,2.480,0.248,1000.000,7.616,-0.195,-0.019,1000.000,7.616
2.761,2.206,2.692,2.156,2.830,2.256,-1.000,0.500,2.404,0.240,1000.000,7.616,-0.271,-0.027,1000.000,7.616
2.759,2.208,2.690,2.158,2.828,2.257,-1.000,0.500,2.327,0.233,1000.000,7.616,-0.347,-0.035,1000.000,7.616
2.758,2.209,2.689,2.160,2.827,2.259,-1.000,0.500,2.251,0.225,1000.000,7.616,-0.423,-0.042,1000.000,7.616
2.757,2.211,2.688,2.162,2.826,2.261,-1.000,0.500,2.175,0.218,1000.000,7.616,-0.499,-0.050,1000.000,7.616
2.755,2.213,2.686,2.163,2.824,2.263,-1.000,0.500,2.099,0.210,1000.000,7.616,-0.575,-0.058,1000.000,7.616
2.754,2.215,2.685,2.165,2.823,2.265,-1.000,0.500,2.023,0.202,1000.000,7.616,-0.651,-0.065,1000.000,7.616
2.753,2.217,2.684,2.167,2.822,2.267,-1.000,0.500,1.947,0.195,1000.000,7.616,-0.727,-0.073,1000.000,7.616
2.751,2.219,2.682,2.169,2.820,2.268,-1.000,0.500,1.871,0.187,1000.000,7.616,-0.804,-0.080,1000.000,7.616
2.750,2.221,2.681,2.171,2.819,2.270,-1.000,0.500,1.795,0.180,1000.000,7.616,-0.880,-0.088,1000.000,7.616
2.749,2.222,2.680,2.173,2.818,2.272,-1.000,0.500,1.719,0.172,1000.000,7.616,-0.956,-0.096,1000.000,7.616
2.747,2.224,2.678,2.174,2.816,2.274,-1.000,0.500,1.643,0.164,1000.000,7.616,-1.032,-0.103,1000.000,7.616
2.746,2.226,2.677,2.176,2.815,2.276,-1.000,0.500,1.567,0.157,1000.000,7.616,-1.108,-0.111,1000.000,7.616
2.745,2.228,2.676,2.178,2.814,2.278,-1.000,0.500,1.491,0.149,1000.000,7.616,-1.184,-0.118,1000.000,7.616
2.743,2.230,2.674,2.180,2.812,2.280,-1.000,0.500,1.415,0.141,1000.000,7.616,-1.260,-0.126,1000.000,7.616
2.742,2.232,2.673,2.182,2.811,2.281,-1.000,0.500,1.339,0.134,1000.000,7.616,-1.336,-0.134,1000.000,7.616
2.741,2.233,2.672,2.184,2.810,2.283,-1.000,0.500,1.263,0.126,1000.000,7.616,-1.412,-0.141,1000.000,7.616
2.739,2.235,2.670,2.186,2.808,2.285,-1.000,0.500,1.187,0.119,1000.000,7.616,-1.488,-0.149,1000.000,7.616
2.738,2.237,2.669,2.187,2.807,2.287,-1.000,0.500,1.110,0.111,1000.000,7.616,-1.564,-0.156,1000.000,7.616
2.737,2.239,2.668,2.189,2.806,2.289,-1.000,0.500,1.034,0.103,1000.000,7.616,-1.641,-0.164,1000.000,7.616
2.735,2.241,2.666,2.191,2.804,2.291,-1.000,0.500,0.958,0.096,1000.000,7.616,-1.717,-0.172,1000.000,7.616
2.734,2.243,2.665,2.193,2.803,2.292,-1.000,0.500,0.882,0.088,1000.000,7.616,-1.793,-0.179,1000.000,7.616
2.733,2.245,2.664,2.195,2.802,2.294,-1.000,0.500,0.806,0.081,1000.000,7.616,-1.869,-0.187,1000.000,7.616
2.731,2.246,2.662,2.197,2.800,2.296,-1.000,0.500,0.730,0.073,1000.000,7.616,-1.945,-0.194,1000.000,7.616
2.730,2.248,2.661,2.198,2.799,2.298,-1.000,0.500,0.654,0.065,1000.000,7.616,-2.021,-0.202,1000.000,7.616
2.729,2.250,2.660,2.200,2.798,2.300,-1.000,0.500,0.578,0.058,1000.000,7.616,-2.097,-0.210,1000.000,7.616
2.727,2.252,2.658,2.202,2.796,2.302,-1.000,0.500,0.502,0.050,1000.000,7.616,-2.173,-0.217,1000.000,7.616
2.726,2.254,2.657,2.204,2.795,2.304,-1.000,0.500,0.426,0.043,1000.000,7.616,-2.249,-0.225,1000.000,7.616
2.725,2.256,2.656,2.206,2.794,2.305,-1.000,0.500,0.350,0.035,1000.000,7.616,-2.325,-0.233,1000.000,7.616
2.723,2.257,2.654,2.208,2.792,2.307,-1.000,0.500,0.274,0.027,1000.000,7.616,-2.401,-0.240,1000.000,7.616
2.722,2.259,2.653,2.209,2.791,2.309,-1.000,0.500,0.198,0.020,1000.000,7.616,-2.477,-0.248,1000.000,7.616
2.721,2.261,2.652,2.211,2.790,2.311,-1.000,0.500,0.122,0.012,1000.000,7.616,-2.554,-0.255,1000.000,7.616
2.719,2.263,2.650,2.213,2.788,2.313,-1.000,0.500,0.046,0.005,1000.000,7.616,-2.630,-0.263,1000.000,7.616
2.718,2.265,2.649,2.215,2.787,2.315,-1.000,0.500,-0.030,-0.003,1000.000,7.616,-2.706,-0.271,1000.000,7.616
2.717,2.267,2.648,2.217,2.786,2.316,-1.000,0.500,-0.106,-0.011,1000.000,7.616,-2.782,-0.278,1000.000,7.616
2.715,2.269,2.646,2.219,2.784,2.318,-1.000,0.500,-0.182,-0.018,1000.000,7.616,-2.858,-0.286,1000.000,7.616
2.714,2.270,2.645,2.221,2.783,2.320,-1.000,0.500,-0.259,-0.026,1000.000,7.616,-2.934,-0.293,1000.000,7.616
2.713,2.272,2.644,2.222,2.782,2.322,-1.000,0.500,-0.335,-0.033,1000.000,7.616,-3.010,-0.301,1000.000,7.616
2.711,2.274,2.642,2.224,2.780,2.324,-1.000,0.500,-0.411,-0.041,1000.000,7.616,-3.086,-0.309,1000.000,7.616
2.710,2.276,2.641,2.226,2.779,2.326,-1.000,0.500,-0.487,-0.049,1000.000,7.616,3.121,0.312,1000.000,7.616
2.709,2.278,2.640,2.228,2.778,2.328,-1.000,0.500,-0.563,-0.056,1000.000,7.616,3.045,0.304,1000.000,7.616
2.707,2.280,2.639,2.230,2.776,2.329,-1.000,0.500,-0.639,-0.064,1000.000,7.616,2.969,0.297,1000.000,7.616
2.706,2.281,2.637,2.232,2.775,2.331,-1.000,0.500,-0.715,-0.071,1000.000,7.616,2.893,0.289,1000.000,7.616
2.705,2.283,2.636,2.233,2.774,2.333,-1.000,0.500,-0.791,-0.079,1000.000,7.616,2.817,0.282,1000.000,7.616
2.703,2.285,2.635,2.235,2.772,2.335,-1.000,0.500,-0.867,-0.087,1000.000,7.616,2.741,0.274,1000.000,7.616
2.702,2.287,2.633,2.237,2.771,2.337,-1.000,0.500,-0.943,-0.094,1000.000,7.616,2.665,0.266,1000.000,7.616
2.701,2.289,2.632,2.239,2.770,2.339,-1.000,0.500,-1.019,-0.102,1000.000,7.616,2.588,0.259,1000.000,7.616
2.699,2.291,2.631,2.241,2.768,2.340,-1.000,0.500,-1.095,-0.110,1000.000,7.616,2.512,0.251,1000.000,7.616
2.698,2.293,2.629,2.243,2.767,2.342,-1.000,0.500,-1.171,-0.117,1000.000,7.616,2.436,0.244,1000.000,7.616
2.697,2.294,2.628,2.245,2.766,2.344,-1.000,0.500,-1.247,-0.125,1000.000,7.616,2.360,0.236,1000.000,7.616
2.695,2.296,2.627,2.246,2.764,2.346,-1.000,0.500,-1.323,-0.132,1000.000,7.616,2.284,0.228,1000.000,7.616
2.694,2.298,2.625,2.248,2.763,2.348,-1.000,0.500,-1.399,-0.140,1000.000,7.616,2.208,0.221,1000.000,7.616
2.693,2.300,2.624,2.250,2.762,2.350,-1.000,0.500,-1.476,-0.148,1000.000,7.616,2.132,0.213,1000.000,7.616
2.691,2.302,2.623,2.252,2.760,2.352,-1.000,0.500,-1.552,-0.155,1000.000,7.616,2.056,0.206,1000.000,7.616
2.690,2.304,2.621,2.254,2.759,2.353,-1.000,0.500,-1.628,-0.163,1000.000,7.616,1.980,0.198,1000.000,7.616
2.689,2.305,2.620,2.256,2.758,2.355,-1.000,0.500,-1.704,-0.170,1000.000,7.616,1.904,0.190,1000.000,7.616
2.687,2.307,2.619,2.257,2.756,2.357,-1.000,0.500,-1.780,-0.178,1000.000,7.616,1.828,0.183,1000.000,7.616
2.686,2.309,2.617,2.259,2.755,2.359,-1.000,0.500,-1.856,-0.186,1000.000,7.616,1.751,0.175,1000.000,7.616
2.685,2.311,2.616,2.261,2.754,2.361,-1.000,0.500,-1.932,-0.193,1000.000,7.616,1.675,0.168,1000.000,7.616
2.683,2.313,2.615,2.263,2.752,2.363,-1.000,0.500,-2.008,-0.201,1000.000,7.616,1.599,0.160,1000.000,7.616
2.682,2.315,2.613,2.265,2.751,2.364,-1.000,0.500,-2.084,-0.208,1000.000,7.616,1.523,0.152,1000.000,7.616
2.681,2.316,2.612,2.267,2.750,2.366,-1.000,0.500,-2.160,-0.216,1000.000,7.616,1.447,0.145,1000.000,7.616
2.679,2.318,2.611,2.269,2.748,2.368,-1.000,0.500,-2.236,-0.224,1000.000,7.616,1.371,0.137,1000.000,7.616
2.678,2.320,2.609,2.270,2.747,2.370,-1.000,0.500,-2.312,-0.231,1000.000,7.616,1.295,0.129,1000.000,7.616
2.677,2.322,2.608,2.272,2.746,2.372,-1.000,0.500,-2.388,-0.239,1000.000,7.616,1.219,0.122,1000.000,7.616
2.675,2.324,2.607,2.274,2.744,2.374,-1.000,0.500,-2.464,-0.246,1000.000,7.616,1.143,0.114,1000.000,7.616
2.674,2.326,2.605,2.276,2.743,2.376,-1.000,0.500,-2.540,-0.254,1000.000,7.616,1.067,0.107,1000.000,7.616
2.673,2.328,2.604,2.278,2.742,2.377,-1.000,0.500,-2.616,-0.262,1000.000,7.616,0.991,0.099,1000.000,7.616
2.671,2.329,2.603,2.280,2.740,2.379,-1.000,0.500,-2.693,-0.269,1000.000,7.616,0.915,0.091,1000.000,7.616
2.670,2.331,2.601,2.281,2.739,2.381,-1.000,0.500,-2.769,-0.277,1000.000,7.616,0.838,0.084,1000.000,7.616
2.669,2.333,2.600,2.283,2.738,2.383,-1.000,0.500,-2.845,-0.284,1000.000,7.616,0.762,0.076,1000.000,7.616
2.667,2.335,2.599,2.285,2.736,2.385,-1.000,0.500,-2.921,-0.292,1000.000,7.616,0.686,0.069,1000.000,7.616
2.666,2.337,2.597,2.287,2.735,2.387,-1.000,0.500,-2.997,-0.300,1000.000,7.616,0.610,0.061,1000.000,7.616
2.665,2.339,2.596,2.289,2.734,2.388,-1.000,0.500,-3.073,-0.307,1000.000,7.616,0.534,0.053,1000.000,7.616
2.663,2.340,2.595,2.291,2.732,2.390,-1.000,0.500,3.134,0.313,1000.000,7.616,0.458,0.046,1000.000,7.616
2.662,2.342,2.593,2.292,2.731,2.392,-1.000,0.500,3.058,0.306,1000.000,7.616,0.382,0.038,1000.000,7.616
2.661,2.344,2.592,2.294,2.730,2.394,-1.000,0.500,2.982,0.298,1000.000,7.616,0.306,0.031,1000.000,7.616
2.659,2.346,2.591,2.296,2.728,2.396,-1.000,0.500,2.906,0.291,1000.000,7.616,0.230,0.023,1000.000,7.616
2.658,2.348,2.589,2.298,2.727,2.398,-1.000,0.500,2.830,0.283,1000.000,7.616,0.154,0.015,1000.000,7.616
2.657,2.350,2.588,2.300,2.726,2.400,-1.000,0.500,2.754,0.275,1000.000,7.616,0.078,0.008,1000.000,7.616
2.655,2.352,2.587,2.302,2.724,2.401,-1.000,0.500,2.678,0.268,1000.000,7.616,0.002,0.000,1000.000,7.616
2.654,2.353,2.585,2.304,2.723,2.403,-1.000,0.500,2.602,0.260,1000.000,7.616,-0.075,-0.007,1000.000,7.616
2.653,2.355,2.584,2.305,2.722,2.405,-1.000,0.500,2.526,0.253,1000.000,7.616,-0.151,-0.015,1000.000,7.616
2.651,2.357,2.583,2.307,2.720,2.407,-1.000,0.500,2.450,0.245,1000.000,7.616,-0.227,-0.023,1000.000,7.616
2.650,2.359,2.581,2.309,2.719,2.409,-1.000,0.500,2.374,0.237,1000.000,7.616,-0.303,-0.030,1000.000,7.616
2.649,2.361,2.580,2.311,2.718,2.411,-1.000,0.500,2.298,0.230,1000.000,7.616,-0.379,-0.038,1000.000,7.616
2.647,2.363,2.579,2.313,2.716,2.412,-1.000,0.500,2.222,0.222,1000.000,7.616,-0.455,-0.045,1000.000,7.616
2.646,2.364,2.577,2.315,2.715,2.414,-1.000,0.500,2.146,0.215,1000.000,7.616,-0.531,-0.053,1000.000,7.616
2.645,2.366,2.576,2.316,2.714,2.416,-1.000,0.500,2.069,0.207,1000.000,7.616,-0.607,-0.061,1000.000,7.616
2.643,2.368,2.575,2.318,2.712,2.418,-1.000,0.500,1.993,0.199,1000.000,7.616,-0.683,-0.068,1000.000,7.616
2.642,2.370,2.573,2.320,2.711,2.420,-1.000,0.500,1.917,0.192,1000.000,7.616,-0.759,-0.076,1000.000,7.616
2.641,2.372,2.572,2.322,2.710,2.422,-1.000,0.500,1.841,0.184,1000.000,7.616,-0.835,-0.084,1000.000,7.616
2.639,2.374,2.571,2.324,2.708,2.424,-1.000,0.500,1.765,0.177,1000.000,7.616,-0.911,-0.091,1000.000,7.616
2.638,2.376,2.569,2.326,2.707,2.425,-1.000,0.500,1.689,0.169,1000.000,7.616,-0.988,-0.099,1000.000,7.616
2.637,2.377,2.568,2.328,2.706,2.427,-1.000,0.500,1.613,0.161,1000.000,7.616,-1.064,-0.106,1000.000,7.616
2.635,2.379,2.567,2.329,2.704,2.429,-1.000,0.500,1.537,0.154,1000.000,7.616,-1.140,-0.114,1000.000,7.616
2.634,2.381,2.565,2.331,2.703,2.431,-1.000,0.500,1.461,0.146,1000.000,7.616,-1.216,-0.122,1000.000,7.616
2.633,2.383,2.564,2.333,2.702,2.433,-1.000,0.500,1.385,0.138,1000.000,7.616,-1.292,-0.129,1000.000,7.616
2.631,2.385,2.563,2.335,2.700,2.435,-1.000,0.500,1.309,0.131,1000.000,7.616,-1.368,-0.137,1000.000,7.616
2.630,2.387,2.561,2.337,2.699,2.436,-1.000,0.500,1.233,0.123,1000.000,7.616,-1.444,-0.144,1000.000,7.616
2.629,2.388,2.560,2.339,2.698,2.438,-1.000,0.500,1.157,0.116,1000.000,7.616,-1.520,-0.152,1000.000,7.616
2.627,2.390,2.559,2.340,2.696,2.440,-1.000,0.500,1.081,0.108,1000.000,7.616,-1.596,-0.160,1000.000,7.616
2.626,2.392,2.557,2.342,2.695,2.442,-1.000,0.500,1.005,0.100,1000.000,7.616,-1.672,-0.167,1000.000,7.616
2.625,2.394,2.556,2.344,2.694,2.444,-1.000,0.500,0.928,0.093,1000.000,7.616,-1.748,-0.175,1000.000,7.616
2.623,2.396,2.555,2.346,2.692,2.446,-1.000,0.500,0.852,0.085,1000.000,7.616,-1.824,-0.182,1000.000,7.616
2.622,2.398,2.553,2.348,2.691,2.448,-1.000,0.500,0.776,0.078,1000.000,7.616,-1.901,-0.190,1000.000,7.616
2.621,2.399,2.552,2.350,2.690,2.449,-1.000,0.500,0.700,0.070,1000.000,7.616,-1.977,-0.198,1000.000,7.616
2.619,2.401,2.551,2.351,2.688,2.451,-1.000,0.500,0.624,0.062,1000.000,7.616,-2.053,-0.205,1000.000,7.616
2.618,2.403,2.549,2.353,2.687,2.453,-1.000,0.500,0.548,0.055,1000.000,7.616,-2.129,-0.213,1000.000,7.616
2.617,2.405,2.548,2.355,2.686,2.455,-1.000,0.500,0.472,0.047,1000.000,7.616,-2.205,-0.220,1000.000,7.616
2.615,2.407,2.547,2.357,2.684,2.457,-1.000,0.500,0.396,0.040,1000.000,7.616,-2.281,-0.228,1000.000,7.616
2.614,2.409,2.545,2.359,2.683,2.459,-1.000,0.500,0.320,0.032,1000.000,7.616,-2.357,-0.236,1000.000,7.616
2.613,2.411,2.544,2.361,2.682,2.460,-1.000,0.500,0.244,0.024,1000.000,7.616,-2.433,-0.243,1000.000,7.616
2.611,2.412,2.543,2.363,2.680,2.462,-1.000,0.500,0.168,0.017,1000.000,7.616,-2.509,-0.251,1000.000,7.616
2.610,2.414,2.541,2.364,2.679,2.464,-1.000,0.500,0.092,0.009,1000.000,7.616,-2.585,-0.259,1000.000,7.616
2.609,2.416,2.540,2.366,2.678,2.466,-1.000,0.500,0.016,0.002,1000.000,7.616,-2.661,-0.266,1000.000,7.616
2.607,2.418,2.539,2.368,2.676,2.468,-1.000,0.500,-0.060,-0.006,1000.000,7.616,-2.738,-0.274,1000.000,7.616
2.606,2.420,2.537,2.370,2.675,2.470,-1.000,0.500,-0.136,-0.014,1000.000,7.616,-2.814,-0.281,1000.000,7.616
2.605,2.422,2.536,2.372,2.674,2.471,-1.000,0.500,-0.213,-0.021,1000.000,7.616,-2.890,-0.289,1000.000,7.616
2.603,2.423,2.535,2.374,2.672,2.473,-1.000,0.500,-0.289,-0.029,1000.000,7.616,-2.966,-0.297,1000.000,7.616
2.602,2.425,2.533,2.375,2.671,2.475,-1.000,0.500,-0.365,-0.036,1000.000,7.616,-3.042,-0.304,1000.000,7.616
2.601,2.427,2.532,2.377,2.670,2.477,-1.000,0.500,-0.441,-0.044,1000.000,7.616,-3.118,-0.312,1000.000,7.616
2.599,2.429,2.531,2.379,2.668,2.479,-1.000,0.500,-0.517,-0.052,1000.000,7.616,3.089,0.309,1000.000,7.616
2.598,2.431,2.529,2.381,2.667,2.481,-1.000,0.500,-0.593,-0.059,1000.000,7.616,3.013,0.301,1000.000,7.616
2.597,2.433,2.528,2.383,2.666,2.483,-1.000,0.500,-0.669,-0.067,1000.000,7.616,2.937,0.294,1000.000,7.616
2.595,2.435,2.527,2.385,2.664,2.484,-1.000,0.500,-0.745,-0.074,1000.000,7.616,2.861,0.286,1000.000,7.616
2.594,2.436,2.525,2.387,2.663,2.486,-1.000,0.500,-0.821,-0.082,1000.000,7.616,2.785,0.278,1000.000,7.616
2.593,2.438,2.524,2.388,2.662,2.488,-1.000,0.500,-0.897,-0.090,1000.000,7.616,2.709,0.271,1000.000,7.616
2.591,2.440,2.523,2.390,2.660,2.490,-1.000,0.500,-0.973,-0.097,1000.000,7.616,2.633,0.263,1000.000,7.616
2.590,2.442,2.521,2.392,2.659,2.492,-1.000,0.500,-1.049,-0.105,1000.000,7.616,2.557,0.256,1000.000,7.616
2.589,2.444,2.520,2.394,2.658,2.494,-1.000,0.500,-1.125,-0.113,1000.000,7.616,2.480,0.248,1000.000,7.616
2.587,2.446,2.519,2.396,2.656,2.495,-1.000,0.500,-1.201,-0.120,1000.000,7.616,2.404,0.240,1000.000,7.616
2.586,2.447,2.517,2.398,2.655,2.497,-1.000,0.500,-1.277,-0.128,1000.000,7.616,2.328,0.233,1000.000,7.616
2.585,2.449,2.516,2.399,2.654,2.499,-1.000,0.500,-1.354,-0.135,1000.000,7.616,2.252,0.225,1000.000,7.616
2.583,2.451,2.515,2.401,2.652,2.501,-1.000,0.500,-1.430,-0.143,1000.000,7.616,2.176,0.218,1000.000,7.616
2.582,2.453,2.513,2.403,2.651,2.503,-1.000,0.500,-1.506,-0.151,1000.000,7.616,2.100,0.210,1000.000,7.616
2.581,2.455,2.512,2.405,2.650,2.505,-1.000,0.500,-1.582,-0.158,1000.000,7.616,2.024,0.202,1000.000,7.616
2.579,2.457,2.511,2.407,2.648,2.507,-1.000,0.500,-1.658,-0.166,1000.000,7.616,1.948,0.195,1000.000,7.616
2.578,2.459,2.509,2.409,2.647,2.508,-1.000,0.500,-1.734,-0.173,1000.000,7.616,1.872,0.187,1000.000,7.616
2.577,2.460,2.508,2.410,2.646,2.510,-1.000,0.500,-1.810,-0.181,1000.000,7.616,1.796,0.180,1000.000,7.616
2.575,2.462,2.507,2.412,2.644,2.512,-1.000,0.500,-1.886,-0.189,1000.000,7.616,1.720,0.172,1000.000,7.616
2.574,2.464,2.505,2.414,2.643,2.514,-1.000,0.500,-1.962,-0.196,1000.000,7.616,1.644,0.164,1000.000,7.616
2.573,2.466,2.504,2.416,2.642,2.516,-1.000,0.500,-2.038,-0.204,1000.000,7.616,1.567,0.157,1000.000,7.616
2.571,2.468,2.503,2.418,2.640,2.518,-1.000,0.500,-2.114,-0.211,1000.000,7.616,1.491,0.149,1000.000,7.616
2.570,2.470,2.501,2.420,2.639,2.519,-1.000,0.500,-2.190,-0.219,1000.000,7.616,1.415,0.142,1000.000,7.616
2.569,2.471,2.500,2.422,2.638,2.521,-1.000,0.500,-2.266,-0.227,1000.000,7.616,1.339,0.134,1000.000,7.616
2.567,2.473,2.499,2.423,2.636,2.523,-1.000,0.500,-2.343,-0.234,1000.000,7.616,1.263,0.126,1000.000,7.616
2.566,2.475,2.497,2.425,2.635,2.525,-1.000,0.500,-2.419,-0.242,1000.000,7.616,1.187,0.119,1000.000,7.616
2.565,2.477,2.496,2.427,2.634,2.527,-1.000,0.500,-2.495,-0.249,1000.000,7.616,1.111,0.111,1000.000,7.616
2.563,2.479,2.495,2.429,2.632,2.529,-1.000,0.500,-2.571,-0.257,1000.000,7.616,1.035,0.103,1000.000,7.616
2.562,2.481,2.493,2.431,2.631,2.531,-1.000,0.500,-2.647,-0.265,1000.000,7.616,0.959,0.096,1000.000,7.616
2.561,2.482,2.492,2.433,2.630,2.532,-1.000,0.500,-2.723,-0.272,1000.000,7.616,0.883,0.088,1000.000,7.616
2.559,2.484,2.491,2.434,2.628,2.534,-1.000,0.500,-2.799,-0.280,1000.000,7.616,0.807,0.081,1000.000,7.616
2.558,2.486,2.489,2.436,2.627,2.536,-1.000,0.500,-2.875,-0.287,1000.000,7.616,0.731,0.073,1000.000,7.616
2.557,2.488,2.488,2.438,2.626,2.538,-1.000,0.500,-2.951,-0.295,1000.000,7.616,0.654,0.065,1000.000,7.616
2.555,2.490,2.487,2.440,2.624,2.540,-1.000,0.500,-3.027,-0.303,1000.000,7.616,0.578,0.058,1000.000,7.616
2.554,2.492,2.485,2.442,2.623,2.542,-1.000,0.500,-3.103,-0.310,1000.000,7.616,0.502,0.050,1000.000,7.616
2.553,2.494,2.484,2.444,2.622,2.543,-1.000,0.500,3.104,0.310,1000.000,7.616,0.426,0.043,1000.000,7.616
2.551,2.495,2.483,2.445,2.620,2.545,-1.000,0.500,3.028,0.303,1000.000,7.616,0.350,0.035,1000.000,7.616
2.550,2.497,2.481,2.447,2.619,2.547,-1.000,0.500,2.952,0.295,1000.000,7.616,0.274,0.027,1000.000,7.616
2.549,2.499,2.480,2.449,2.618,2.549,-1.000,0.500,2.876,0.288,1000.000,7.616,0.198,0.020,1000.000,7.616
2.547,2.501,2.479,2.451,2.616,2.551,-1.000,0.500,2.800,0.280,1000.000,7.616,0.122,0.012,1000.000,7.616
2.546,2.503,2.477,2.453,2.615,2.553,-1.000,0.500,2.724,0.272,1000.000,7.616,0.046,0.005,1000.000,7.616
2.545,2.505,2.476,2.455,2.614,2.555,-1.000,0.500,2.648,0.265,1000.000,7.616,-0.030,-0.003,1000.000,7.616
2.543,2.506,2.475,2.457,2.612,2.556,-1.000,0.500,2.572,0.257,1000.000,7.616,-0.106,-0.011,1000.000,7.616
2.542,2.508,2.473,2.458,2.611,2.558,-1.000,0.500,2.495,0.250,1000.000,7.616,-0.182,-0.018,1000.000,7.616
2.541,2.510,2.472,2.460,2.610,2.560,-1.000,0.500,2.419,0.242,1000.000,7.616,-0.259,-0.026,1000.000,7.616
2.539,2.512,2.471,2.462,2.608,2.562,-1.000,0.500,2.343,0.234,1000.000,7.616,-0.335,-0.033,1000.000,7.616
2.538,2.514,2.469,2.464,2.607,2.564,-1.000,0.500,2.267,0.227,1000.000,7.616,-0.411,-0.041,1000.000,7.616
2.537,2.516,2.468,2.466,2.606,2.566,-1.000,0.500,2.191,0.219,1000.000,7.616,-0.487,-0.049,1000.000,7.616
2.535,2.518,2.467,2.468,2.604,2.567,-1.000,0.500,2.115,0.211,1000.000,7.616,-0.563,-0.056,1000.000,7.616
2.534,2.519,2.465,2.469,2.603,2.569,-1.000,0.500,2.039,0.204,1000.000,7.616,-0.639,-0.064,1000.000,7.616
2.533,2.521,2.464,2.471,2.602,2.571,-1.000,0.500,1.963,0.196,1000.000,7.616,-0.715,-0.071,1000.000,7.616
2.531,2.523,2.463,2.473,2.600,2.573,-1.000,0.500,1.887,0.189,1000.000,7.616,-0.791,-0.079,1000.000,7.616
2.530,2.525,2.461,2.475,2.599,2.575,-1.000,0.500,1.811,0.181,1000.000,7.616,-0.867,-0.087,1000.000,7.616
2.529,2.527,2.460,2.477,2.598,2.577,-1.000,0.500,1.734,0.173,1000.000,7.616,-0.943,-0.094,1000.000,7.616
2.527,2.529,2.459,2.479,2.596,2.578,-1.000,0.500,1.658,0.166,1000.000,7.616,-1.019,-0.102,1000.000,7.616
2.526,2.530,2.457,2.481,2.595,2.580,-1.000,0.500,1.582,0.158,1000.000,7.616,-1.095,-0.110,1000.000,7.616
2.525,2.532,2.456,2.482,2.594,2.582,-1.000,0.500,1.506,0.151,1000.000,7.616,-1.171,-0.117,1000.000,7.616
2.523,2.534,2.455,2.484,2.592,2.584,-1.000,0.500,1.430,0.143,1000.000,7.616,-1.247,-0.125,1000.000,7.616
2.522,2.536,2.453,2.486,2.591,2.586,-1.000,0.500,1.354,0.135,1000.000,7.616,-1.323,-0.132,1000.000,7.616
2.521,2.538,2.452,2.488,2.590,2.588,-1.000,0.500,1.278,0.128,1000.000,7.616,-1.399,-0.140,1000.000,7.616
2.519,2.540,2.451,2.490,2.588,2.590,-1.000,0.500,1.202,0.120,1000.000,7.616,-1.476,-0.148,1000.000,7.616
2.518,2.541,2.449,2.492,2.587,2.591,-1.000,0.500,1.126,0.113,1000.000,7.616,-1.552,-0.155,1000.000,7.616
2.517,2.543,2.448,2.493,2.586,2.593,-1.000,0.500,1.050,0.105,1000.000,7.616,-1.628,-0.163,1000.000,7.616
2.515,2.545,2.447,2.495,2.584,2.595,-1.000,0.500,0.974,0.097,1000.000,7.616,-1.704,-0.170,1000.000,7.616
2.514,2.547,2.445,2.497,2.583,2.597,-1.000,0.500,0.898,0.090,1000.000,7.616,-1.780,-0.178,1000.000,7.616
2.513,2.549,2.444,2.499,2.582,2.599,-1.000,0.500,0.822,0.082,1000.000,7.616,-1.856,-0.186,1000.000,7.616
2.511,2.551,2.443,2.501,2.580,2.601,-1.000,0.500,0.746,0.075,1000.000,7.616,-1.932,-0.193,1000.000,7.616
2.510,2.553,2.441,2.503,2.579,2.602,-1.000,0.500,0.670,0.067,1000.000,7.616,-2.008,-0.201,1000.000,7.616
2.509,2.554,2.440,2.504,2.578,2.604,-1.000,0.500,0.594,0.059,1000.000,7.616,-2.084,-0.208,1000.000,7.616
2.507,2.556,2.439,2.506,2.576,2.606,-1.000,0.500,0.518,0.052,1000.000,7.616,-2.160,-0.216,1000.000,7.616
2.506,2.558,2.437,2.508,2.575,2.608,-1.000,0.500,0.441,0.044,1000.000,7.616,-2.237,-0.224,1000.000,7.616
2.505,2.560,2.436,2.510,2.574,2.610,-1.000,0.500,0.366,0.037,1000.000,7.616,-2.313,-0.231,1000.000,7.616
2.503,2.562,2.435,2.512,2.572,2.612,-1.000,0.500,0.290,0.029,1000.000,7.616,-2.389,-0.239,1000.000,7.616
2.502,2.564,2.433,2.514,2.571,2.614,-1.000,0.500,0.214,0.021,1000.000,7.616,-2.465,-0.247,1000.000,7.616
2.501,2.565,2.432,2.515,2.570,2.615,-1.000,0.500,0.137,0.014,1000.000,7.616,-2.541,-0.254,1000.000,7.616
2.499,2.567,2.431,2.517,2.568,2.617,-1.000,0.500,0.062,0.006,1000.000,7.616,-2.618,-0.262,1000.000,7.616
2.498,2.569,2.429,2.519,2.567,2.619,-1.000,0.500,-0.015,-0.001,1000.000,7.616,-2.694,-0.269,1000.000,7.616
2.497,2.571,2.428,2.521,2.565,2.621,-1.000,0.500,-0.090,-0.009,1000.000,7.616,-2.770,-0.277,1000.000,7.616
2.495,2.573,2.427,2.523,2.564,2.623,-1.000,0.500,-0.167,-0.017,1000.000,7.616,-2.846,-0.285,1000.000,7.616
2.494,2.575,2.425,2.525,2.563,2.625,-1.000,0.500,-0.242,-0.024,1000.000,7.616,-2.922,-0.292,1000.000,7.616
2.493,2.576,2.424,2.526,2.561,2.626,-1.000,0.500,-0.319,-0.032,1000.000,7.616,-2.998,-0.300,1000.000,7.616
2.491,2.578,2.423,2.528,2.560,2.628,-1.000,0.500,-0.394,-0.039,1000.000,7.616,-3.074,-0.307,1000.000,7.616
2.490,2.580,2.421,2.530,2.559,2.630,-1.000,0.500,-0.471,-0.047,1000.000,7.616,3.133,0.313,1000.000,7.616
2.489,2.582,2.420,2.532,2.557,2.632,-1.000,0.500,-0.546,-0.055,1000.000,7.616,3.057,0.306,1000.000,7.616
2.487,2.584,2.419,2.534,2.556,2.634,-1.000,0.500,-0.623,-0.062,1000.000,7.616,2.981,0.298,1000.000,7.616
2.486,2.586,2.417,2.536,2.555,2.636,-1.000,0.500,-0.698,-0.070,1000.000,7.616,2.904,0.290,1000.000,7.616
2.485,2.588,2.416,2.537,2.553,2.638,-1.000,0.500,-0.775,-0.077,1000.000,7.616,2.828,0.283,1000.000,7.616
2.483,2.589,2.415,2.539,2.552,2.639,-1.000,0.500,-0.850,-0.085,1000.000,7.616,2.752,0.275,1000.000,7.616
2.482,2.591,2.413,2.541,2.551,2.641,-1.000,0.500,-0.927,-0.093,1000.000,7.616,2.676,0.268,1000.000,7.616
2.481,2.593,2.412,2.543,2.549,2.643,-1.000,0.500,-1.002,-0.100,1000.000,7.616,2.600,0.260,1000.000,7.616
2.479,2.595,2.411,2.545,2.548,2.645,-1.000,0.500,-1.079,-0.108,1000.000,7.616,2.524,0.252,1000.000,7.616
2.478,2.597,2.409,2.547,2.547,2.647,-1.000,0.500,-1.154,-0.115,1000.000,7.616,2.448,0.245,1000.000,7.616
2.477,2.599,2.408,2.548,2.545,2.649,-1.000,0.500,-1.231,-0.123,1000.000,7.616,2.372,0.237,1000.000,7.616
2.475,2.600,2.407,2.550,2.544,2.650,-1.000,0.500,-1.306,-0.131,1000.000,7.616,2.296,0.230,1000.000,7.616
2.474,2.602,2.405,2.552,2.543,2.652,-1.000,0.500,-1.383,-0.138,1000.000,7.616,2.220,0.222,1000.000,7.616
2.473,2.604,2.404,2.554,2.541,2.654,-1.000,0.500,-1.458,-0.146,1000.000,7.616,2.144,0.214,1000.000,7.616
2.471,2.606,2.403,2.556,2.540,2.656,-1.000,0.500,-1.534,-0.153,1000.000,7.616,2.067,0.207,1000.000,7.616
2.470,2.608,2.401,2.558,2.539,2.658,-1.000,0.500,-1.610,-0.161,1000.000,7.616,1.991,0.199,1000.000,7.616
2.469,2.610,2.400,2.559,2.537,2.660,-1.000,0.500,-1.686,-0.169,1000.000,7.616,1.915,0.192,1000.000,7.616
2.467,2.611,2.399,2.561,2.536,2.661,-1.000,0.500,-1.762,-0.176,1000.000,7.616,1.839,0.184,1000.000,7.616
2.466,2.613,2.397,2.563,2.535,2.663,-1.000,0.500,-1.838,-0.184,1000.000,7.616,1.763,0.176,1000.000,7.616
2.465,2.615,2.396,2.565,2.533,2.665,-1.000,0.500,-1.914,-0.191,1000.000,7.616,1.687,0.169,1000.000,7.616
2.463,2.617,2.395,2.567,2.532,2.667,-1.000,0.500,-1.990,-0.199,1000.000,7.616,1.611,0.161,1000.000,7.616
2.462,2.619,2.393,2.569,2.531,2.669,-1.000,0.500,-2.066,-0.207,1000.000,7.616,1.534,0.153,1000.000,7.616
2.461,2.621,2.392,2.570,2.529,2.671,-1.000,0.500,-2.142,-0.214,1000.000,7.616,1.458,0.146,1000.000,7.616
2.459,2.622,2.391,2.572,2.528,2.673,-1.000,0.500,-2.218,-0.222,1000.000,7.616,1.382,0.138,1000.000,7.616
2.458,2.624,2.389,2.574,2.526,2.674,-1.000,0.500,-2.294,-0.229,1000.000,7.616,1.306,0.131,1000.000,7.616
2.456,2.626,2.388,2.576,2.525,2.676,-1.000,0.500,-2.370,-0.237,1000.000,7.616,1.230,0.123,1000.000,7.616
2.455,2.628,2.387,2.578,2.524,2.678,-1.000,0.500,-2.446,-0.245,1000.000,7.616,1.154,0.115,1000.000,7.616
2.454,2.630,2.385,2.580,2.522,2.680,-1.000,0.500,-2.522,-0.252,1000.000,7.616,1.078,0.108,1000.000,7.616
2.452,2.632,2.384,2.581,2.521,2.682,-1.000,0.500,-2.598,-0.260,1000.000,7.616,1.002,0.100,1000.000,7.616
2.451,2.633,2.383,2.583,2.520,2.684,-1.000,0.500,-2.674,-0.267,1000.000,7.616,0.926,0.093,1000.000,7.616
2.450,2.635,2.381,2.585,2.518,2.685,-1.000,0.500,-2.750,-0.275,1000.000,7.616,0.849,0.085,1000.000,7.616
2.448,2.637,2.380,2.587,2.517,2.687,-1.000,0.500,-2.826,-0.283,1000.000,7.616,0.773,0.077,1000.000,7.616
2.447,2.639,2.379,2.589,2.516,2.689,-1.000,0.500,-2.902,-0.290,1000.000,7.616,0.697,0.070,1000.000,7.616
2.446,2.641,2.377,2.591,2.514,2.691,-1.000,0.500,-2.979,-0.298,1000.000,7.616,0.621,0.062,1000.000,7.616
2.444,2.643,2.376,2.592,2.513,2.693,-1.000,0.500,-3.055,-0.305,1000.000,7.616,0.545,0.055,1000.000,7.616
2.443,2.644,2.374,2.594,2.512,2.695,-1.000,0.500,-3.131,-0.313,1000.000,7.616,0.469,0.047,1000.000,7.616
2.442,2.646,2.373,2.596,2.510,2.696,-1.000,0.500,3.076,0.308,1000.000,7.616,0.393,0.039,1000.000,7.616
2.440,2.648,2.372,2.598,2.509,2.698,-1.000,0.500,3.000,0.300,1000.000,7.616,0.317,0.032,1000.000,7.616
2.439,2.650,2.370,2.600,2.508,2.700,-1.000,0.500,2.924,0.292,1000.000,7.616,0.241,0.024,1000.000,7.616
2.438,2.652,2.369,2.602,2.506,2.702,-1.000,0.500,2.848,0.285,1000.000,7.616,0.165,0.016,1000.000,7.616
2.436,2.654,2.368,2.603,2.505,2.704,-1.000,0.500,2.772,0.277,1000.000,7.616,0.089,0.009,1000.000,7.616
2.435,2.655,2.366,2.605,2.504,2.706,-1.000,0.500,2.696,0.270,1000.000,7.616,0.013,0.001,1000.000,7.616
2.434,2.657,2.365,2.607,2.502,2.707,-1.000,0.500,2.620,0.262,1000.000,7.616,-0.064,-0.006,1000.000,7.616
2.432,2.659,2.364,2.609,2.501,2.709,-1.000,0.500,2.544,0.254,1000.000,7.616,-0.140,-0.014,1000.000,7.616
2.431,2.661,2.362,2.611,2.500,2.711,-1.000,0.500,2.468,0.247,1000.000,7.616,-0.216,-0.022,1000.000,7.616
2.430,2.663,2.361,2.613,2.498,2.713,-1.000,0.500,2.392,0.239,1000.000,7.616,-0.292,-0.029,1000.000,7.616
2.428,2.665,2.360,2.614,2.497,2.715,-1.000,0.500,2.316,0.232,1000.000,7.616,-0.368,-0.037,1000.000,7.616
2.427,2.666,2.358,2.616,2.496,2.717,-1.000,0.500,2.240,0.224,1000.000,7.616,-0.444,-0.044,1000.000,7.616
2.426,2.668,2.357,2.618,2.494,2.719,-1.000,0.500,2.164,0.216,1000.000,7.616,-0.520,-0.052,1000.000,7.616
2.424,2.670,2.356,2.620,2.493,2.720,-1.000,0.500,2.088,0.209,1000.000,7.616,-0.596,-0.060,1000.000,7.616
2.423,2.672,2.354,2.622,2.492,2.722,-1.000,0.500,2.012,0.201,1000.000,7.616,-0.672,-0.067,1000.000,7.616
2.422,2.674,2.353,2.624,2.490,2.724,-1.000,0.500,1.935,0.194,1000.000,7.616,-0.748,-0.075,1000.000,7.616
2.420,2.676,2.352,2.626,2.489,2.726,-1.000,0.500,1.859,0.186,1000.000,7.616,-0.824,-0.082,1000.000,7.616
2.419,2.678,2.350,2.627,2.488,2.728,-1.000,0.500,1.783,0.178,1000.000,7.616,-0.900,-0.090,1000.000,7.616
2.418,2.679,2.349,2.629,2.486,2.730,-1.000,0.500,1.707,0.171,1000.000,7.616,-0.976,-0.098,1000.000,7.616
2.416,2.681,2.348,2.631,2.485,2.731,-1.000,0.500,1.631,0.163,1000.000,7.616,-1.052,-0.105,1000.000,7.616
2.415,2.683,2.346,2.633,2.484,2.733,-1.000,0.500,1.555,0.156,1000.000,7.616,-1.128,-0.113,1000.000,7.616
2.414,2.685,2.345,2.635,2.482,2.735,-1.000,0.500,1.479,0.148,1000.000,7.616,-1.204,-0.120,1000.000,7.616
2.412,2.687,2.344,2.637,2.481,2.737,-1.000,0.500,1.403,0.140,1000.000,7.616,-1.280,-0.128,1000.000,7.616
2.411,2.689,2.342,2.638,2.480,2.739,-1.000,0.500,1.327,0.133,1000.000,7.616,-1.356,-0.136,1000.000,7.616
2.410,2.690,2.341,2.640,2.478,2.741,-1.000,0.500,1.251,0.125,1000.000,7.616,-1.433,-0.143,1000.000,7.616
2.408,2.692,2.340,2.642,2.477,2.742,-1.000,0.500,1.175,0.117,1000.000,7.616,-1.509,-0.151,1000.000,7.616
2.407,2.694,2.338,2.644,2.476,2.744,-1.000,0.500,1.098,0.110,1000.000,7.616,-1.585,-0.158,1000.000,7.616
2.406,2.696,2.337,2.646,2.474,2.746,-1.000,0.500,1.022,0.102,1000.000,7.616,-1.661,-0.166,1000.000,7.616
2.404,2.698,2.336,2.648,2.473,2.748,-1.000,0.500,0.946,0.095,1000.000,7.616,-1.737,-0.174,1000.000,7.616
2.403,2.700,2.334,2.649,2.472,2.750,-1.000,0.500,0.870,0.087,1000.000,7.616,-1.813,-0.181,1000.000,7.616
2.402,2.701,2.333,2.651,2.470,2.752,-1.000,0.500,0.794,0.079,1000.000,7.616,-1.889,-0.189,1000.000,7.616
2.400,2.703,2.332,2.653,2.469,2.753,-1.000,0.500,0.718,0.072,1000.000,7.616,-1.965,-0.196,1000.000,7.616
2.399,2.705,2.330,2.655,2.467,2.755,-1.000,0.500,0.642,0.064,1000.000,7.616,-2.041,-0.204,1000.000,7.616
2.398,2.707,2.329,2.657,2.466,2.757,-1.000,0.500,0.566,0.057,1000.000,7.616,-2.117,-0.212,1000.000,7.616
2.396,2.709,2.328,2.659,2.465,2.759,-1.000,0.500,0.490,0.049,1000.000,7.616,-2.193,-0.219,1000.000,7.616
2.395,2.711,2.326,2.660,2.463,2.761,-1.000,0.500,0.414,0.041,1000.000,7.616,-2.269,-0.227,1000.000,7.616
2.394,2.712,2.325,2.662,2.462,2.763,-1.000,0.500,0.338,0.034,1000.000,7.616,-2.345,-0.235,1000.000,7.616
2.392,2.714,2.324,2.664,2.461,2.764,-1.000,0.500,0.262,0.026,1000.000,7.616,-2.421,-0.242,1000.000,7.616
2.391,2.716,2.322,2.666,2.459,2.766,-1.000,0.500,0.186,0.019,1000.000,7.616,-2.498,-0.250,1000.000,7.616
2.389,2.718,2.321,2.668,2.458,2.768,-1.000,0.500,0.110,0.011,1000.000,7.616,-2.574,-0.257,1000.000,7.616
2.388,2.720,2.320,2.670,2.457,2.770,-1.000,0.500,0.034,0.003,1000.000,7.616,-2.650,-0.265,1000.000,7.616
2.387,2.722,2.318,2.671,2.455,2.772,-1.000,0.500,-0.042,-0.004,1000.000,7.616,-2.726,-0.273,1000.000,7.616
2.385,2.723,2.317,2.673,2.454,2.774,-1.000,0.500,-0.118,-0.012,1000.000,7.616,-2.802,-0.280,1000.000,7.616
2.384,2.725,2.316,2.675,2.453,2.775,-1.000,0.500,-0.194,-0.019,1000.000,7.616,-2.878,-0.288,1000.000,7.616
2.383,2.727,2.314,2.677,2.451,2.777,-1.000,0.500,-0.271,-0.027,1000.000,7.616,-2.954,-0.295,1000.000,7.616
2.381,2.729,2.313,2.679,2.450,2.779,-1.000,0.500,-0.347,-0.035,1000.000,7.616,-3.030,-0.303,1000.000,7.616
2.380,2.731,2.311,2.681,2.449,2.781,-1.000,0.500,-0.423,-0.042,1000.000,7.616,-3.106,-0.311,1000.000,7.616
2.379,2.733,2.310,2.682,2.447,2.783,-1.000,0.500,-0.499,-0.050,1000.000,7.616,3.101,0.310,1000.000,7.616
2.377,2.735,2.309,2.684,2.446,2.785,-1.000,0.500,-0.575,-0.057,1000.000,7.616,3.025,0.302,1000.000,7.616
2.376,2.736,2.307,2.686,2.445,2.787,-1.000,0.500,-0.651,-0.065,1000.000,7.616,2.949,0.295,1000.000,7.616
2.375,2.738,2.306,2.688,2.443,2.788,-1.000,0.500,-0.727,-0.073,1000.000,7.616,2.873,0.287,1000.000,7.616
2.373,2.740,2.305,2.690,2.442,2.790,-1.000,0.500,-0.803,-0.080,1000.000,7.616,2.797,0.280,1000.000,7.616
2.372,2.742,2.303,2.692,2.441,2.792,-1.000,0.500,-0.879,-0.088,1000.000,7.616,2.721,0.272,1000.000,7.616
2.371,2.744,2.302,2.694,2.439,2.794,-1.000,0.500,-0.955,-0.095,1000.000,7.616,2.645,0.264,1000.000,7.616
2.369,2.746,2.301,2.695,2.438,2.796,-1.000,0.500,-1.031,-0.103,1000.000,7.616,2.568,0.257,1000.000,7.616
2.368,2.747,2.299,2.697,2.437,2.798,-1.000,0.500,-1.107,-0.111,1000.000,7.616,2.492,0.249,1000.000,7.616
2.367,2.749,2.298,2.699,2.435,2.799,-1.000,0.500,-1.183,-0.118,1000.000,7.616,2.416,0.242,1000.000,7.616
2.365,2.751,2.297,2.701,2.434,2.801,-1.000,0.500,-1.259,-0.126,1000.000,7.616,2.340,0.234,1000.000,7.616
2.364,2.753,2.295,2.703,2.433,2.803,-1.000,0.500,-1.335,-0.134,1000.000,7.616,2.264,0.226,1000.000,7.616
2.363,2.755,2.294,2.705,2.431,2.805,-1.000,0.500,-1.411,-0.141,1000.000,7.616,2.188,0.219,1000.000,7.616
2.361,2.757,2.293,2.706,2.430,2.807,-1.000,0.500,-1.487,-0.149,1000.000,7.616,2.112,0.211,1000.000,7.616
2.360,2.758,2.291,2.708,2.429,2.809,-1.000,0.500,-1.563,-0.156,1000.000,7.616,2.036,0.204,1000.000,7.616
2.359,2.760,2.290,2.710,2.427,2.810,-1.000,0.500,-1.639,-0.164,1000.000,7.616,1.960,0.196,1000.000,7.616
2.357,2.762,2.289,2.712,2.426,2.812,-1.000,0.500,-1.715,-0.172,1000.000,7.616,1.884,0.188,1000.000,7.616
2.356,2.764,2.287,2.714,2.425,2.814,-1.000,0.500,-1.791,-0.179,1000.000,7.616,1.808,0.181,1000.000,7.616
2.355,2.766,2.286,2.716,2.423,2.816,-1.000,0.500,-1.867,-0.187,1000.000,7.616,1.732,0.173,1000.000,7.616
2.353,2.768,2.285,2.717,2.422,2.818,-1.000,0.500,-1.943,-0.194,1000.000,7.616,1.656,0.166,1000.000,7.616
2.352,2.769,2.283,2.719,2.421,2.820,-1.000,0.500,-2.019,-0.202,1000.000,7.616,1.580,0.158,1000.000,7.616
2.351,2.771,2.282,2.721,2.419,2.821,-1.000,0.500,-2.095,-0.210,1000.000,7.616,1.504,0.150,1000.000,7.616
2.349,2.773,2.281,2.723,2.418,2.823,-1.000,0.500,-2.171,-0.217,1000.000,7.616,1.428,0.143,1000.000,7.616
2.348,2.775,2.279,2.725,2.417,2.825,-1.000,0.500,-2.247,-0.225,1000.000,7.616,1.352,0.135,1000.000,7.616
2.347,2.777,2.278,2.727,2.415,2.827,-1.000,0.500,-2.323,-0.232,1000.000,7.616,1.276,0.128,1000.000,7.616
2.345,2.779,2.277,2.728,2.414,2.829,-1.000,0.500,-2.400,-0.240,1000.000,7.616,1.199,0.120,1000.000,7.616
2.344,2.780,2.275,2.730,2.413,2.831,-1.000,0.500,-2.476,-0.248,1000.000,7.616,1.123,0.112,1000.000,7.616
2.343,2.782,2.274,2.732,2.411,2.832,-1.000,0.500,-2.552,-0.255,1000.000,7.616,1.047,0.105,1000.000,7.616
2.341,2.784,2.273,2.734,2.410,2.834,-1.000,0.500,-2.628,-0.263,1000.000,7.616,0.971,0.097,1000.000,7.616
2.340,2.786,2.271,2.736,2.409,2.836,-1.000,0.500,-2.704,-0.270,1000.000,7.616,0.895,0.090,1000.000,7.616
2.339,2.788,2.270,2.738,2.407,2.838,-1.000,0.500,-2.780,-0.278,1000.000,7.616,0.819,0.082,1000.000,7.616
2.337,2.790,2.269,2.739,2.406,2.840,-1.000,0.500,-2.856,-0.286,1000.000,7.616,0.743,0.074,1000.000,7.616
2.336,2.791,2.267,2.741,2.404,2.842,-1.000,0.500,-2.932,-0.293,1000.000,7.616,0.667,0.067,1000.000,7.616
2.335,2.793,2.266,2.743,2.403,2.843,-1.000,0.500,-3.008,-0.301,1000.000,7.616,0.591,0.059,1000.000,7.616
2.333,2.795,2.265,2.745,2.402,2.845,-1.000,0.500,-3.084,-0.308,1000.000,7.616,0.515,0.052,1000.000,7.616
2.332,2.797,2.263,2.747,2.400,2.847,-1.000,0.500,3.123,0.312,1000.000,7.616,0.439,0.044,1000.000,7.616
2.331,2.799,2.262,2.749,2.399,2.849,-1.000,0.500,3.047,0.305,1000.000,7.616,0.363,0.036,1000.000,7.616
2.329,2.801,2.261,2.750,2.398,2.851,-1.000,0.500,2.971,0.297,1000.000,7.616,0.287,0.029,1000.000,7.616
2.328,2.802,2.259,2.752,2.396,2.853,-1.000,0.500,2.895,0.290,1000.000,7.616,0.211,0.021,1000.000,7.616
2.327,2.804,2.258,2.754,2.395,2.854,-1.000,0.500,2.819,0.282,1000.000,7.616,0.135,0.013,1000.000,7.616
2.325,2.806,2.257,2.756,2.394,2.856,-1.000,0.500,2.743,0.274,1000.000,7.616,0.059,0.006,1000.000,7.616
2.324,2.808,2.255,2.758,2.392,2.858,-1.000,0.500,2.667,0.267,1000.000,7.616,-0.017,-0.002,1000.000,7.616
2.323,2.810,2.254,2.760,2.391,2.860,-1.000,0.500,2.591,0.259,1000.000,7.616,-0.093,-0.009,1000.000,7.616
2.321,2.812,2.253,2.761,2.390,2.862,-1.000,0.500,2.515,0.252,1000.000,7.616,-0.169,-0.017,1000.000,7.616
2.320,2.813,2.251,2.763,2.388,2.864,-1.000,0.500,2.439,0.244,1000.000,7.616,-0.245,-0.025,1000.000,7.616
2.318,2.815,2.250,2.765,2.387,2.865,-1.000,0.500,2.363,0.236,1000.000,7.616,-0.322,-0.032,1000.000,7.616
2.317,2.817,2.249,2.767,2.386,2.867,-1.000,0.500,2.287,0.229,1000.000,7.616,-0.397,-0.040,1000.000,7.616
2.316,2.819,2.247,2.769,2.384,2.869,-1.000,0.500,2.211,0.221,1000.000,7.616,-0.474,-0.047,1000.000,7.616
2.314,2.821,2.246,2.771,2.383,2.871,-1.000,0.500,2.135,0.213,1000.000,7.616,-0.550,-0.055,1000.000,7.616
2.313,2.823,2.245,2.772,2.382,2.873,-1.000,0.500,2.059,0.206,1000.000,7.616,-0.626,-0.063,1000.000,7.616
2.312,2.824,2.243,2.774,2.380,2.875,-1.000,0.500,1.983,0.198,1000.000,7.616,-0.702,-0.070,1000.000,7.616
2.310,2.826,2.242,2.776,2.379,2.876,-1.000,0.500,1.907,0.191,1000.000,7.616,-0.778,-0.078,1000.000,7.616
2.309,2.828,2.241,2.778,2.378,2.878,-1.000,0.500,1.831,0.183,1000.000,7.616,-0.854,-0.085,1000.000,7.616
2.308,2.830,2.239,2.780,2.376,2.880,-1.000,0.500,1.755,0.175,1000.000,7.616,-0.930,-0.093,1000.000,7.616
2.306,2.832,2.238,2.782,2.375,2.882,-1.000,0.500,1.679,0.168,1000.000,7.616,-1.006,-0.101,1000.000,7.616
2.305,2.834,2.237,2.783,2.374,2.884,-1.000,0.500,1.603,0.160,1000.000,7.616,-1.082,-0.108,1000.000,7.616
2.304,2.835,2.235,2.785,2.372,2.886,-1.000,0.500,1.527,0.153,1000.000,7.616,-1.158,-0.116,1000.000,7.616
2.302,2.837,2.234,2.787,2.371,2.887,-1.000,0.500,1.451,0.145,1000.000,7.616,-1.234,-0.123,1000.000,7.616
2.301,2.839,2.232,2.789,2.370,2.889,-1.000,0.500,1.375,0.137,1000.000,7.616,-1.310,-0.131,1000.000,7.616
2.300,2.841,2.231,2.791,2.368,2.891,-1.000,0.500,1.299,0.130,1000.000,7.616,-1.386,-0.139,1000.000,7.616
2.298,2.843,2.230,2.793,2.367,2.893,-1.000,0.500,1.223,0.122,1000.000,7.616,-1.462,-0.146,1000.000,7.616
2.297,2.845,2.228,2.794,2.366,2.895,-1.000,0.500,1.146,0.115,1000.000,7.616,-1.538,-0.154,1000.000,7.616
2.296,2.846,2.227,2.796,2.364,2.897,-1.000,0.500,1.070,0.107,1000.000,7.616,-1.614,-0.161,1000.000,7.616
2.294,2.848,2.226,2.798,2.363,2.899,-1.000,0.500,0.994,0.099,1000.000,7.616,-1.690,-0.169,1000.000,7.616
2.293,2.850,2.224,2.800,2.362,2.900,-1.000,0.500,0.918,0.092,1000.000,7.616,-1.766,-0.177,1000.000,7.616
2.292,2.852,2.223,2.802,2.360,2.902,-1.000,0.500,0.842,0.084,1000.000,7.616,-1.842,-0.184,1000.000,7.616
2.290,2.854,2.222,2.804,2.359,2.904,-1.000,0.500,0.766,0.077,1000.000,7.616,-1.918,-0.192,1000.000,7.616
2.289,2.856,2.220,2.805,2.358,2.906,-1.000,0.500,0.690,0.069,1000.000,7.616,-1.995,-0.199,1000.000,7.616
2.288,2.857,2.219,2.807,2.356,2.908,-1.000,0.500,0.614,0.061,1000.000,7.616,-2.071,-0.207,1000.000,7.616
2.286,2.859,2.218,2.809,2.355,2.910,-1.000,0.500,0.538,0.054,1000.000,7.616,-2.147,-0.215,1000.000,7.616
2.285,2.861,2.216,2.811,2.354,2.911,-1.000,0.500,0.462,0.046,1000.000,7.616,-2.223,-0.222,1000.000,7.616
2.284,2.863,2.215,2.813,2.352,2.913,-1.000,0.500,0.386,0.039,1000.000,7.616,-2.299,-0.230,1000.000,7.616
2.282,2.865,2.214,2.815,2.351,2.915,-1.000,0.500,0.310,0.031,1000.000,7.616,-2.375,-0.237,1000.000,7.616
2.281,2.867,2.212,2.816,2.350,2.917,-1.000,0.500,0.234,0.023,1000.000,7.616,-2.451,-0.245,1000.000,7.616
2.280,2.868,2.211,2.818,2.348,2.919,-1.000,0.500,0.158,0.016,1000.000,7.616,-2.527,-0.253,1000.000,7.616
2.278,2.870,2.210,2.820,2.347,2.921,-1.000,0.500,0.082,0.008,1000.000,7.616,-2.603,-0.260,1000.000,7.616
2.277,2.872,2.208,2.822,2.346,2.922,-1.000,0.500,0.006,0.001,1000.000,7.616,-2.679,-0.268,1000.000,7.616
2.276,2.874,2.207,2.824,2.344,2.924,-1.000,0.500,-0.070,-0.007,1000.000,7.616,-2.755,-0.276,1000.000,7.616
2.274,2.876,2.206,2.826,2.343,2.926,-1.000,0.500,-0.146,-0.015,1000.000,7.616,-2.831,-0.283,1000.000,7.616
2.273,2.878,2.204,2.827,2.342,2.928,-1.000,0.500,-0.222,-0.022,1000.000,7.616,-2.907,-0.291,1000.000,7.616
2.272,2.879,2.203,2.829,2.340,2.930,-1.000,0.500,-0.298,-0.030,1000.000,7.616,-2.983,-0.298,1000.000,7.616
2.270,2.881,2.202,2.831,2.339,2.932,-1.000,0.500,-0.374,-0.037,1000.000,7.616,-3.059,-0.306,1000.000,7.616
2.269,2.883,2.200,2.833,2.338,2.933,-1.000,0.500,-0.450,-0.045,1000.000,7.616,-3.135,-0.314,1000.000,7.616
2.268,2.885,2.199,2.835,2.336,2.935,-1.000,0.500,-0.526,-0.053,1000.000,7.616,3.072,0.307,1000.000,7.616
2.266,2.887,2.198,2.837,2.335,2.937,-1.000,0.500,-0.602,-0.060,1000.000,7.616,2.996,0.300,1000.000,7.616
2.265,2.889,2.196,2.838,2.333,2.939,-1.000,0.500,-0.678,-0.068,1000.000,7.616,2.920,0.292,1000.000,7.616
2.264,2.890,2.195,2.840,2.332,2.941,-1.000,0.500,-0.754,-0.075,1000.000,7.616,2.844,0.284,1000.000,7.616
2.262,2.892,2.194,2.842,2.331,2.943,-1.000,0.500,-0.830,-0.083,1000.000,7.616,2.768,0.277,1000.000,7.616
2.261,2.894,2.192,2.844,2.329,2.944,-1.000,0.500,-0.906,-0.091,1000.000,7.616,2.692,0.269,1000.000,7.616
2.260,2.896,2.191,2.846,2.328,2.946,-1.000,0.500,-0.982,-0.098,1000.000,7.616,2.616,0.262,1000.000,7.616
2.258,2.898,2.190,2.848,2.327,2.948,-1.000,0.500,-1.058,-0.106,1000.000,7.616,2.540,0.254,1000.000,7.616
2.257,2.900,2.188,2.849,2.325,2.950,-1.000,0.500,-1.134,-0.113,1000.000,7.616,2.463,0.246,1000.000,7.616
2.256,2.902,2.187,2.851,2.324,2.952,-1.000,0.500,-1.210,-0.121,1000.000,7.616,2.387,0.239,1000.000,7.616
2.254,2.903,2.186,2.853,2.323,2.954,-1.000,0.500,-1.286,-0.129,1000.000,7.616,2.311,0.231,1000.000,7.616
2.253,2.905,2.184,2.855,2.321,2.955,-1.000,0.500,-1.362,-0.136,1000.000,7.616,2.235,0.224,1000.000,7.616
2.252,2.907,2.183,2.857,2.320,2.957,-1.000,0.500,-1.438,-0.144,1000.000,7.616,2.159,0.216,1000.000,7.616
2.250,2.909,2.182,2.859,2.319,2.959,-1.000,0.500,-1.514,-0.151,1000.000,7.616,2.083,0.208,1000.000,7.616
2.249,2.911,2.180,2.860,2.317,2.961,-1.000,0.500,-1.591,-0.159,1000.000,7.616,2.007,0.201,1000.000,7.616
2.247,2.913,2.179,2.862,2.316,2.963,-1.000,0.500,-1.667,-0.167,1000.000,7.616,1.931,0.193,1000.000,7.616
2.246,2.914,2.178,2.864,2.315,2.965,-1.000,0.500,-1.743,-0.174,1000.000,7.616,1.855,0.185,1000.000,7.616
2.245,2.916,2.176,2.866,2.313,2.966,-1.000,0.500,-1.819,-0.182,1000.000,7.616,1.779,0.178,1000.000,7.616
2.243,2.918,2.175,2.868,2.312,2.968,-1.000,0.500,-1.895,-0.189,1000.000,7.616,1.703,0.170,1000.000,7.616
2.242,2.920,2.174,2.870,2.311,2.970,-1.000,0.500,-1.971,-0.197,1000.000,7.616,1.627,0.163,1000.000,7.616
2.241,2.922,2.172,2.871,2.309,2.972,-1.000,0.500,-2.047,-0.205,1000.000,7.616,1.551,0.155,1000.000,7.616
2.239,2.924,2.171,2.873,2.308,2.974,-1.000,0.500,-2.123,-0.212,1000.000,7.616,1.475,0.147,1000.000,7.616
2.238,2.925,2.170,2.875,2.307,2.976,-1.000,0.500,-2.199,-0.220,1000.000,7.616,1.399,0.140,1000.000,7.616
2.237,2.927,2.168,2.877,2.305,2.977,-1.000,0.500,-2.275,-0.227,1000.000,7.616,1.323,0.132,1000.000,7.616
2.235,2.929,2.167,2.879,2.304,2.979,-1.000,0.500,-2.351,-0.235,1000.000,7.616,1.247,0.125,1000.000,7.616
2.234,2.931,2.166,2.881,2.303,2.981,-1.000,0.500,-2.427,-0.243,1000.000,7.616,1.171,0.117,1000.000,7.616
2.233,2.933,2.164,2.882,2.301,2.983,-1.000,0.500,-2.503,-0.250,1000.000,7.616,1.094,0.109,1000.000,7.616
2.231,2.935,2.163,2.884,2.300,2.985,-1.000,0.500,-2.579,-0.258,1000.000,7.616,1.018,0.102,1000.000,7.616
2.230,2.936,2.161,2.886,2.299,2.987,-1.000,0.500,-2.655,-0.266,1000.000,7.616,0.942,0.094,1000.000,7.616
2.229,2.938,2.160,2.888,2.297,2.988,-1.000,0.500,-2.731,-0.273,1000.000,7.616,0.866,0.087,1000.000,7.616
2.227,2.940,2.159,2.890,2.296,2.990,-1.000,0.500,-2.807,-0.281,1000.000,7.616,0.790,0.079,1000.000,7.616
2.226,2.942,2.157,2.892,2.295,2.992,-1.000,0.500,-2.883,-0.288,1000.000,7.616,0.714,0.071,1000.000,7.616
2.225,2.944,2.156,2.893,2.293,2.994,-1.000,0.500,-2.959,-0.296,1000.000,7.616,0.638,0.064,1000.000,7.616
2.223,2.946,2.155,2.895,2.292,2.996,-1.000,0.500,-3.035,-0.304,1000.000,7.616,0.562,0.056,1000.000,7.616
2.222,2.947,2.153,2.897,2.291,2.998,-1.000,0.500,-3.111,-0.311,1000.000,7.616,0.486,0.049,1000.000,7.616
2.221,2.949,2.152,2.899,2.289,2.999,-1.000,0.500,3.096,0.310,1000.000,7.616,0.410,0.041,1000.000,7.616
2.219,2.951,2.151,2.901,2.288,3.001,-1.000,0.500,3.020,0.302,1000.000,7.616,0.334,0.033,1000.000,7.616
2.218,2.953,2.149,2.903,2.287,3.003,-1.000,0.500,2.944,0.294,1000.000,7.616,0.258,0.026,1000.000,7.616
2.217,2.955,2.148,2.904,2.285,3.005,-1.000,0.500,2.868,0.287,1000.000,7.616,0.182,0.018,1000.000,7.616
2.215,2.957,2.147,2.906,2.284,3.007,-1.000,0.500,2.792,0.279,1000.000,7.616,0.106,0.011,1000.000,7.616
2.214,2.958,2.145,2.908,2.283,3.009,-1.000,0.500,2.716,0.272,1000.000,7.616,0.030,0.003,1000.000,7.616
2.213,2.960,2.144,2.910,2.281,3.010,-1.000,0.500,2.640,0.264,1000.000,7.616,-0.046,-0.005,1000.000,7.616
2.211,2.962,2.143,2.912,2.280,3.012,-1.000,0.500,2.564,0.256,1000.000,7.616,-0.122,-0.012,1000.000,7.616
2.210,2.964,2.141,2.914,2.279,3.014,-1.000,0.500,2.488,0.249,1000.000,7.616,-0.198,-0.020,1000.000,7.616
2.209,2.966,2.140,2.915,2.277,3.016,-1.000,0.500,2.412,0.241,1000.000,7.616,-0.274,-0.027,1000.000,7.616
2.207,2.968,2.139,2.917,2.276,3.018,-1.000,0.500,2.336,0.234,1000.000,7.616,-0.350,-0.035,1000.000,7.616
2.206,2.969,2.137,2.919,2.275,3.020,-1.000,0.500,2.260,0.226,1000.000,7.616,-0.427,-0.043,1000.000,7.616
2.205,2.971,2.136,2.921,2.273,3.021,-1.000,0.500,2.184,0.218,1000.000,7.616,-0.502,-0.050,1000.000,7.616
2.203,2.973,2.135,2.923,2.272,3.023,-1.000,0.500,2.108,0.211,1000.000,7.616,-0.579,-0.058,1000.000,7.616
2.202,2.975,2.133,2.925,2.270,3.025,-1.000,0.500,2.032,0.203,1000.000,7.616,-0.655,-0.065,1000.000,7.616
2.201,2.977,2.132,2.926,2.269,3.027,-1.000,0.500,1.955,0.196,1000.000,7.616,-0.731,-0.073,1000.000,7.616
2.199,2.979,2.131,2.928,2.268,3.029,-1.000,0.500,1.879,0.188,1000.000,7.616,-0.807,-0.081,1000.000,7.616
2.198,2.980,2.129,2.930,2.266,3.031,-1.000,0.500,1.803,0.180,1000.000,7.616,-0.883,-0.088,1000.000,7.616
2.197,2.982,2.128,2.932,2.265,3.032,-1.000,0.500,1.727,0.173,1000.000,7.616,-0.959,-0.096,1000.000,7.616
2.195,2.984,2.127,2.934,2.264,3.034,-1.000,0.500,1.651,0.165,1000.000,7.616,-1.035,-0.103,1000.000,7.616
2.194,2.986,2.125,2.936,2.262,3.036,-1.000,0.500,1.575,0.158,1000.000,7.616,-1.111,-0.111,1000.000,7.616
2.193,2.988,2.124,2.937,2.261,3.038,-1.000,0.500,1.499,0.150,1000.000,7.616,-1.187,-0.119,1000.000,7.616
2.191,2.990,2.123,2.939,2.260,3.040,-1.000,0.500,1.423,0.142,1000.000,7.616,-1.263,-0.126,1000.000,7.616
2.190,2.991,2.121,2.941,2.258,3.042,-1.000,0.500,1.347,0.135,1000.000,7.616,-1.339,-0.134,1000.000,7.616
2.189,2.993,2.120,2.943,2.257,3.043,-1.000,0.500,1.271,0.127,1000.000,7.616,-1.415,-0.142,1000.000,7.616
2.187,2.995,2.119,2.945,2.256,3.045,-1.000,0.500,1.195,0.120,1000.000,7.616,-1.491,-0.149,1000.000,7.616
2.186,2.997,2.117,2.947,2.254,3.047,-1.000,0.500,1.119,0.112,1000.000,7.616,-1.567,-0.157,1000.000,7.616
2.185,2.999,2.116,2.948,2.253,3.049,-1.000,0.500,1.043,0.104,1000.000,7.616,-1.643,-0.164,1000.000,7.616
2.183,3.001,2.115,2.950,2.252,3.051,-1.000,0.500,0.967,0.097,1000.000,7.616,-1.719,-0.172,1000.000,7.616
2.182,3.002,2.113,2.952,2.250,3.053,-1.000,0.500,0.891,0.089,1000.000,7.616,-1.795,-0.180,1000.000,7.616
2.180,3.004,2.112,2.954,2.249,3.054,-1.000,0.500,0.815,0.082,1000.000,7.616,-1.871,-0.187,1000.000,7.616
2.179,3.006,2.111,2.956,2.248,3.056,-1.000,0.500,0.739,0.074,1000.000,7.616,-1.947,-0.195,1000.000,7.616
2.178,3.008,2.109,2.958,2.246,3.058,-1.000,0.500,0.663,0.066,1000.000,7.616,-2.023,-0.202,1000.000,7.616
2.176,3.010,2.108,2.959,2.245,3.060,-1.000,0.500,0.587,0.059,1000.000,7.616,-2.100,-0.210,1000.000,7.616
2.175,3.012,2.107,2.961,2.244,3.062,-1.000,0.500,0.511,0.051,1000.000,7.616,-2.176,-0.218,1000.000,7.616
2.174,3.013,2.105,2.963,2.242,3.064,-1.000,0.500,0.435,0.043,1000.000,7.616,-2.252,-0.225,1000.000,7.616
2.172,3.015,2.104,2.965,2.241,3.065,-1.000,0.500,0.359,0.036,1000.000,7.616,-2.328,-0.233,1000.000,7.616
2.171,3.017,2.103,2.967,2.240,3.067,-1.000,0.500,0.283,0.028,1000.000,7.616,-2.404,-0.240,1000.000,7.616
2.170,3.019,2.101,2.969,2.238,3.069,-1.000,0.500,0.207,0.021,1000.000,7.616,-2.480,-0.248,1000.000,7.616
2.168,3.021,2.100,2.970,2.237,3.071,-1.000,0.500,0.131,0.013,1000.000,7.616,-2.556,-0.256,1000.000,7.616
2.167,3.023,2.099,2.972,2.236,3.073,-1.000,0.500,0.055,0.005,1000.000,7.616,-2.632,-0.263,1000.000,7.616
2.166,3.024,2.097,2.974,2.234,3.075,-1.000,0.500,-0.021,-0.002,1000.000,7.616,-2.708,-0.271,1000.000,7.616
2.164,3.026,2.096,2.976,2.233,3.076,-1.000,0.500,-0.097,-0.010,1000.000,7.616,-2.784,-0.278,1000.000,7.616
2.163,3.028,2.094,2.978,2.232,3.078,-1.000,0.500,-0.173,-0.017,1000.000,7.616,-2.860,-0.286,1000.000,7.616
2.162,3.030,2.093,2.980,2.230,3.080,-1.000,0.500,-0.249,-0.025,1000.000,7.616,-2.936,-0.294,1000.000,7.616
2.160,3.032,2.092,2.981,2.229,3.082,-1.000,0.500,-0.325,-0.033,1000.000,7.616,-3.012,-0.301,1000.000,7.616
2.159,3.034,2.090,2.983,2.228,3.084,-1.000,0.500,-0.401,-0.040,1000.000,7.616,-3.088,-0.309,1000.000,7.616
2.158,3.035,2.089,2.985,2.226,3.086,-1.000,0.500,-0.477,-0.048,1000.000,7.616,3.119,0.312,1000.000,7.616
2.156,3.037,2.088,2.987,2.225,3.087,-1.000,0.500,-0.553,-0.055,1000.000,7.616,3.043,0.304,1000.000,7.616
2.155,3.039,2.086,2.989,2.224,3.089,-1.000,0.500,-0.629,-0.063,1000.000,7.616,2.967,0.297,1000.000,7.616
2.154,3.041,2.085,2.991,2.222,3.091,-1.000,0.500,-0.705,-0.071,1000.000,7.616,2.891,0.289,1000.000,7.616
2.152,3.043,2.084,2.992,2.221,3.093,-1.000,0.500,-0.782,-0.078,1000.000,7.616,2.815,0.281,1000.000,7.616
2.151,3.045,2.082,2.994,2.220,3.095,-1.000,0.500,-0.858,-0.086,1000.000,7.616,2.739,0.274,1000.000,7.616
2.150,3.046,2.081,2.996,2.218,3.097,-1.000,0.500,-0.934,-0.093,1000.000,7.616,2.663,0.266,1000.000,7.616
2.148,3.048,2.080,2.998,2.217,3.099,-1.000,0.500,-1.010,-0.101,1000.000,7.616,2.587,0.259,1000.000,7.616
2.147,3.050,2.078,3.000,2.216,3.100,-1.000,0.500,-1.086,-0.109,1000.000,7.616,2.511,0.251,1000.000,7.616
2.146,3.052,2.077,3.002,2.214,3.102,-1.000,0.500,-1.162,-0.116,1000.000,7.616,2.435,0.243,1000.000,7.616
2.144,3.054,2.076,3.003,2.213,3.104,-1.000,0.500,-1.238,-0.124,1000.000,7.616,2.358,0.236,1000.000,7.616
2.143,3.056,2.074,3.005,2.211,3.106,-1.000,0.500,-1.314,-0.131,1000.000,7.616,2.282,0.228,1000.000,7.616
2.142,3.057,2.073,3.007,2.210,3.108,-1.000,0.500,-1.390,-0.139,1000.000,7.616,2.206,0.221,1000.000,7.616
2.140,3.059,2.072,3.009,2.209,3.110,-1.000,0.500,-1.466,-0.147,1000.000,7.616,2.130,0.213,1000.000,7.616
2.139,3.061,2.070,3.011,2.207,3.111,-1.000,0.500,-1.542,-0.154,1000.000,7.616,2.054,0.205,1000.000,7.616
2.138,3.063,2.069,3.013,2.206,3.113,-1.000,0.500,-1.618,-0.162,1000.000,7.616,1.978,0.198,1000.000,7.616
2.136,3.065,2.068,3.014,2.205,3.115,-1.000,0.500,-1.694,-0.169,1000.000,7.616,1.902,0.190,1000.000,7.616
2.135,3.067,2.066,3.016,2.203,3.117,-1.000,0.500,-1.770,-0.177,1000.000,7.616,1.826,0.183,1000.000,7.616
2.134,3.068,2.065,3.018,2.202,3.119,-1.000,0.500,-1.846,-0.185,1000.000,7.616,1.750,0.175,1000.000,7.616
2.132,3.070,2.064,3.020,2.201,3.121,-1.000,0.500,-1.922,-0.192,1000.000,7.616,1.674,0.167,1000.000,7.616
2.131,3.072,2.062,3.022,2.199,3.122,-1.000,0.500,-1.998,-0.200,1000.000,7.616,1.598,0.160,1000.000,7.616
2.130,3.074,2.061,3.024,2.198,3.124,-1.000,0.500,-2.074,-0.207,1000.000,7.616,1.522,0.152,1000.000,7.616
2.128,3.076,2.060,3.025,2.197,3.126,-1.000,0.500,-2.150,-0.215,1000.000,7.616,1.446,0.145,1000.000,7.616
2.127,3.078,2.058,3.027,2.195,3.128,-1.000,0.500,-2.226,-0.223,1000.000,7.616,1.370,0.137,1000.000,7.616
2.126,3.079,2.057,3.029,2.194,3.130,-1.000,0.500,-2.302,-0.230,1000.000,7.616,1.294,0.129,1000.000,7.616
2.124,3.081,2.056,3.031,2.193,3.132,-1.000,0.500,-2.378,-0.238,1000.000,7.616,1.218,0.122,1000.000,7.616
2.123,3.083,2.054,3.033,2.191,3.133,-1.000,0.500,-2.454,-0.245,1000.000,7.616,1.142,0.114,1000.000,7.616
2.121,3.085,2.053,3.035,2.190,3.135,-1.000,0.500,-2.530,-0.253,1000.000,7.616,1.066,0.107,1000.000,7.616
2.120,3.087,2.052,3.036,2.189,3.137,-1.000,0.500,-2.606,-0.261,1000.000,7.616,0.989,0.099,1000.000,7.616
2.119,3.089,2.050,3.038,2.187,3.139,-1.000,0.500,-2.682,-0.268,1000.000,7.616,0.913,0.091,1000.000,7.616
2.117,3.090,2.049,3.040,2.186,3.141,-1.000,0.500,-2.758,-0.276,1000.000,7.616,0.837,0.084,1000.000,7.616
2.116,3.092,2.048,3.042,2.185,3.143,-1.000,0.500,-2.834,-0.283,1000.000,7.616,0.761,0.076,1000.000,7.616
2.115,3.094,2.046,3.044,2.183,3.144,-1.000,0.500,-2.910,-0.291,1000.000,7.616,0.685,0.069,1000.000,7.616
2.113,3.096,2.045,3.046,2.182,3.146,-1.000,0.500,-2.986,-0.299,1000.000,7.616,0.609,0.061,1000.000,7.616
2.112,3.098,2.044,3.047,2.181,3.148,-1.000,0.500,-3.062,-0.306,1000.000,7.616,0.533,0.053,1000.000,7.616
2.111,3.100,2.042,3.049,2.179,3.150,-1.000,0.500,-3.138,-0.314,1000.000,7.616,0.457,0.046,1000.000,7.616
2.109,3.101,2.041,3.051,2.178,3.152,-1.000,0.500,3.069,0.307,1000.000,7.616,0.381,0.038,1000.000,7.616
2.108,3.103,2.040,3.053,2.177,3.154,-1.000,0.500,2.993,0.299,1000.000,7.616,0.305,0.031,1000.000,7.616
2.107,3.105,2.038,3.055,2.175,3.155,-1.000,0.500,2.917,0.292,1000.000,7.616,0.229,0.023,1000.000,7.616
2.105,3.107,2.037,3.057,2.174,3.157,-1.000,0.500,2.841,0.284,1000.000,7.616,0.153,0.015,1000.000,7.616
2.104,3.109,2.036,3.058,2.173,3.159,-1.000,0.500,2.765,0.276,1000.000,7.616,0.077,0.008,1000.000,7.616
2.103,3.111,2.034,3.060,2.171,3.161,-1.000,0.500,2.689,0.269,1000.000,7.616,0.001,0.000,1000.000,7.616
2.101,3.112,2.033,3.062,2.170,3.163,-1.000,0.500,2.612,0.261,1000.000,7.616,-0.075,-0.008,1000.000,7.616
2.100,3.114,2.031,3.064,2.169,3.165,-1.000,0.500,2.536,0.254,1000.000,7.616,-0.151,-0.015,1000.000,7.616
2.099,3.116,2.030,3.066,2.167,3.166,-1.000,0.500,2.460,0.246,1000.000,7.616,-0.227,-0.023,1000.000,7.616
2.097,3.118,2.029,3.068,2.166,3.168,-1.000,0.500,2.384,0.238,1000.000,7.616,-0.303,-0.030,1000.000,7.616
2.096,3.120,2.027,3.069,2.165,3.170,-1.000,0.500,2.308,0.231,1000.000,7.616,-0.379,-0.038,1000.000,7.616
2.095,3.122,2.026,3.071,2.163,3.172,-1.000,0.500,2.232,0.223,1000.000,7.616,-0.455,-0.046,1000.000,7.616
2.093,3.123,2.025,3.073,2.162,3.174,-1.000,0.500,2.156,0.216,1000.000,7.616,-0.531,-0.053,1000.000,7.616
2.092,3.125,2.023,3.075,2.161,3.176,-1.000,0.500,2.080,0.208,1000.000,7.616,-0.607,-0.061,1000.000,7.616
2.091,3.127,2.022,3.077,2.159,3.177,-1.000,0.500,2.004,0.200,1000.000,7.616,-0.684,-0.068,1000.000,7.616
2.089,3.129,2.021,3.079,2.158,3.179,-1.000,0.500,1.928,0.193,1000.000,7.616,-0.760,-0.076,1000.000,7.616
2.088,3.131,2.019,3.080,2.156,3.181,-1.000,0.500,1.852,0.185,1000.000,7.616,-0.836,-0.084,1000.000,7.616
2.087,3.133,2.018,3.082,2.155,3.183,-1.000,0.500,1.776,0.178,1000.000,7.616,-0.912,-0.091,1000.000,7.616
2.085,3.134,2.017,3.084,2.154,3.185,-1.000,0.500,1.700,0.170,1000.000,7.616,-0.988,-0.099,1000.000,7.616
2.084,3.136,2.015,3.086,2.152,3.187,-1.000,0.500,1.624,0.162,1000.000,7.616,-1.064,-0.106,1000.000,7.616
2.083,3.138,2.014,3.088,2.151,3.188,-1.000,0.500,1.548,0.155,1000.000,7.616,-1.140,-0.114,1000.000,7.616
2.081,3.140,2.013,3.090,2.150,3.190,-1.000,0.500,1.472,0.147,1000.000,7.616,-1.216,-0.122,1000.000,7.616
2.080,3.142,2.011,3.091,2.148,3.192,-1.000,0.500,1.396,0.140,1000.000,7.616,-1.292,-0.129,1000.000,7.616
2.079,3.144,2.010,3.093,2.147,3.194,-1.000,0.500,1.320,0.132,1000.000,7.616,-1.368,-0.137,1000.000,7.616
2.077,3.145,2.009,3.095,2.146,3.196,-1.000,0.500,1.244,0.124,1000.000,7.616,-1.444,-0.144,1000.000,7.616
2.076,3.147,2.007,3.097,2.144,3.198,-1.000,0.500,1.168,0.117,1000.000,7.616,-1.520,-0.152,1000.000,7.616
2.075,3.149,2.006,3.099,2.143,3.199,-1.000,0.500,1.092,0.109,1000.000,7.616,-1.596,-0.160,1000.000,7.616
2.073,3.151,2.005,3.101,2.142,3.201,-1.000,0.500,1.016,0.102,1000.000,7.616,-1.672,-0.167,1000.000,7.616
2.072,3.153,2.003,3.102,2.140,3.203,-1.000,0.500,0.940,0.094,1000.000,7.616,-1.748,-0.175,1000.000,7.616
2.071,3.155,2.002,3.104,2.139,3.205,-1.000,0.500,0.864,0.086,1000.000,7.616,-1.824,-0.182,1000.000,7.616
2.069,3.156,2.001,3.106,2.138,3.207,-1.000,0.500,0.788,0.079,1000.000,7.616,-1.900,-0.190,1000.000,7.616
2.068,3.158,1.999,3.108,2.136,3.209,-1.000,0.500,0.712,0.071,1000.000,7.616,-1.976,-0.198,1000.000,7.616
2.066,3.160,1.998,3.110,2.135,3.210,-1.000,0.500,0.636,0.064,1000.000,7.616,-2.052,-0.205,1000.000,7.616
2.065,3.162,1.997,3.112,2.134,3.212,-1.000,0.500,0.560,0.056,1000.000,7.616,-2.128,-0.213,1000.000,7.616
2.064,3.164,1.995,3.113,2.132,3.214,-1.000,0.500,0.484,0.048,1000.000,7.616,-2.205,-0.220,1000.000,7.616
2.062,3.166,1.994,3.115,2.131,3.216,-1.000,0.500,0.408,0.041,1000.000,7.616,-2.281,-0.228,1000.000,7.616
2.061,3.167,1.993,3.117,2.130,3.218,-1.000,0.500,0.332,0.033,1000.000,7.616,-2.357,-0.236,1000.000,7.616
2.060,3.169,1.991,3.119,2.128,3.220,-1.000,0.500,0.256,0.026,1000.000,7.616,-2.433,-0.243,1000.000,7.616
2.058,3.171,1.990,3.121,2.127,3.221,-1.000,0.500,0.180,0.018,1000.000,7.616,-2.509,-0.251,1000.000,7.616
2.057,3.173,1.989,3.123,2.126,3.223,-1.000,0.500,0.104,0.010,1000.000,7.616,-2.585,-0.258,1000.000,7.616
2.056,3.175,1.987,3.124,2.124,3.225,-1.000,0.500,0.027,0.003,1000.000,7.616,-2.661,-0.266,1000.000,7.616
2.054,3.177,1.986,3.126,2.123,3.227,-1.000,0.500,-0.049,-0.005,1000.000,7.616,-2.737,-0.274,1000.000,7.616
2.053,3.178,1.985,3.128,2.122,3.229,-1.000,0.500,-0.125,-0.012,1000.000,7.616,-2.813,-0.281,1000.000,7.616
2.052,3.180,1.983,3.130,2.120,3.231,-1.000,0.500,-0.201,-0.020,1000.000,7.616,-2.889,-0.289,1000.000,7.616
2.050,3.182,1.982,3.132,2.119,3.232,-1.000,0.500,-0.277,-0.028,1000.000,7.616,-2.965,-0.297,1000.000,7.616
2.049,3.184,1.981,3.134,2.118,3.234,-1.000,0.500,-0.353,-0.035,1000.000,7.616,-3.041,-0.304,1000.000,7.616
2.048,3.186,1.979,3.135,2.116,3.236,-1.000,0.500,-0.429,-0.043,1000.000,7.616,-3.117,-0.312,1000.000,7.616
2.046,3.188,1.978,3.137,2.115,3.238,-1.000,0.500,-0.505,-0.050,1000.000,7.616,3.090,0.309,1000.000,7.616
2.045,3.189,1.976,3.139,2.114,3.240,-1.000,0.500,-0.581,-0.058,1000.000,7.616,3.014,0.301,1000.000,7.616
2.044,3.191,1.975,3.141,2.112,3.242,-1.000,0.500,-0.657,-0.066,1000.000,7.616,2.938,0.294,1000.000,7.616
2.042,3.193,1.974,3.143,2.111,3.243,-1.000,0.500,-0.733,-0.073,1000.000,7.616,2.862,0.286,1000.000,7.616
2.041,3.195,1.972,3.145,2.110,3.245,-1.000,0.500,-0.809,-0.081,1000.000,7.616,2.786,0.279,1000.000,7.616
2.040,3.197,1.971,3.146,2.108,3.247,-1.000,0.500,-0.885,-0.088,1000.000,7.616,2.710,0.271,1000.000,7.616
2.038,3.199,1.970,3.148,2.107,3.249,-1.000,0.500,-0.961,-0.096,1000.000,7.616,2.634,0.263,1000.000,7.616
2.037,3.200,1.968,3.150,2.105,3.251,-1.000,0.500,-1.037,-0.104,1000.000,7.616,2.558,0.256,1000.000,7.616
2.036,3.202,1.967,3.152,2.104,3.253,-1.000,0.500,-1.113,-0.111,1000.000,7.616,2.482,0.248,1000.000,7.616
2.034,3.204,1.966,3.154,2.103,3.254,-1.000,0.500,-1.189,-0.119,1000.000,7.616,2.406,0.241,1000.000,7.616
2.033,3.206,1.964,3.156,2.101,3.256,-1.000,0.500,-1.265,-0.127,1000.000,7.616,2.330,0.233,1000.000,7.616
2.032,3.208,1.963,3.157,2.100,3.258,-1.000,0.500,-1.341,-0.134,1000.000,7.616,2.253,0.225,1000.000,7.616
2.030,3.210,1.962,3.159,2.099,3.260,-1.000,0.500,-1.417,-0.142,1000.000,7.616,2.177,0.218,1000.000,7.616
2.029,3.211,1.960,3.161,2.097,3.262,-1.000,0.500,-1.493,-0.149,1000.000,7.616,2.101,0.210,1000.000,7.616
2.028,3.213,1.959,3.163,2.096,3.264,-1.000,0.500,-1.569,-0.157,1000.000,7.616,2.025,0.203,1000.000,7.616
2.026,3.215,1.958,3.165,2.095,3.265,-1.000,0.500,-1.645,-0.165,1000.000,7.616,1.949,0.195,1000.000,7.616
2.025,3.217,1.956,3.167,2.093,3.267,-1.000,0.500,-1.721,-0.172,1000.000,7.616,1.873,0.187,1000.000,7.616
2.024,3.219,1.955,3.168,2.092,3.269,-1.000,0.500,-1.797,-0.180,1000.000,7.616,1.797,0.180,1000.000,7.616
2.022,3.221,1.954,3.170,2.091,3.271,-1.000,0.500,-1.873,-0.187,1000.000,7.616,1.721,0.172,1000.000,7.616
2.021,3.222,1.952,3.172,2.089,3.273,-1.000,0.500,-1.949,-0.195,1000.000,7.616,1.645,0.165,1000.000,7.616
2.020,3.224,1.951,3.174,2.088,3.275,-1.000,0.500,-2.025,-0.203,1000.000,7.616,1.569,0.157,1000.000,7.616
2.018,3.226,1.950,3.176,2.087,3.276,-1.000,0.500,-2.101,-0.210,1000.000,7.616,1.493,0.149,1000.000,7.616
2.017,3.228,1.948,3.178,2.085,3.278,-1.000,0.500,-2.177,-0.218,1000.000,7.616,1.417,0.142,1000.000,7.616
2.015,3.230,1.947,3.179,2.084,3.280,-1.000,0.500,-2.253,-0.225,1000.000,7.616,1.341,0.134,1000.000,7.616
2.014,3.232,1.946,3.181,2.083,3.282,-1.000,0.500,-2.329,-0.233,1000.000,7.616,1.265,0.126,1000.000,7.616
2.013,3.233,1.944,3.183,2.081,3.284,-1.000,0.500,-2.406,-0.241,1000.000,7.616,1.189,0.119,1000.000,7.616
2.011,3.235,1.943,3.185,2.080,3.286,-1.000,0.500,-2.482,-0.248,1000.000,7.616,1.113,0.111,1000.000,7.616
2.010,3.237,1.942,3.187,2.079,3.287,-1.000,0.500,-2.558,-0.256,1000.000,7.616,1.037,0.104,1000.000,7.616
2.009,3.239,1.940,3.189,2.077,3.289,-1.000,0.500,-2.634,-0.263,1000.000,7.616,0.961,0.096,1000.000,7.616
2.007,3.241,1.939,3.190,2.076,3.291,-1.000,0.500,-2.710,-0.271,1000.000,7.616,0.885,0.088,1000.000,7.616
2.006,3.243,1.938,3.192,2.075,3.293,-1.000,0.500,-2.786,-0.279,1000.000,7.616,0.809,0.081,1000.000,7.616
2.005,3.244,1.936,3.194,2.073,3.295,-1.000,0.500,-2.862,-0.286,1000.000,7.616,0.732,0.073,1000.000,7.616
2.003,3.246,1.935,3.196,2.072,3.297,-1.000,0.500,-2.938,-0.294,1000.000,7.616,0.656,0.066,1000.000,7.616
2.002,3.248,1.934,3.198,2.071,3.298,-1.000,0.500,-3.014,-0.301,1000.000,7.616,0.580,0.058,1000.000,7.616
2.001,3.250,1.932,3.200,2.069,3.300,-1.000,0.500,-3.090,-0.309,1000.000,7.616,0.504,0.050,1000.000,7.616
1.999,3.252,1.931,3.201,2.068,3.302,-1.000,0.500,3.117,0.312,1000.000,7.616,0.428,0.043,1000.000,7.616
1.998,3.254,1.930,3.203,2.067,3.304,-1.000,0.500,3.041,0.304,1000.000,7.616,0.352,0.035,1000.000,7.616
1.997,3.255,1.928,3.205,2.065,3.306,-1.000,0.500,2.965,0.297,1000.000,7.616,0.276,0.028,1000.000,7.616
1.995,3.257,1.927,3.207,2.064,3.308,-1.000,0.500,2.889,0.289,1000.000,7.616,0.200,0.020,1000.000,7.616
1.994,3.259,1.926,3.209,2.063,3.309,-1.000,0.500,2.813,0.281,1000.000,7.616,0.124,0.012,1000.000,7.616
1.993,3.261,1.924,3.211,2.061,3.311,-1.000,0.500,2.737,0.274,1000.000,7.616,0.048,0.005,1000.000,7.616
1.991,3.263,1.923,3.212,2.060,3.313,-1.000,0.500,2.661,0.266,1000.000,7.616,-0.028,-0.003,1000.000,7.616
1.990,3.265,1.921,3.214,2.059,3.315,-1.000,0.500,2.585,0.259,1000.000,7.616,-0.104,-0.010,1000.000,7.616
1.989,3.266,1.920,3.216,2.057,3.317,-1.000,0.500,2.509,0.251,1000.000,7.616,-0.180,-0.018,1000.000,7.616
1.987,3.268,1.919,3.218,2.056,3.319,-1.000,0.500,2.433,0.243,1000.000,7.616,-0.256,-0.026,1000.000,7.616
1.986,3.270,1.917,3.220,2.054,3.320,-1.000,0.500,2.357,0.236,1000.000,7.616,-0.332,-0.033,1000.000,7.616
1.985,3.272,1.916,3.222,2.053,3.322,-1.000,0.500,2.281,0.228,1000.000,7.616,-0.408,-0.041,1000.000,7.616
