# main body x,main body y,wheel left x,wheel left y,wheel right x,wheel right y,right 1 external,right 1 internal,wheel left hinge internal,wheel left hinge external,wheel left hinge applied force,wheel left hinge applied velocity,wheel right hinge internal,wheel right hinge external,wheel right hinge applied force,wheel right hinge applied velocity
2.250,0.000,2.201,0.070,2.299,-0.070,-1.000,0.500,0.000,0.000,1000.000,0.000,0.000,0.000,1000.000,0.000
2.250,0.000,2.201,0.070,2.299,-0.070,-1.000,0.500,-0.000,-0.000,1000.000,0.000,-0.000,-0.000,1000.000,0.000
2.250,0.000,2.201,0.070,2.299,-0.070,-1.000,0.500,-0.000,-0.000,1000.000,0.000,-0.000,-0.000,1000.000,0.000
2.250,0.000,2.201,0.070,2.299,-0.070,-1.000,0.500,-0.000,-0.000,1000.000,0.000,-0.000,-0.000,1000.000,0.000
2.250,0.000,2.201,0.070,2.299,-0.070,-1.000,0.500,0.000,0.000,1000.000,0.000,-0.000,-0.000,1000.000,0.000
2.250,0.000,2.201,0.070,2.299,-0.070,-1.000,0.500,0.000,0.000,1000.000,0.000,-0.000,-0.000,1000.000,0.000
2.250,0.000,2.201,0.070,2.299,-0.070,-1.000,0.500,0.000,0.000,1000.000,0.000,-0.000,-0.000,1000.000,0.000
2.250,0.000,2.201,0.070,2.299,-0.070,-1.000,0.500,0.000,0.000,1000.000,0.000,-0.000,-0.000,1000.000,0.000
2.250,0.000,2.201,0.070,2.299,-0.070,-1.000,0.500,0.000,0.000,1000.000,0.000,-0.000,-0.000,1000.000,0.000
2.250,0.000,2.201,0.070,2.299,-0.070,-1.000,0.500,0.000,0.000,1000.000,0.000,-0.000,-0.000,1000.000,0.000
2.250,0.000,2.201,0.070,2.299,-0.070,-1.000,0.500,0.000,0.000,1000.000,7.616,-0.001,-0.000,1000.000,7.616
2.250,0.000,2.201,0.070,2.299,-0.069,-1.000,0.500,-0.064,-0.006,1000.000,7.616,-0.065,-0.006,1000.000,7.616
2.250,0.001,2.202,0.070,2.300,-0.069,-1.000,0.500,-0.113,-0.011,1000.000,7.616,-0.119,-0.012,1000.000,7.616
2.251,0.002,2.202,0.071,2.300,-0.068,-1.000,0.500,-0.183,-0.018,1000.000,7.616,-0.190,-0.019,1000.000,7.616
2.251,0.002,2.203,0.072,2.301,-0.067,-1.000,0.500,-0.239,-0.024,1000.000,7.616,-0.266,-0.027,1000.000,7.616
2.252,0.003,2.203,0.072,2.302,-0.066,-1.000,0.500,-0.311,-0.031,1000.000,7.616,-0.321,-0.032,1000.000,7.616
2.253,0.004,2.205,0.073,2.303,-0.066,-1.000,0.500,-0.373,-0.037,1000.000,7.616,-0.397,-0.040,1000.000,7.616
2.255,0.005,2.205,0.074,2.304,-0.064,-1.000,0.500,-0.446,-0.045,1000.000,7.616,-0.460,-0.046,1000.000,7.616
2.256,0.006,2.207,0.075,2.305,-0.064,-1.000,0.500,-0.512,-0.051,1000.000,7.616,-0.536,-0.054,1000.000,7.616
2.257,0.007,2.208,0.076,2.307,-0.062,-1.000,0.500,-0.585,-0.059,1000.000,7.616,-0.602,-0.060,1000.000,7.616
2.259,0.008,2.210,0.077,2.308,-0.061,-1.000,0.500,-0.655,-0.065,1000.000,7.616,-0.679,-0.068,1000.000,7.616
2.260,0.009,2.211,0.078,2.310,-0.060,-1.000,0.500,-0.728,-0.073,1000.000,7.616,-0.748,-0.075,1000.000,7.616
2.262,0.010,2.213,0.079,2.312,-0.059,-1.000,0.500,-0.800,-0.080,1000.000,7.616,-0.824,-0.082,1000.000,7.616
2.264,0.011,2.214,0.080,2.313,-0.058,-1.000,0.500,-0.874,-0.087,1000.000,7.616,-0.896,-0.090,1000.000,7.616
2.265,0.012,2.216,0.081,2.315,-0.057,-1.000,0.500,-0.947,-0.095,1000.000,7.616,-0.972,-0.097,1000.000,7.616
2.267,0.014,2.217,0.083,2.317,-0.055,-1.000,0.500,-1.022,-0.102,1000.000,7.616,-1.045,-0.105,1000.000,7.616
2.269,0.015,2.219,0.084,2.319,-0.054,-1.000,0.500,-1.095,-0.110,1000.000,7.616,-1.122,-0.112,1000.000,7.616
2.271,0.016,2.221,0.085,2.320,-0.053,-1.000,0.500,-1.170,-0.117,1000.000,7.616,-1.196,-0.120,1000.000,7.616
2.272,0.017,2.223,0.086,2.322,-0.051,-1.000,0.500,-1.245,-0.124,1000.000,7.616,-1.272,-0.127,1000.000,7.616
2.274,0.019,2.224,0.088,2.324,-0.050,-1.000,0.500,-1.320,-0.132,1000.000,7.616,-1.347,-0.135,1000.000,7.616
2.276,0.020,2.226,0.089,2.326,-0.049,-1.000,0.500,-1.395,-0.140,1000.000,7.616,-1.423,-0.142,1000.000,7.616
2.278,0.021,2.228,0.090,2.328,-0.048,-1.000,0.500,-1.471,-0.147,1000.000,7.616,-1.498,-0.150,1000.000,7.616
2.280,0.023,2.230,0.091,2.329,-0.046,-1.000,0.500,-1.546,-0.155,1000.000,7.616,-1.574,-0.157,1000.000,7.616
2.281,0.024,2.231,0.093,2.331,-0.045,-1.000,0.500,-1.622,-0.162,1000.000,7.616,-1.650,-0.165,1000.000,7.616
2.283,0.025,2.233,0.094,2.333,-0.044,-1.000,0.500,-1.697,-0.170,1000.000,7.616,-1.726,-0.173,1000.000,7.616
2.285,0.026,2.235,0.095,2.335,-0.042,-1.000,0.500,-1.773,-0.177,1000.000,7.616,-1.802,-0.180,1000.000,7.616
2.287,0.028,2.237,0.097,2.337,-0.041,-1.000,0.500,-1.848,-0.185,1000.000,7.616,-1.877,-0.188,1000.000,7.616
2.289,0.029,2.239,0.098,2.339,-0.040,-1.000,0.500,-1.924,-0.192,1000.000,7.616,-1.953,-0.195,1000.000,7.616
2.290,0.030,2.240,0.099,2.340,-0.038,-1.000,0.500,-2.000,-0.200,1000.000,7.616,-2.029,-0.203,1000.000,7.616
2.292,0.032,2.242,0.101,2.342,-0.037,-1.000,0.500,-2.076,-0.208,1000.000,7.616,-2.105,-0.211,1000.000,7.616
2.294,0.033,2.244,0.102,2.344,-0.036,-1.000,0.500,-2.152,-0.215,1000.000,7.616,-2.181,-0.218,1000.000,7.616
2.296,0.034,2.246,0.103,2.346,-0.034,-1.000,0.500,-2.228,-0.223,1000.000,7.616,-2.258,-0.226,1000.000,7.616
2.298,0.036,2.248,0.105,2.348,-0.033,-1.000,0.500,-2.304,-0.230,1000.000,7.616,-2.334,-0.233,1000.000,7.616
2.300,0.037,2.250,0.106,2.350,-0.032,-1.000,0.500,-2.380,-0.238,1000.000,7.616,-2.410,-0.241,1000.000,7.616
2.301,0.038,2.251,0.107,2.351,-0.030,-1.000,0.500,-2.456,-0.246,1000.000,7.616,-2.486,-0.249,1000.000,7.616
2.303,0.040,2.253,0.109,2.353,-0.029,-1.000,0.500,-2.532,-0.253,1000.000,7.616,-2.562,-0.256,1000.000,7.616
2.305,0.041,2.255,0.110,2.355,-0.028,-1.000,0.500,-2.608,-0.261,1000.000,7.616,-2.638,-0.264,1000.000,7.616
2.307,0.042,2.257,0.111,2.357,-0.026,-1.000,0.500,-2.684,-0.268,1000.000,7.616,-2.714,-0.271,1000.000,7.616
2.309,0.044,2.259,0.113,2.359,-0.025,-1.000,0.500,-2.760,-0.276,1000.000,7.616,-2.790,-0.279,1000.000,7.616
2.311,0.045,2.261,0.114,2.361,-0.024,-1.000,0.500,-2.836,-0.284,1000.000,7.616,-2.866,-0.287,1000.000,7.616
2.312,0.046,2.263,0.115,2.362,-0.022,-1.000,0.500,-2.912,-0.291,1000.000,7.616,-2.942,-0.294,1000.000,7.616
2.314,0.048,2.264,0.117,2.364,-0.021,-1.000,0.500,-2.988,-0.299,1000.000,7.616,-3.018,-0.302,1000.000,7.616
2.316,0.049,2.266,0.118,2.366,-0.020,-1.000,0.500,-3.064,-0.306,1000.000,7.616,-3.094,-0.309,1000.000,7.616
2.318,0.050,2.268,0.119,2.368,-0.018,-1.000,0.500,-3.141,-0.314,1000.000,7.616,3.113,0.311,1000.000,7.616
2.320,0.052,2.270,0.121,2.370,-0.017,-1.000,0.500,3.066,0.307,1000.000,7.616,3.037,0.304,1000.000,7.616
2.322,0.053,2.272,0.122,2.372,-0.016,-1.000,0.500,2.990,0.299,1000.000,7.616,2.961,0.296,1000.000,7.616
2.324,0.054,2.274,0.123,2.374,-0.014,-1.000,0.500,2.914,0.291,1000.000,7.616,2.885,0.288,1000.000,7.616
2.325,0.056,2.275,0.125,2.375,-0.013,-1.000,0.500,2.838,0.284,1000.000,7.616,2.809,0.281,1000.000,7.616
2.327,0.057,2.277,0.126,2.377,-0.012,-1.000,0.500,2.762,0.276,1000.000,7.616,2.733,0.273,1000.000,7.616
2.329,0.058,2.279,0.127,2.379,-0.010,-1.000,0.500,2.686,0.269,1000.000,7.616,2.657,0.266,1000.000,7.616
2.331,0.060,2.281,0.129,2.381,-0.009,-1.000,0.500,2.610,0.261,1000.000,7.616,2.581,0.258,1000.000,7.616
2.333,0.061,2.283,0.130,2.383,-0.008,-1.000,0.500,2.534,0.253,1000.000,7.616,2.505,0.250,1000.000,7.616
2.335,0.062,2.285,0.131,2.385,-0.006,-1.000,0.500,2.458,0.246,1000.000,7.616,2.429,0.243,1000.000,7.616
2.336,0.064,2.287,0.133,2.386,-0.005,-1.000,0.500,2.382,0.238,1000.000,7.616,2.353,0.235,1000.000,7.616
2.338,0.065,2.288,0.134,2.388,-0.004,-1.000,0.500,2.306,0.231,1000.000,7.616,2.277,0.228,1000.000,7.616
2.340,0.066,2.290,0.135,2.390,-0.002,-1.000,0.500,2.230,0.223,1000.000,7.616,2.201,0.220,1000.000,7.616
2.342,0.068,2.292,0.137,2.392,-0.001,-1.000,0.500,2.154,0.215,1000.000,7.616,2.125,0.212,1000.000,7.616
2.344,0.069,2.294,0.138,2.394,0.000,-1.000,0.500,2.078,0.208,1000.000,7.616,2.048,0.205,1000.000,7.616
2.346,0.070,2.296,0.139,2.396,0.002,-1.000,0.500,2.002,0.200,1000.000,7.616,1.973,0.197,1000.000,7.616
2.348,0.072,2.298,0.141,2.397,0.003,-1.000,0.500,1.926,0.193,1000.000,7.616,1.896,0.190,1000.000,7.616
2.349,0.073,2.299,0.142,2.399,0.004,-1.000,0.500,1.850,0.185,1000.000,7.616,1.820,0.182,1000.000,7.616
2.351,0.074,2.301,0.143,2.401,0.006,-1.000,0.500,1.773,0.177,1000.000,7.616,1.744,0.174,1000.000,7.616
2.353,0.076,2.303,0.145,2.403,0.007,-1.000,0.500,1.697,0.170,1000.000,7.616,1.668,0.167,1000.000,7.616
2.355,0.077,2.305,0.146,2.405,0.008,-1.000,0.500,1.621,0.162,1000.000,7.616,1.592,0.159,1000.000,7.616
2.357,0.078,2.307,0.147,2.407,0.010,-1.000,0.500,1.545,0.155,1000.000,7.616,1.516,0.152,1000.000,7.616
2.359,0.080,2.309,0.149,2.409,0.011,-1.000,0.500,1.469,0.147,1000.000,7.616,1.440,0.144,1000.000,7.616
2.360,0.081,2.311,0.150,2.410,0.012,-1.000,0.500,1.393,0.139,1000.000,7.616,1.364,0.136,1000.000,7.616
2.362,0.082,2.312,0.151,2.412,0.014,-1.000,0.500,1.317,0.132,1000.000,7.616,1.288,0.129,1000.000,7.616
2.364,0.084,2.314,0.153,2.414,0.015,-1.000,0.500,1.241,0.124,1000.000,7.616,1.212,0.121,1000.000,7.616
2.366,0.085,2.316,0.154,2.416,0.016,-1.000,0.500,1.165,0.116,1000.000,7.616,1.136,0.114,1000.000,7.616
2.368,0.086,2.318,0.155,2.418,0.018,-1.000,0.500,1.089,0.109,1000.000,7.616,1.060,0.106,1000.000,7.616
2.370,0.088,2.320,0.157,2.420,0.019,-1.000,0.500,1.012,0.101,1000.000,7.616,0.984,0.098,1000.000,7.616
2.372,0.089,2.322,0.158,2.421,0.020,-1.000,0.500,0.936,0.094,1000.000,7.616,0.908,0.091,1000.000,7.616
2.373,0.090,2.324,0.159,2.423,0.022,-1.000,0.500,0.860,0.086,1000.000,7.616,0.832,0.083,1000.000,7.616
2.375,0.092,2.325,0.161,2.425,0.023,-1.000,0.500,0.784,0.078,1000.000,7.616,0.756,0.076,1000.000,7.616
2.377,0.093,2.327,0.162,2.427,0.024,-1.000,0.500,0.708,0.071,1000.000,7.616,0.680,0.068,1000.000,7.616
2.379,0.094,2.329,0.163,2.429,0.026,-1.000,0.500,0.632,0.063,1000.000,7.616,0.604,0.060,1000.000,7.616
2.381,0.096,2.331,0.165,2.431,0.027,-1.000,0.500,0.556,0.056,1000.000,7.616,0.528,0.053,1000.000,7.616
2.383,0.097,2.333,0.166,2.432,0.028,-1.000,0.500,0.480,0.048,1000.000,7.616,0.452,0.045,1000.000,7.616
2.384,0.098,2.335,0.167,2.434,0.030,-1.000,0.500,0.404,0.040,1000.000,7.616,0.375,0.038,1000.000,7.616
2.386,0.100,2.336,0.169,2.436,0.031,-1.000,0.500,0.328,0.033,1000.000,7.616,0.299,0.030,1000.000,7.616
2.388,0.101,2.338,0.170,2.438,0.032,-1.000,0.500,0.251,0.025,1000.000,7.616,0.223,0.022,1000.000,7.616
2.390,0.102,2.340,0.171,2.440,0.034,-1.000,0.500,0.175,0.018,1000.000,7.616,0.147,0.015,1000.000,7.616
2.392,0.104,2.342,0.173,2.442,0.035,-1.000,0.500,0.099,0.010,1000.000,7.616,0.071,0.007,1000.000,7.616
2.394,0.105,2.344,0.174,2.444,0.036,-1.000,0.500,0.023,0.002,1000.000,7.616,-0.005,-0.000,1000.000,7.616
2.396,0.106,2.346,0.175,2.445,0.038,-1.000,0.500,-0.053,-0.005,1000.000,7.616,-0.081,-0.008,1000.000,7.616
2.397,0.108,2.348,0.177,2.447,0.039,-1.000,0.500,-0.129,-0.013,1000.000,7.616,-0.157,-0.016,1000.000,7.616
2.399,0.109,2.349,0.178,2.449,0.040,-1.000,0.500,-0.205,-0.020,1000.000,7.616,-0.233,-0.023,1000.000,7.616
2.401,0.110,2.351,0.179,2.451,0.042,-1.000,0.500,-0.281,-0.028,1000.000,7.616,-0.309,-0.031,1000.000,7.616
2.403,0.112,2.353,0.181,2.453,0.043,-1.000,0.500,-0.357,-0.036,1000.000,7.616,-0.385,-0.038,1000.000,7.616
2.405,0.113,2.355,0.182,2.455,0.044,-1.000,0.500,-0.433,-0.043,1000.000,7.616,-0.461,-0.046,1000.000,7.616
2.407,0.114,2.357,0.183,2.456,0.045,-1.000,0.500,-0.509,-0.051,1000.000,7.616,-0.537,-0.054,1000.000,7.616
2.408,0.116,2.359,0.185,2.458,0.047,-1.000,0.500,-0.585,-0.059,1000.000,7.616,-0.613,-0.061,1000.000,7.616
2.410,0.117,2.361,0.186,2.460,0.048,-1.000,0.500,-0.661,-0.066,1000.000,7.616,-0.689,-0.069,1000.000,7.616
2.412,0.118,2.362,0.187,2.462,0.049,-1.000,0.500,-0.737,-0.074,1000.000,7.616,-0.765,-0.077,1000.000,7.616
2.414,0.120,2.364,0.189,2.464,0.051,-1.000,0.500,-0.813,-0.081,1000.000,7.616,-0.841,-0.084,1000.000,7.616
2.416,0.121,2.366,0.190,2.466,0.052,-1.000,0.500,-0.890,-0.089,1000.000,7.616,-0.917,-0.092,1000.000,7.616
2.418,0.122,2.368,0.191,2.467,0.053,-1.000,0.500,-0.966,-0.097,1000.000,7.616,-0.993,-0.099,1000.000,7.616
2.420,0.124,2.370,0.193,2.469,0.055,-1.000,0.500,-1.042,-0.104,1000.000,7.616,-1.069,-0.107,1000.000,7.616
2.421,0.125,2.372,0.194,2.471,0.056,-1.000,0.500,-1.118,-0.112,1000.000,7.616,-1.145,-0.115,1000.000,7.616
2.423,0.126,2.373,0.195,2.473,0.057,-1.000,0.500,-1.194,-0.119,1000.000,7.616,-1.221,-0.122,1000.000,7.616
2.425,0.128,2.375,0.197,2.475,0.059,-1.000,0.500,-1.270,-0.127,1000.000,7.616,-1.297,-0.130,1000.000,7.616
2.427,0.129,2.377,0.198,2.477,0.060,-1.000,0.500,-1.346,-0.135,1000.000,7.616,-1.374,-0.137,1000.000,7.616
2.429,0.130,2.379,0.199,2.479,0.061,-1.000,0.500,-1.423,-0.142,1000.000,7.616,-1.450,-0.145,1000.000,7.616
2.431,0.132,2.381,0.201,2.480,0.063,-1.000,0.500,-1.499,-0.150,1000.000,7.616,-1.526,-0.153,1000.000,7.616
2.432,0.133,2.383,0.202,2.482,0.064,-1.000,0.500,-1.575,-0.157,1000.000,7.616,-1.602,-0.160,1000.000,7.616
2.434,0.134,2.385,0.203,2.484,0.065,-1.000,0.500,-1.651,-0.165,1000.000,7.616,-1.678,-0.168,1000.000,7.616
2.436,0.136,2.386,0.205,2.486,0.067,-1.000,0.500,-1.727,-0.173,1000.000,7.616,-1.754,-0.175,1000.000,7.616
2.438,0.137,2.388,0.206,2.488,0.068,-1.000,0.500,-1.803,-0.180,1000.000,7.616,-1.830,-0.183,1000.000,7.616
2.440,0.138,2.390,0.207,2.490,0.069,-1.000,0.500,-1.880,-0.188,1000.000,7.616,-1.906,-0.191,1000.000,7.616
2.442,0.140,2.392,0.209,2.491,0.071,-1.000,0.500,-1.956,-0.196,1000.000,7.616,-1.982,-0.198,1000.000,7.616
2.444,0.141,2.394,0.210,2.493,0.072,-1.000,0.500,-2.032,-0.203,1000.000,7.616,-2.058,-0.206,1000.000,7.616
2.445,0.142,2.396,0.211,2.495,0.073,-1.000,0.500,-2.108,-0.211,1000.000,7.616,-2.134,-0.213,1000.000,7.616
2.447,0.144,2.398,0.213,2.497,0.075,-1.000,0.500,-2.184,-0.218,1000.000,7.616,-2.210,-0.221,1000.000,7.616
2.449,0.145,2.399,0.214,2.499,0.076,-1.000,0.500,-2.260,-0.226,1000.000,7.616,-2.286,-0.229,1000.000,7.616
2.451,0.146,2.401,0.215,2.501,0.077,-1.000,0.500,-2.336,-0.234,1000.000,7.616,-2.362,-0.236,1000.000,7.616
2.453,0.148,2.403,0.217,2.503,0.079,-1.000,0.500,-2.412,-0.241,1000.000,7.616,-2.438,-0.244,1000.000,7.616
2.455,0.149,2.405,0.218,2.504,0.080,-1.000,0.500,-2.489,-0.249,1000.000,7.616,-2.514,-0.251,1000.000,7.616
2.457,0.150,2.407,0.219,2.506,0.081,-1.000,0.500,-2.565,-0.256,1000.000,7.616,-2.591,-0.259,1000.000,7.616
2.458,0.152,2.409,0.221,2.508,0.083,-1.000,0.500,-2.641,-0.264,1000.000,7.616,-2.667,-0.267,1000.000,7.616
2.460,0.153,2.411,0.222,2.510,0.084,-1.000,0.500,-2.717,-0.272,1000.000,7.616,-2.743,-0.274,1000.000,7.616
2.462,0.154,2.412,0.223,2.512,0.085,-1.000,0.500,-2.793,-0.279,1000.000,7.616,-2.819,-0.282,1000.000,7.616
2.464,0.156,2.414,0.225,2.514,0.087,-1.000,0.500,-2.869,-0.287,1000.000,7.616,-2.895,-0.289,1000.000,7.616
2.466,0.157,2.416,0.226,2.515,0.088,-1.000,0.500,-2.945,-0.295,1000.000,7.616,-2.971,-0.297,1000.000,7.616
2.468,0.158,2.418,0.227,2.517,0.089,-1.000,0.500,-3.021,-0.302,1000.000,7.616,-3.047,-0.305,1000.000,7.616
2.469,0.160,2.420,0.229,2.519,0.091,-1.000,0.500,-3.097,-0.310,1000.000,7.616,-3.123,-0.312,1000.000,7.616
2.471,0.161,2.422,0.230,2.521,0.092,-1.000,0.500,3.110,0.311,1000.000,7.616,3.084,0.308,1000.000,7.616
2.473,0.162,2.423,0.231,2.523,0.093,-1.000,0.500,3.034,0.303,1000.000,7.616,3.008,0.301,1000.000,7.616
2.475,0.164,2.425,0.233,2.525,0.095,-1.000,0.500,2.958,0.296,1000.000,7.616,2.932,0.293,1000.000,7.616
2.477,0.165,2.427,0.234,2.527,0.096,-1.000,0.500,2.882,0.288,1000.000,7.616,2.856,0.286,1000.000,7.616
2.479,0.166,2.429,0.235,2.528,0.097,-1.000,0.500,2.806,0.281,1000.000,7.616,2.780,0.278,1000.000,7.616
2.481,0.168,2.431,0.237,2.530,0.099,-1.000,0.500,2.730,0.273,1000.000,7.616,2.703,0.270,1000.000,7.616
2.482,0.169,2.433,0.238,2.532,0.100,-1.000,0.500,2.654,0.265,1000.000,7.616,2.627,0.263,1000.000,7.616
2.484,0.170,2.434,0.239,2.534,0.101,-1.000,0.500,2.577,0.258,1000.000,7.616,2.551,0.255,1000.000,7.616
2.486,0.172,2.436,0.241,2.536,0.103,-1.000,0.500,2.501,0.250,1000.000,7.616,2.475,0.248,1000.000,7.616
2.488,0.173,2.438,0.242,2.538,0.104,-1.000,0.500,2.425,0.243,1000.000,7.616,2.399,0.240,1000.000,7.616
2.490,0.174,2.440,0.243,2.539,0.105,-1.000,0.500,2.349,0.235,1000.000,7.616,2.323,0.232,1000.000,7.616
2.492,0.176,2.442,0.245,2.541,0.107,-1.000,0.500,2.273,0.227,1000.000,7.616,2.247,0.225,1000.000,7.616
2.493,0.177,2.444,0.246,2.543,0.108,-1.000,0.500,2.197,0.220,1000.000,7.616,2.171,0.217,1000.000,7.616
2.495,0.178,2.446,0.247,2.545,0.109,-1.000,0.500,2.121,0.212,1000.000,7.616,2.095,0.210,1000.000,7.616
2.497,0.180,2.447,0.249,2.547,0.111,-1.000,0.500,2.045,0.205,1000.000,7.616,2.019,0.202,1000.000,7.616
2.499,0.181,2.449,0.250,2.549,0.112,-1.000,0.500,1.969,0.197,1000.000,7.616,1.943,0.194,1000.000,7.616
2.501,0.182,2.451,0.251,2.551,0.113,-1.000,0.500,1.893,0.189,1000.000,7.616,1.867,0.187,1000.000,7.616
2.503,0.184,2.453,0.253,2.552,0.115,-1.000,0.500,1.817,0.182,1000.000,7.616,1.791,0.179,1000.000,7.616
2.505,0.185,2.455,0.254,2.554,0.116,-1.000,0.500,1.741,0.174,1000.000,7.616,1.715,0.171,1000.000,7.616
2.506,0.186,2.457,0.255,2.556,0.117,-1.000,0.500,1.665,0.166,1000.000,7.616,1.639,0.164,1000.000,7.616
2.508,0.188,2.458,0.257,2.558,0.119,-1.000,0.500,1.589,0.159,1000.000,7.616,1.563,0.156,1000.000,7.616
2.510,0.189,2.460,0.258,2.560,0.120,-1.000,0.500,1.513,0.151,1000.000,7.616,1.486,0.149,1000.000,7.616
2.512,0.190,2.462,0.259,2.562,0.121,-1.000,0.500,1.437,0.144,1000.000,7.616,1.410,0.141,1000.000,7.616
2.514,0.192,2.464,0.260,2.564,0.123,-1.000,0.500,1.361,0.136,1000.000,7.616,1.334,0.133,1000.000,7.616
2.516,0.193,2.466,0.262,2.565,0.124,-1.000,0.500,1.285,0.128,1000.000,7.616,1.259,0.126,1000.000,7.616
2.517,0.194,2.468,0.263,2.567,0.125,-1.000,0.500,1.209,0.121,1000.000,7.616,1.182,0.118,1000.000,7.616
2.519,0.196,2.470,0.264,2.569,0.127,-1.000,0.500,1.133,0.113,1000.000,7.616,1.106,0.111,1000.000,7.616
2.521,0.197,2.471,0.266,2.571,0.128,-1.000,0.500,1.056,0.106,1000.000,7.616,1.030,0.103,1000.000,7.616
2.523,0.198,2.473,0.267,2.573,0.129,-1.000,0.500,0.980,0.098,1000.000,7.616,0.954,0.095,1000.000,7.616
2.525,0.200,2.475,0.268,2.575,0.131,-1.000,0.500,0.904,0.090,1000.000,7.616,0.878,0.088,1000.000,7.616
2.527,0.201,2.477,0.270,2.576,0.132,-1.000,0.500,0.828,0.083,1000.000,7.616,0.802,0.080,1000.000,7.616
2.529,0.202,2.479,0.271,2.578,0.133,-1.000,0.500,0.752,0.075,1000.000,7.616,0.726,0.073,1000.000,7.616
2.530,0.204,2.481,0.272,2.580,0.135,-1.000,0.500,0.676,0.068,1000.000,7.616,0.650,0.065,1000.000,7.616
2.532,0.205,2.482,0.274,2.582,0.136,-1.000,0.500,0.600,0.060,1000.000,7.616,0.574,0.057,1000.000,7.616
2.534,0.206,2.484,0.275,2.584,0.137,-1.000,0.500,0.524,0.052,1000.000,7.616,0.498,0.050,1000.000,7.616
2.536,0.208,2.486,0.276,2.586,0.139,-1.000,0.500,0.448,0.045,1000.000,7.616,0.422,0.042,1000.000,7.616
2.538,0.209,2.488,0.278,2.588,0.140,-1.000,0.500,0.372,0.037,1000.000,7.616,0.345,0.035,1000.000,7.616
2.540,0.210,2.490,0.279,2.589,0.141,-1.000,0.500,0.296,0.030,1000.000,7.616,0.269,0.027,1000.000,7.616
2.541,0.212,2.492,0.280,2.591,0.143,-1.000,0.500,0.220,0.022,1000.000,7.616,0.193,0.019,1000.000,7.616
2.543,0.213,2.493,0.282,2.593,0.144,-1.000,0.500,0.144,0.014,1000.000,7.616,0.117,0.012,1000.000,7.616
2.545,0.214,2.495,0.283,2.595,0.145,-1.000,0.500,0.068,0.007,1000.000,7.616,0.042,0.004,1000.000,7.616
2.547,0.216,2.497,0.284,2.597,0.147,-1.000,0.500,-0.008,-0.001,1000.000,7.616,-0.034,-0.003,1000.000,7.616
2.549,0.217,2.499,0.286,2.599,0.148,-1.000,0.500,-0.084,-0.008,1000.000,7.616,-0.110,-0.011,1000.000,7.616
2.551,0.218,2.501,0.287,2.600,0.149,-1.000,0.500,-0.160,-0.016,1000.000,7.616,-0.186,-0.019,1000.000,7.616
2.552,0.220,2.503,0.288,2.602,0.151,-1.000,0.500,-0.236,-0.024,1000.000,7.616,-0.262,-0.026,1000.000,7.616
2.554,0.221,2.504,0.290,2.604,0.152,-1.000,0.500,-0.312,-0.031,1000.000,7.616,-0.338,-0.034,1000.000,7.616
2.556,0.222,2.506,0.291,2.606,0.153,-1.000,0.500,-0.388,-0.039,1000.000,7.616,-0.414,-0.041,1000.000,7.616
2.558,0.224,2.508,0.292,2.608,0.155,-1.000,0.500,-0.464,-0.046,1000.000,7.616,-0.491,-0.049,1000.000,7.616
2.560,0.225,2.510,0.294,2.610,0.156,-1.000,0.500,-0.540,-0.054,1000.000,7.616,-0.567,-0.057,1000.000,7.616
2.562,0.226,2.512,0.295,2.611,0.157,-1.000,0.500,-0.616,-0.062,1000.000,7.616,-0.643,-0.064,1000.000,7.616
2.564,0.228,2.514,0.296,2.613,0.159,-1.000,0.500,-0.692,-0.069,1000.000,7.616,-0.719,-0.072,1000.000,7.616
2.565,0.229,2.516,0.298,2.615,0.160,-1.000,0.500,-0.768,-0.077,1000.000,7.616,-0.795,-0.079,1000.000,7.616
2.567,0.230,2.517,0.299,2.617,0.161,-1.000,0.500,-0.844,-0.084,1000.000,7.616,-0.871,-0.087,1000.000,7.616
2.569,0.232,2.519,0.300,2.619,0.163,-1.000,0.500,-0.920,-0.092,1000.000,7.616,-0.947,-0.095,1000.000,7.616
2.571,0.233,2.521,0.302,2.621,0.164,-1.000,0.500,-0.996,-0.100,1000.000,7.616,-1.023,-0.102,1000.000,7.616
2.573,0.234,2.523,0.303,2.623,0.165,-1.000,0.500,-1.073,-0.107,1000.000,7.616,-1.099,-0.110,1000.000,7.616
2.575,0.236,2.525,0.304,2.624,0.167,-1.000,0.500,-1.149,-0.115,1000.000,7.616,-1.175,-0.118,1000.000,7.616
2.576,0.237,2.527,0.306,2.626,0.168,-1.000,0.500,-1.225,-0.122,1000.000,7.616,-1.251,-0.125,1000.000,7.616
2.578,0.238,2.528,0.307,2.628,0.169,-1.000,0.500,-1.301,-0.130,1000.000,7.616,-1.327,-0.133,1000.000,7.616
2.580,0.240,2.530,0.308,2.630,0.171,-1.000,0.500,-1.377,-0.138,1000.000,7.616,-1.403,-0.140,1000.000,7.616
2.582,0.241,2.532,0.310,2.632,0.172,-1.000,0.500,-1.453,-0.145,1000.000,7.616,-1.479,-0.148,1000.000,7.616
2.584,0.242,2.534,0.311,2.634,0.173,-1.000,0.500,-1.529,-0.153,1000.000,7.616,-1.556,-0.156,1000.000,7.616
2.586,0.244,2.536,0.312,2.635,0.175,-1.000,0.500,-1.605,-0.161,1000.000,7.616,-1.632,-0.163,1000.000,7.616
2.588,0.245,2.538,0.314,2.637,0.176,-1.000,0.500,-1.681,-0.168,1000.000,7.616,-1.708,-0.171,1000.000,7.616
2.589,0.246,2.540,0.315,2.639,0.177,-1.000,0.500,-1.757,-0.176,1000.000,7.616,-1.784,-0.178,1000.000,7.616
2.591,0.248,2.541,0.316,2.641,0.179,-1.000,0.500,-1.834,-0.183,1000.000,7.616,-1.860,-0.186,1000.000,7.616
2.593,0.249,2.543,0.318,2.643,0.180,-1.000,0.500,-1.910,-0.191,1000.000,7.616,-1.936,-0.194,1000.000,7.616
2.595,0.250,2.545,0.319,2.645,0.181,-1.000,0.500,-1.986,-0.199,1000.000,7.616,-2.012,-0.201,1000.000,7.616
2.597,0.252,2.547,0.320,2.647,0.183,-1.000,0.500,-2.062,-0.206,1000.000,7.616,-2.088,-0.209,1000.000,7.616
2.599,0.253,2.549,0.322,2.648,0.184,-1.000,0.500,-2.138,-0.214,1000.000,7.616,-2.164,-0.216,1000.000,7.616
2.600,0.254,2.551,0.323,2.650,0.185,-1.000,0.500,-2.214,-0.221,1000.000,7.616,-2.240,-0.224,1000.000,7.616
2.602,0.256,2.552,0.324,2.652,0.187,-1.000,0.500,-2.290,-0.229,1000.000,7.616,-2.317,-0.232,1000.000,7.616
2.604,0.257,2.554,0.326,2.654,0.188,-1.000,0.500,-2.366,-0.237,1000.000,7.616,-2.393,-0.239,1000.000,7.616
2.606,0.258,2.556,0.327,2.656,0.189,-1.000,0.500,-2.442,-0.244,1000.000,7.616,-2.469,-0.247,1000.000,7.616
2.608,0.260,2.558,0.328,2.658,0.191,-1.000,0.500,-2.518,-0.252,1000.000,7.616,-2.545,-0.254,1000.000,7.616
2.610,0.261,2.560,0.330,2.659,0.192,-1.000,0.500,-2.594,-0.259,1000.000,7.616,-2.621,-0.262,1000.000,7.616
2.612,0.262,2.562,0.331,2.661,0.193,-1.000,0.500,-2.670,-0.267,1000.000,7.616,-2.697,-0.270,1000.000,7.616
2.613,0.264,2.564,0.332,2.663,0.195,-1.000,0.500,-2.747,-0.275,1000.000,7.616,-2.773,-0.277,1000.000,7.616
2.615,0.265,2.565,0.334,2.665,0.196,-1.000,0.500,-2.823,-0.282,1000.000,7.616,-2.849,-0.285,1000.000,7.616
2.617,0.266,2.567,0.335,2.667,0.197,-1.000,0.500,-2.899,-0.290,1000.000,7.616,-2.925,-0.292,1000.000,7.616
2.619,0.268,2.569,0.336,2.669,0.199,-1.000,0.500,-2.975,-0.297,1000.000,7.616,-3.001,-0.300,1000.000,7.616
2.621,0.269,2.571,0.338,2.671,0.200,-1.000,0.500,-3.051,-0.305,1000.000,7.616,-3.077,-0.308,1000.000,7.616
2.623,0.270,2.573,0.339,2.672,0.201,-1.000,0.500,-3.127,-0.313,1000.000,7.616,3.130,0.313,1000.000,7.616
2.624,0.272,2.575,0.340,2.674,0.203,-1.000,0.500,3.080,0.308,1000.000,7.616,3.054,0.305,1000.000,7.616
2.626,0.273,2.577,0.342,2.676,0.204,-1.000,0.500,3.004,0.300,1000.000,7.616,2.978,0.298,1000.000,7.616
2.628,0.274,2.578,0.343,2.678,0.205,-1.000,0.500,2.928,0.293,1000.000,7.616,2.902,0.290,1000.000,7.616
2.630,0.276,2.580,0.344,2.680,0.207,-1.000,0.500,2.852,0.285,1000.000,7.616,2.826,0.283,1000.000,7.616
2.632,0.277,2.582,0.346,2.682,0.208,-1.000,0.500,2.775,0.278,1000.000,7.616,2.750,0.275,1000.000,7.616
2.634,0.278,2.584,0.347,2.683,0.209,-1.000,0.500,2.699,0.270,1000.000,7.616,2.674,0.267,1000.000,7.616
2.636,0.280,2.586,0.348,2.685,0.211,-1.000,0.500,2.623,0.262,1000.000,7.616,2.598,0.260,1000.000,7.616
2.637,0.281,2.588,0.350,2.687,0.212,-1.000,0.500,2.547,0.255,1000.000,7.616,2.522,0.252,1000.000,7.616
2.639,0.282,2.589,0.351,2.689,0.213,-1.000,0.500,2.470,0.247,1000.000,7.616,2.446,0.245,1000.000,7.616
2.641,0.284,2.591,0.352,2.691,0.215,-1.000,0.500,2.394,0.239,1000.000,7.616,2.370,0.237,1000.000,7.616
2.643,0.285,2.593,0.354,2.693,0.216,-1.000,0.500,2.318,0.232,1000.000,7.616,2.293,0.229,1000.000,7.616
2.645,0.286,2.595,0.355,2.695,0.217,-1.000,0.500,2.242,0.224,1000.000,7.616,2.217,0.222,1000.000,7.616
2.647,0.288,2.597,0.356,2.696,0.219,-1.000,0.500,2.166,0.217,1000.000,7.616,2.141,0.214,1000.000,7.616
2.648,0.289,2.599,0.358,2.698,0.220,-1.000,0.500,2.090,0.209,1000.000,7.616,2.065,0.207,1000.000,7.616
2.650,0.290,2.601,0.359,2.700,0.221,-1.000,0.500,2.014,0.201,1000.000,7.616,1.989,0.199,1000.000,7.616
2.652,0.292,2.602,0.360,2.702,0.223,-1.000,0.500,1.937,0.194,1000.000,7.616,1.913,0.191,1000.000,7.616
2.654,0.293,2.604,0.362,2.704,0.224,-1.000,0.500,1.861,0.186,1000.000,7.616,1.837,0.184,1000.000,7.616
2.656,0.294,2.606,0.363,2.706,0.225,-1.000,0.500,1.785,0.178,1000.000,7.616,1.761,0.176,1000.000,7.616
2.658,0.296,2.608,0.364,2.707,0.227,-1.000,0.500,1.709,0.171,1000.000,7.616,1.685,0.169,1000.000,7.616
2.660,0.297,2.610,0.366,2.709,0.228,-1.000,0.500,1.633,0.163,1000.000,7.616,1.609,0.161,1000.000,7.616
2.661,0.298,2.612,0.367,2.711,0.229,-1.000,0.500,1.556,0.156,1000.000,7.616,1.533,0.153,1000.000,7.616
2.663,0.300,2.614,0.368,2.713,0.231,-1.000,0.500,1.480,0.148,1000.000,7.616,1.457,0.146,1000.000,7.616
2.665,0.301,2.615,0.370,2.715,0.232,-1.000,0.500,1.404,0.140,1000.000,7.616,1.381,0.138,1000.000,7.616
2.667,0.302,2.617,0.371,2.717,0.233,-1.000,0.500,1.328,0.133,1000.000,7.616,1.305,0.130,1000.000,7.616
2.669,0.304,2.619,0.372,2.719,0.235,-1.000,0.500,1.252,0.125,1000.000,7.616,1.229,0.123,1000.000,7.616
2.671,0.305,2.621,0.374,2.720,0.236,-1.000,0.500,1.176,0.118,1000.000,7.616,1.153,0.115,1000.000,7.616
2.673,0.306,2.623,0.375,2.722,0.237,-1.000,0.500,1.100,0.110,1000.000,7.616,1.077,0.108,1000.000,7.616
2.674,0.308,2.625,0.376,2.724,0.239,-1.000,0.500,1.024,0.102,1000.000,7.616,1.001,0.100,1000.000,7.616
2.676,0.309,2.627,0.378,2.726,0.240,-1.000,0.500,0.948,0.095,1000.000,7.616,0.925,0.092,1000.000,7.616
2.678,0.310,2.628,0.379,2.728,0.241,-1.000,0.500,0.872,0.087,1000.000,7.616,0.848,0.085,1000.000,7.616
2.680,0.311,2.630,0.380,2.730,0.243,-1.000,0.500,0.795,0.080,1000.000,7.616,0.772,0.077,1000.000,7.616
2.682,0.313,2.632,0.382,2.731,0.244,-1.000,0.500,0.719,0.072,1000.000,7.616,0.696,0.070,1000.000,7.616
2.684,0.314,2.634,0.383,2.733,0.245,-1.000,0.500,0.643,0.064,1000.000,7.616,0.620,0.062,1000.000,7.616
2.685,0.315,2.636,0.384,2.735,0.246,-1.000,0.500,0.567,0.057,1000.000,7.616,0.544,0.054,1000.000,7.616
2.687,0.317,2.638,0.386,2.737,0.248,-1.000,0.500,0.491,0.049,1000.000,7.616,0.468,0.047,1000.000,7.616
2.689,0.318,2.639,0.387,2.739,0.249,-1.000,0.500,0.415,0.042,1000.000,7.616,0.392,0.039,1000.000,7.616
2.691,0.319,2.641,0.388,2.741,0.250,-1.000,0.500,0.339,0.034,1000.000,7.616,0.316,0.032,1000.000,7.616
2.693,0.321,2.643,0.390,2.743,0.252,-1.000,0.500,0.263,0.026,1000.000,7.616,0.240,0.024,1000.000,7.616
2.695,0.322,2.645,0.391,2.744,0.253,-1.000,0.500,0.187,0.019,1000.000,7.616,0.164,0.016,1000.000,7.616
2.697,0.323,2.647,0.392,2.746,0.254,-1.000,0.500,0.111,0.011,1000.000,7.616,0.088,0.009,1000.000,7.616
2.698,0.325,2.649,0.394,2.748,0.256,-1.000,0.500,0.035,0.003,1000.000,7.616,0.012,0.001,1000.000,7.616
2.700,0.326,2.651,0.395,2.750,0.257,-1.000,0.500,-0.041,-0.004,1000.000,7.616,-0.064,-0.006,1000.000,7.616
2.702,0.327,2.652,0.396,2.752,0.258,-1.000,0.500,-0.117,-0.012,1000.000,7.616,-0.140,-0.014,1000.000,7.616
2.704,0.329,2.654,0.398,2.754,0.260,-1.000,0.500,-0.193,-0.019,1000.000,7.616,-0.216,-0.022,1000.000,7.616
2.706,0.330,2.656,0.399,2.755,0.261,-1.000,0.500,-0.269,-0.027,1000.000,7.616,-0.292,-0.029,1000.000,7.616
2.708,0.331,2.658,0.400,2.757,0.262,-1.000,0.500,-0.345,-0.035,1000.000,7.616,-0.368,-0.037,1000.000,7.616
2.709,0.333,2.660,0.402,2.759,0.264,-1.000,0.500,-0.421,-0.042,1000.000,7.616,-0.444,-0.044,1000.000,7.616
2.711,0.334,2.662,0.403,2.761,0.265,-1.000,0.500,-0.497,-0.050,1000.000,7.616,-0.520,-0.052,1000.000,7.616
2.713,0.335,2.663,0.404,2.763,0.266,-1.000,0.500,-0.573,-0.057,1000.000,7.616,-0.597,-0.060,1000.000,7.616
2.715,0.337,2.665,0.406,2.765,0.268,-1.000,0.500,-0.649,-0.065,1000.000,7.616,-0.673,-0.067,1000.000,7.616
2.717,0.338,2.667,0.407,2.767,0.269,-1.000,0.500,-0.725,-0.073,1000.000,7.616,-0.749,-0.075,1000.000,7.616
2.719,0.339,2.669,0.408,2.768,0.270,-1.000,0.500,-0.801,-0.080,1000.000,7.616,-0.825,-0.082,1000.000,7.616
2.721,0.341,2.671,0.410,2.770,0.272,-1.000,0.500,-0.877,-0.088,1000.000,7.616,-0.901,-0.090,1000.000,7.616
2.722,0.342,2.673,0.411,2.772,0.273,-1.000,0.500,-0.953,-0.095,1000.000,7.616,-0.977,-0.098,1000.000,7.616
2.724,0.343,2.674,0.412,2.774,0.274,-1.000,0.500,-1.029,-0.103,1000.000,7.616,-1.053,-0.105,1000.000,7.616
2.726,0.345,2.676,0.414,2.776,0.276,-1.000,0.500,-1.105,-0.111,1000.000,7.616,-1.129,-0.113,1000.000,7.616
2.728,0.346,2.678,0.415,2.778,0.277,-1.000,0.500,-1.181,-0.118,1000.000,7.616,-1.205,-0.121,1000.000,7.616
2.730,0.347,2.680,0.416,2.779,0.278,-1.000,0.500,-1.257,-0.126,1000.000,7.616,-1.281,-0.128,1000.000,7.616
2.732,0.349,2.682,0.418,2.781,0.280,-1.000,0.500,-1.333,-0.133,1000.000,7.616,-1.357,-0.136,1000.000,7.616
2.733,0.350,2.684,0.419,2.783,0.281,-1.000,0.500,-1.410,-0.141,1000.000,7.616,-1.433,-0.143,1000.000,7.616
2.735,0.351,2.686,0.420,2.785,0.282,-1.000,0.500,-1.486,-0.149,1000.000,7.616,-1.510,-0.151,1000.000,7.616
2.737,0.353,2.687,0.422,2.787,0.284,-1.000,0.500,-1.562,-0.156,1000.000,7.616,-1.586,-0.159,1000.000,7.616
2.739,0.354,2.689,0.423,2.789,0.285,-1.000,0.500,-1.638,-0.164,1000.000,7.616,-1.662,-0.166,1000.000,7.616
2.741,0.355,2.691,0.424,2.791,0.286,-1.000,0.500,-1.714,-0.171,1000.000,7.616,-1.738,-0.174,1000.000,7.616
2.743,0.357,2.693,0.426,2.792,0.288,-1.000,0.500,-1.790,-0.179,1000.000,7.616,-1.814,-0.181,1000.000,7.616
2.745,0.358,2.695,0.427,2.794,0.289,-1.000,0.500,-1.866,-0.187,1000.000,7.616,-1.890,-0.189,1000.000,7.616
2.746,0.359,2.697,0.428,2.796,0.290,-1.000,0.500,-1.942,-0.194,1000.000,7.616,-1.966,-0.197,1000.000,7.616
2.748,0.361,2.698,0.430,2.798,0.292,-1.000,0.500,-2.018,-0.202,1000.000,7.616,-2.042,-0.204,1000.000,7.616
2.750,0.362,2.700,0.431,2.800,0.293,-1.000,0.500,-2.094,-0.209,1000.000,7.616,-2.118,-0.212,1000.000,7.616
2.752,0.363,2.702,0.432,2.802,0.294,-1.000,0.500,-2.170,-0.217,1000.000,7.616,-2.194,-0.219,1000.000,7.616
2.754,0.365,2.704,0.434,2.803,0.296,-1.000,0.500,-2.246,-0.225,1000.000,7.616,-2.270,-0.227,1000.000,7.616
2.756,0.366,2.706,0.435,2.805,0.297,-1.000,0.500,-2.322,-0.232,1000.000,7.616,-2.346,-0.235,1000.000,7.616
2.757,0.367,2.708,0.436,2.807,0.298,-1.000,0.500,-2.398,-0.240,1000.000,7.616,-2.422,-0.242,1000.000,7.616
2.759,0.369,2.710,0.438,2.809,0.300,-1.000,0.500,-2.474,-0.247,1000.000,7.616,-2.498,-0.250,1000.000,7.616
2.761,0.370,2.711,0.439,2.811,0.301,-1.000,0.500,-2.550,-0.255,1000.000,7.616,-2.575,-0.257,1000.000,7.616
2.763,0.371,2.713,0.440,2.813,0.302,-1.000,0.500,-2.626,-0.263,1000.000,7.616,-2.651,-0.265,1000.000,7.616
2.765,0.373,2.715,0.441,2.815,0.304,-1.000,0.500,-2.702,-0.270,1000.000,7.616,-2.727,-0.273,1000.000,7.616
2.767,0.374,2.717,0.443,2.816,0.305,-1.000,0.500,-2.778,-0.278,1000.000,7.616,-2.803,-0.280,1000.000,7.616
2.768,0.375,2.719,0.444,2.818,0.306,-1.000,0.500,-2.854,-0.285,1000.000,7.616,-2.879,-0.288,1000.000,7.616
2.770,0.377,2.721,0.445,2.820,0.308,-1.000,0.500,-2.930,-0.293,1000.000,7.616,-2.955,-0.295,1000.000,7.616
2.772,0.378,2.722,0.447,2.822,0.309,-1.000,0.500,-3.006,-0.301,1000.000,7.616,-3.031,-0.303,1000.000,7.616
2.774,0.379,2.724,0.448,2.824,0.310,-1.000,0.500,-3.082,-0.308,1000.000,7.616,-3.107,-0.311,1000.000,7.616
2.776,0.381,2.726,0.449,2.826,0.312,-1.000,0.500,3.125,0.312,1000.000,7.616,3.100,0.310,1000.000,7.616
2.778,0.382,2.728,0.451,2.827,0.313,-1.000,0.500,3.049,0.305,1000.000,7.616,3.024,0.302,1000.000,7.616
2.780,0.383,2.730,0.452,2.829,0.314,-1.000,0.500,2.973,0.297,1000.000,7.616,2.948,0.295,1000.000,7.616
2.781,0.385,2.732,0.453,2.831,0.316,-1.000,0.500,2.897,0.290,1000.000,7.616,2.872,0.287,1000.000,7.616
2.783,0.386,2.734,0.455,2.833,0.317,-1.000,0.500,2.821,0.282,1000.000,7.616,2.796,0.280,1000.000,7.616
2.785,0.387,2.735,0.456,2.835,0.318,-1.000,0.500,2.745,0.274,1000.000,7.616,2.720,0.272,1000.000,7.616
2.787,0.388,2.737,0.457,2.837,0.320,-1.000,0.500,2.669,0.267,1000.000,7.616,2.644,0.264,1000.000,7.616
2.789,0.390,2.739,0.459,2.839,0.321,-1.000,0.500,2.593,0.259,1000.000,7.616,2.568,0.257,1000.000,7.616
2.791,0.391,2.741,0.460,2.840,0.322,-1.000,0.500,2.517,0.252,1000.000,7.616,2.492,0.249,1000.000,7.616
2.792,0.392,2.743,0.461,2.842,0.324,-1.000,0.500,2.441,0.244,1000.000,7.616,2.416,0.242,1000.000,7.616
2.794,0.394,2.745,0.463,2.844,0.325,-1.000,0.500,2.365,0.236,1000.000,7.616,2.339,0.234,1000.000,7.616
2.796,0.395,2.746,0.464,2.846,0.326,-1.000,0.500,2.288,0.229,1000.000,7.616,2.263,0.226,1000.000,7.616
2.798,0.396,2.748,0.465,2.848,0.328,-1.000,0.500,2.212,0.221,1000.000,7.616,2.187,0.219,1000.000,7.616
2.800,0.398,2.750,0.467,2.850,0.329,-1.000,0.500,2.136,0.214,1000.000,7.616,2.111,0.211,1000.000,7.616
2.802,0.399,2.752,0.468,2.851,0.330,-1.000,0.500,2.060,0.206,1000.000,7.616,2.035,0.204,1000.000,7.616
2.804,0.400,2.754,0.469,2.853,0.332,-1.000,0.500,1.984,0.198,1000.000,7.616,1.959,0.196,1000.000,7.616
2.805,0.402,2.756,0.471,2.855,0.333,-1.000,0.500,1.908,0.191,1000.000,7.616,1.883,0.188,1000.000,7.616
2.807,0.403,2.757,0.472,2.857,0.334,-1.000,0.500,1.832,0.183,1000.000,7.616,1.807,0.181,1000.000,7.616
2.809,0.404,2.759,0.473,2.859,0.335,-1.000,0.500,1.756,0.176,1000.000,7.616,1.731,0.173,1000.000,7.616
2.811,0.406,2.761,0.475,2.861,0.337,-1.000,0.500,1.680,0.168,1000.000,7.616,1.655,0.165,1000.000,7.616
2.813,0.407,2.763,0.476,2.862,0.338,-1.000,0.500,1.604,0.160,1000.000,7.616,1.579,0.158,1000.000,7.616
2.815,0.408,2.765,0.477,2.864,0.339,-1.000,0.500,1.528,0.153,1000.000,7.616,1.503,0.150,1000.000,7.616
2.816,0.410,2.767,0.479,2.866,0.341,-1.000,0.500,1.452,0.145,1000.000,7.616,1.427,0.143,1000.000,7.616
2.818,0.411,2.769,0.480,2.868,0.342,-1.000,0.500,1.376,0.138,1000.000,7.616,1.351,0.135,1000.000,7.616
2.820,0.412,2.770,0.481,2.870,0.343,-1.000,0.500,1.300,0.130,1000.000,7.616,1.275,0.127,1000.000,7.616
2.822,0.414,2.772,0.483,2.872,0.345,-1.000,0.500,1.224,0.122,1000.000,7.616,1.199,0.120,1000.000,7.616
2.824,0.415,2.774,0.484,2.874,0.346,-1.000,0.500,1.148,0.115,1000.000,7.616,1.122,0.112,1000.000,7.616
2.826,0.416,2.776,0.485,2.875,0.347,-1.000,0.500,1.072,0.107,1000.000,7.616,1.046,0.105,1000.000,7.616
2.828,0.418,2.778,0.487,2.877,0.349,-1.000,0.500,0.996,0.100,1000.000,7.616,0.970,0.097,1000.000,7.616
2.829,0.419,2.780,0.488,2.879,0.350,-1.000,0.500,0.920,0.092,1000.000,7.616,0.894,0.089,1000.000,7.616
2.831,0.420,2.781,0.489,2.881,0.351,-1.000,0.500,0.844,0.084,1000.000,7.616,0.818,0.082,1000.000,7.616
2.833,0.422,2.783,0.491,2.883,0.353,-1.000,0.500,0.768,0.077,1000.000,7.616,0.742,0.074,1000.000,7.616
2.835,0.423,2.785,0.492,2.885,0.354,-1.000,0.500,0.692,0.069,1000.000,7.616,0.666,0.067,1000.000,7.616
2.837,0.424,2.787,0.493,2.886,0.355,-1.000,0.500,0.616,0.062,1000.000,7.616,0.590,0.059,1000.000,7.616
2.839,0.426,2.789,0.495,2.888,0.357,-1.000,0.500,0.540,0.054,1000.000,7.616,0.514,0.051,1000.000,7.616
2.840,0.427,2.791,0.496,2.890,0.358,-1.000,0.500,0.464,0.046,1000.000,7.616,0.438,0.044,1000.000,7.616
2.842,0.428,2.793,0.497,2.892,0.359,-1.000,0.500,0.388,0.039,1000.000,7.616,0.362,0.036,1000.000,7.616
2.844,0.430,2.794,0.499,2.894,0.361,-1.000,0.500,0.311,0.031,1000.000,7.616,0.286,0.029,1000.000,7.616
2.846,0.431,2.796,0.500,2.896,0.362,-1.000,0.500,0.236,0.024,1000.000,7.616,0.210,0.021,1000.000,7.616
2.848,0.432,2.798,0.501,2.898,0.363,-1.000,0.500,0.159,0.016,1000.000,7.616,0.134,0.013,1000.000,7.616
2.850,0.434,2.800,0.503,2.899,0.365,-1.000,0.500,0.083,0.008,1000.000,7.616,0.057,0.006,1000.000,7.616
2.851,0.435,2.802,0.504,2.901,0.366,-1.000,0.500,0.007,0.001,1000.000,7.616,-0.019,-0.002,1000.000,7.616
2.853,0.436,2.804,0.505,2.903,0.367,-1.000,0.500,-0.069,-0.007,1000.000,7.616,-0.095,-0.009,1000.000,7.616
2.855,0.438,2.805,0.507,2.905,0.369,-1.000,0.500,-0.145,-0.014,1000.000,7.616,-0.171,-0.017,1000.000,7.616
2.857,0.439,2.807,0.508,2.907,0.370,-1.000,0.500,-0.221,-0.022,1000.000,7.616,-0.247,-0.025,1000.000,7.616
2.859,0.440,2.809,0.509,2.909,0.371,-1.000,0.500,-0.297,-0.030,1000.000,7.616,-0.323,-0.032,1000.000,7.616
2.861,0.442,2.811,0.511,2.910,0.373,-1.000,0.500,-0.373,-0.037,1000.000,7.616,-0.399,-0.040,1000.000,7.616
2.863,0.443,2.813,0.512,2.912,0.374,-1.000,0.500,-0.449,-0.045,1000.000,7.616,-0.475,-0.047,1000.000,7.616
2.864,0.444,2.815,0.513,2.914,0.375,-1.000,0.500,-0.525,-0.052,1000.000,7.616,-0.551,-0.055,1000.000,7.616
2.866,0.446,2.816,0.515,2.916,0.377,-1.000,0.500,-0.601,-0.060,1000.000,7.616,-0.627,-0.063,1000.000,7.616
2.868,0.447,2.818,0.516,2.918,0.378,-1.000,0.500,-0.677,-0.068,1000.000,7.616,-0.703,-0.070,1000.000,7.616
2.870,0.448,2.820,0.517,2.920,0.379,-1.000,0.500,-0.753,-0.075,1000.000,7.616,-0.779,-0.078,1000.000,7.616
2.872,0.450,2.822,0.518,2.922,0.381,-1.000,0.500,-0.829,-0.083,1000.000,7.616,-0.855,-0.086,1000.000,7.616
2.874,0.451,2.824,0.520,2.923,0.382,-1.000,0.500,-0.905,-0.091,1000.000,7.616,-0.931,-0.093,1000.000,7.616
2.875,0.452,2.826,0.521,2.925,0.383,-1.000,0.500,-0.981,-0.098,1000.000,7.616,-1.007,-0.101,1000.000,7.616
2.877,0.454,2.828,0.522,2.927,0.385,-1.000,0.500,-1.057,-0.106,1000.000,7.616,-1.083,-0.108,1000.000,7.616
2.879,0.455,2.829,0.524,2.929,0.386,-1.000,0.500,-1.133,-0.113,1000.000,7.616,-1.160,-0.116,1000.000,7.616
2.881,0.456,2.831,0.525,2.931,0.387,-1.000,0.500,-1.209,-0.121,1000.000,7.616,-1.236,-0.124,1000.000,7.616
2.883,0.458,2.833,0.526,2.933,0.389,-1.000,0.500,-1.285,-0.129,1000.000,7.616,-1.312,-0.131,1000.000,7.616
2.885,0.459,2.835,0.528,2.934,0.390,-1.000,0.500,-1.361,-0.136,1000.000,7.616,-1.388,-0.139,1000.000,7.616
2.887,0.460,2.837,0.529,2.936,0.391,-1.000,0.500,-1.437,-0.144,1000.000,7.616,-1.464,-0.146,1000.000,7.616
2.888,0.462,2.839,0.530,2.938,0.393,-1.000,0.500,-1.513,-0.151,1000.000,7.616,-1.540,-0.154,1000.000,7.616
2.890,0.463,2.840,0.532,2.940,0.394,-1.000,0.500,-1.589,-0.159,1000.000,7.616,-1.616,-0.162,1000.000,7.616
2.892,0.464,2.842,0.533,2.942,0.395,-1.000,0.500,-1.665,-0.167,1000.000,7.616,-1.692,-0.169,1000.000,7.616
2.894,0.466,2.844,0.534,2.944,0.397,-1.000,0.500,-1.741,-0.174,1000.000,7.616,-1.768,-0.177,1000.000,7.616
2.896,0.467,2.846,0.536,2.946,0.398,-1.000,0.500,-1.817,-0.182,1000.000,7.616,-1.844,-0.184,1000.000,7.616
2.898,0.468,2.848,0.537,2.947,0.399,-1.000,0.500,-1.894,-0.189,1000.000,7.616,-1.920,-0.192,1000.000,7.616
2.899,0.469,2.850,0.538,2.949,0.401,-1.000,0.500,-1.970,-0.197,1000.000,7.616,-1.996,-0.200,1000.000,7.616
2.901,0.471,2.852,0.540,2.951,0.402,-1.000,0.500,-2.046,-0.205,1000.000,7.616,-2.072,-0.207,1000.000,7.616
2.903,0.472,2.853,0.541,2.953,0.403,-1.000,0.500,-2.122,-0.212,1000.000,7.616,-2.148,-0.215,1000.000,7.616
2.905,0.473,2.855,0.542,2.955,0.405,-1.000,0.500,-2.198,-0.220,1000.000,7.616,-2.225,-0.222,1000.000,7.616
2.907,0.475,2.857,0.544,2.957,0.406,-1.000,0.500,-2.274,-0.227,1000.000,7.616,-2.301,-0.230,1000.000,7.616
2.909,0.476,2.859,0.545,2.958,0.407,-1.000,0.500,-2.350,-0.235,1000.000,7.616,-2.377,-0.238,1000.000,7.616
2.910,0.477,2.861,0.546,2.960,0.409,-1.000,0.500,-2.426,-0.243,1000.000,7.616,-2.453,-0.245,1000.000,7.616
2.912,0.479,2.863,0.548,2.962,0.410,-1.000,0.500,-2.502,-0.250,1000.000,7.616,-2.529,-0.253,1000.000,7.616
2.914,0.480,2.864,0.549,2.964,0.411,-1.000,0.500,-2.578,-0.258,1000.000,7.616,-2.605,-0.260,1000.000,7.616
2.916,0.481,2.866,0.550,2.966,0.413,-1.000,0.500,-2.654,-0.265,1000.000,7.616,-2.681,-0.268,1000.000,7.616
2.918,0.483,2.868,0.552,2.968,0.414,-1.000,0.500,-2.730,-0.273,1000.000,7.616,-2.757,-0.276,1000.000,7.616
2.920,0.484,2.870,0.553,2.969,0.415,-1.000,0.500,-2.806,-0.281,1000.000,7.616,-2.833,-0.283,1000.000,7.616
2.922,0.485,2.872,0.554,2.971,0.417,-1.000,0.500,-2.882,-0.288,1000.000,7.616,-2.909,-0.291,1000.000,7.616
2.923,0.487,2.874,0.556,2.973,0.418,-1.000,0.500,-2.958,-0.296,1000.000,7.616,-2.985,-0.299,1000.000,7.616
2.925,0.488,2.875,0.557,2.975,0.419,-1.000,0.500,-3.034,-0.303,1000.000,7.616,-3.061,-0.306,1000.000,7.616
2.927,0.489,2.877,0.558,2.977,0.421,-1.000,0.500,-3.110,-0.311,1000.000,7.616,-3.137,-0.314,1000.000,7.616
2.929,0.491,2.879,0.560,2.979,0.422,-1.000,0.500,3.097,0.310,1000.000,7.616,3.070,0.307,1000.000,7.616
2.931,0.492,2.881,0.561,2.981,0.423,-1.000,0.500,3.021,0.302,1000.000,7.616,2.994,0.299,1000.000,7.616
2.933,0.493,2.883,0.562,2.982,0.425,-1.000,0.500,2.945,0.294,1000.000,7.616,2.918,0.292,1000.000,7.616
2.934,0.495,2.885,0.564,2.984,0.426,-1.000,0.500,2.869,0.287,1000.000,7.616,2.842,0.284,1000.000,7.616
2.936,0.496,2.887,0.565,2.986,0.427,-1.000,0.500,2.793,0.279,1000.000,7.616,2.766,0.277,1000.000,7.616
2.938,0.497,2.888,0.566,2.988,0.428,-1.000,0.500,2.717,0.272,1000.000,7.616,2.689,0.269,1000.000,7.616
2.940,0.499,2.890,0.568,2.990,0.430,-1.000,0.500,2.641,0.264,1000.000,7.616,2.613,0.261,1000.000,7.616
2.942,0.500,2.892,0.569,2.992,0.431,-1.000,0.500,2.565,0.256,1000.000,7.616,2.537,0.254,1000.000,7.616
2.944,0.501,2.894,0.570,2.993,0.432,-1.000,0.500,2.489,0.249,1000.000,7.616,2.461,0.246,1000.000,7.616
2.946,0.503,2.896,0.572,2.995,0.434,-1.000,0.500,2.413,0.241,1000.000,7.616,2.385,0.239,1000.000,7.616
2.947,0.504,2.898,0.573,2.997,0.435,-1.000,0.500,2.337,0.234,1000.000,7.616,2.309,0.231,1000.000,7.616
2.949,0.505,2.899,0.574,2.999,0.436,-1.000,0.500,2.261,0.226,1000.000,7.616,2.233,0.223,1000.000,7.616
2.951,0.507,2.901,0.576,3.001,0.438,-1.000,0.500,2.185,0.218,1000.000,7.616,2.157,0.216,1000.000,7.616
2.953,0.508,2.903,0.577,3.003,0.439,-1.000,0.500,2.109,0.211,1000.000,7.616,2.081,0.208,1000.000,7.616
2.955,0.509,2.905,0.578,3.005,0.440,-1.000,0.500,2.033,0.203,1000.000,7.616,2.005,0.200,1000.000,7.616
2.957,0.511,2.907,0.580,3.006,0.442,-1.000,0.500,1.957,0.196,1000.000,7.616,1.929,0.193,1000.000,7.616
2.958,0.512,2.909,0.581,3.008,0.443,-1.000,0.500,1.881,0.188,1000.000,7.616,1.853,0.185,1000.000,7.616
2.960,0.513,2.910,0.582,3.010,0.444,-1.000,0.500,1.805,0.180,1000.000,7.616,1.777,0.178,1000.000,7.616
2.962,0.515,2.912,0.584,3.012,0.446,-1.000,0.500,1.728,0.173,1000.000,7.616,1.701,0.170,1000.000,7.616
2.964,0.516,2.914,0.585,3.014,0.447,-1.000,0.500,1.652,0.165,1000.000,7.616,1.625,0.162,1000.000,7.616
2.966,0.517,2.916,0.586,3.016,0.448,-1.000,0.500,1.576,0.158,1000.000,7.616,1.549,0.155,1000.000,7.616
2.968,0.519,2.918,0.588,3.017,0.450,-1.000,0.500,1.500,0.150,1000.000,7.616,1.472,0.147,1000.000,7.616
2.969,0.520,2.920,0.589,3.019,0.451,-1.000,0.500,1.424,0.142,1000.000,7.616,1.396,0.140,1000.000,7.616
2.971,0.521,2.922,0.590,3.021,0.452,-1.000,0.500,1.348,0.135,1000.000,7.616,1.320,0.132,1000.000,7.616
2.973,0.523,2.923,0.592,3.023,0.454,-1.000,0.500,1.272,0.127,1000.000,7.616,1.244,0.124,1000.000,7.616
2.975,0.524,2.925,0.593,3.025,0.455,-1.000,0.500,1.196,0.120,1000.000,7.616,1.168,0.117,1000.000,7.616
2.977,0.525,2.927,0.594,3.027,0.456,-1.000,0.500,1.120,0.112,1000.000,7.616,1.092,0.109,1000.000,7.616
2.979,0.527,2.929,0.596,3.028,0.458,-1.000,0.500,1.044,0.104,1000.000,7.616,1.016,0.102,1000.000,7.616
2.981,0.528,2.931,0.597,3.030,0.459,-1.000,0.500,0.968,0.097,1000.000,7.616,0.940,0.094,1000.000,7.616
2.982,0.529,2.933,0.598,3.032,0.460,-1.000,0.500,0.892,0.089,1000.000,7.616,0.864,0.086,1000.000,7.616
2.984,0.531,2.934,0.600,3.034,0.462,-1.000,0.500,0.816,0.082,1000.000,7.616,0.788,0.079,1000.000,7.616
2.986,0.532,2.936,0.601,3.036,0.463,-1.000,0.500,0.740,0.074,1000.000,7.616,0.712,0.071,1000.000,7.616
2.988,0.533,2.938,0.602,3.038,0.464,-1.000,0.500,0.664,0.066,1000.000,7.616,0.636,0.064,1000.000,7.616
2.990,0.535,2.940,0.603,3.040,0.466,-1.000,0.500,0.588,0.059,1000.000,7.616,0.560,0.056,1000.000,7.616
2.992,0.536,2.942,0.605,3.041,0.467,-1.000,0.500,0.512,0.051,1000.000,7.616,0.484,0.048,1000.000,7.616
2.993,0.537,2.944,0.606,3.043,0.468,-1.000,0.500,0.436,0.044,1000.000,7.616,0.407,0.041,1000.000,7.616
2.995,0.539,2.946,0.607,3.045,0.470,-1.000,0.500,0.360,0.036,1000.000,7.616,0.331,0.033,1000.000,7.616
2.997,0.540,2.947,0.609,3.047,0.471,-1.000,0.500,0.284,0.028,1000.000,7.616,0.255,0.026,1000.000,7.616
2.999,0.541,2.949,0.610,3.049,0.472,-1.000,0.500,0.208,0.021,1000.000,7.616,0.179,0.018,1000.000,7.616
3.001,0.543,2.951,0.611,3.051,0.474,-1.000,0.500,0.132,0.013,1000.000,7.616,0.103,0.010,1000.000,7.616
3.003,0.544,2.953,0.613,3.052,0.475,-1.000,0.500,0.056,0.006,1000.000,7.616,0.027,0.003,1000.000,7.616
3.005,0.545,2.955,0.614,3.054,0.476,-1.000,0.500,-0.020,-0.002,1000.000,7.616,-0.049,-0.005,1000.000,7.616
3.006,0.547,2.957,0.615,3.056,0.478,-1.000,0.500,-0.096,-0.010,1000.000,7.616,-0.125,-0.012,1000.000,7.616
3.008,0.548,2.958,0.617,3.058,0.479,-1.000,0.500,-0.172,-0.017,1000.000,7.616,-0.201,-0.020,1000.000,7.616
3.010,0.549,2.960,0.618,3.060,0.480,-1.000,0.500,-0.249,-0.025,1000.000,7.616,-0.277,-0.028,1000.000,7.616
3.012,0.551,2.962,0.619,3.062,0.482,-1.000,0.500,-0.324,-0.032,1000.000,7.616,-0.353,-0.035,1000.000,7.616
3.014,0.552,2.964,0.621,3.064,0.483,-1.000,0.500,-0.401,-0.040,1000.000,7.616,-0.429,-0.043,1000.000,7.616
3.016,0.553,2.966,0.622,3.065,0.484,-1.000,0.500,-0.477,-0.048,1000.000,7.616,-0.505,-0.051,1000.000,7.616
3.017,0.555,2.968,0.623,3.067,0.486,-1.000,0.500,-0.553,-0.055,1000.000,7.616,-0.581,-0.058,1000.000,7.616
3.019,0.556,2.969,0.625,3.069,0.487,-1.000,0.500,-0.629,-0.063,1000.000,7.616,-0.657,-0.066,1000.000,7.616
3.021,0.557,2.971,0.626,3.071,0.488,-1.000,0.500,-0.705,-0.070,1000.000,7.616,-0.733,-0.073,1000.000,7.616
3.023,0.559,2.973,0.627,3.073,0.490,-1.000,0.500,-0.781,-0.078,1000.000,7.616,-0.810,-0.081,1000.000,7.616
3.025,0.560,2.975,0.629,3.075,0.491,-1.000,0.500,-0.857,-0.086,1000.000,7.616,-0.886,-0.089,1000.000,7.616
3.027,0.561,2.977,0.630,3.076,0.492,-1.000,0.500,-0.933,-0.093,1000.000,7.616,-0.962,-0.096,1000.000,7.616
3.028,0.563,2.979,0.631,3.078,0.494,-1.000,0.500,-1.009,-0.101,1000.000,7.616,-1.038,-0.104,1000.000,7.616
3.030,0.564,2.981,0.633,3.080,0.495,-1.000,0.500,-1.085,-0.108,1000.000,7.616,-1.114,-0.111,1000.000,7.616
3.032,0.565,2.982,0.634,3.082,0.496,-1.000,0.500,-1.161,-0.116,1000.000,7.616,-1.190,-0.119,1000.000,7.616
3.034,0.567,2.984,0.635,3.084,0.498,-1.000,0.500,-1.237,-0.124,1000.000,7.616,-1.266,-0.127,1000.000,7.616
3.036,0.568,2.986,0.637,3.086,0.499,-1.000,0.500,-1.313,-0.131,1000.000,7.616,-1.342,-0.134,1000.000,7.616
3.038,0.569,2.988,0.638,3.087,0.500,-1.000,0.500,-1.389,-0.139,1000.000,7.616,-1.418,-0.142,1000.000,7.616
3.040,0.570,2.990,0.639,3.089,0.502,-1.000,0.500,-1.465,-0.147,1000.000,7.616,-1.494,-0.149,1000.000,7.616
3.041,0.572,2.992,0.641,3.091,0.503,-1.000,0.500,-1.541,-0.154,1000.000,7.616,-1.570,-0.157,1000.000,7.616
3.043,0.573,2.993,0.642,3.093,0.504,-1.000,0.500,-1.617,-0.162,1000.000,7.616,-1.646,-0.165,1000.000,7.616
3.045,0.574,2.995,0.643,3.095,0.506,-1.000,0.500,-1.693,-0.169,1000.000,7.616,-1.722,-0.172,1000.000,7.616
3.047,0.576,2.997,0.645,3.097,0.507,-1.000,0.500,-1.769,-0.177,1000.000,7.616,-1.798,-0.180,1000.000,7.616
3.049,0.577,2.999,0.646,3.099,0.508,-1.000,0.500,-1.845,-0.185,1000.000,7.616,-1.874,-0.187,1000.000,7.616
3.051,0.578,3.001,0.647,3.100,0.510,-1.000,0.500,-1.921,-0.192,1000.000,7.616,-1.950,-0.195,1000.000,7.616
3.052,0.580,3.003,0.649,3.102,0.511,-1.000,0.500,-1.997,-0.200,1000.000,7.616,-2.027,-0.203,1000.000,7.616
3.054,0.581,3.004,0.650,3.104,0.512,-1.000,0.500,-2.073,-0.207,1000.000,7.616,-2.103,-0.210,1000.000,7.616
3.056,0.582,3.006,0.651,3.106,0.514,-1.000,0.500,-2.149,-0.215,1000.000,7.616,-2.179,-0.218,1000.000,7.616
3.058,0.584,3.008,0.653,3.108,0.515,-1.000,0.500,-2.225,-0.223,1000.000,7.616,-2.255,-0.225,1000.000,7.616
3.060,0.585,3.010,0.654,3.110,0.516,-1.000,0.500,-2.301,-0.230,1000.000,7.616,-2.331,-0.233,1000.000,7.616
3.062,0.586,3.012,0.655,3.111,0.518,-1.000,0.500,-2.377,-0.238,1000.000,7.616,-2.407,-0.241,1000.000,7.616
3.063,0.588,3.014,0.657,3.113,0.519,-1.000,0.500,-2.454,-0.245,1000.000,7.616,-2.483,-0.248,1000.000,7.616
3.065,0.589,3.016,0.658,3.115,0.520,-1.000,0.500,-2.530,-0.253,1000.000,7.616,-2.559,-0.256,1000.000,7.616
3.067,0.590,3.017,0.659,3.117,0.522,-1.000,0.500,-2.606,-0.261,1000.000,7.616,-2.635,-0.264,1000.000,7.616
3.069,0.592,3.019,0.661,3.119,0.523,-1.000,0.500,-2.682,-0.268,1000.000,7.616,-2.711,-0.271,1000.000,7.616
3.071,0.593,3.021,0.662,3.121,0.524,-1.000,0.500,-2.758,-0.276,1000.000,7.616,-2.787,-0.279,1000.000,7.616
3.073,0.594,3.023,0.663,3.123,0.526,-1.000,0.500,-2.834,-0.283,1000.000,7.616,-2.863,-0.286,1000.000,7.616
3.075,0.596,3.025,0.665,3.124,0.527,-1.000,0.500,-2.910,-0.291,1000.000,7.616,-2.939,-0.294,1000.000,7.616
3.076,0.597,3.027,0.666,3.126,0.528,-1.000,0.500,-2.986,-0.299,1000.000,7.616,-3.015,-0.302,1000.000,7.616
3.078,0.598,3.028,0.667,3.128,0.530,-1.000,0.500,-3.062,-0.306,1000.000,7.616,-3.092,-0.309,1000.000,7.616
3.080,0.600,3.030,0.669,3.130,0.531,-1.000,0.500,-3.138,-0.314,1000.000,7.616,3.116,0.312,1000.000,7.616
3.082,0.601,3.032,0.670,3.132,0.532,-1.000,0.500,3.069,0.307,1000.000,7.616,3.040,0.304,1000.000,7.616
3.084,0.602,3.034,0.671,3.134,0.534,-1.000,0.500,2.993,0.299,1000.000,7.616,2.964,0.296,1000.000,7.616
3.086,0.604,3.036,0.673,3.135,0.535,-1.000,0.500,2.917,0.292,1000.000,7.616,2.887,0.289,1000.000,7.616
3.087,0.605,3.038,0.674,3.137,0.536,-1.000,0.500,2.841,0.284,1000.000,7.616,2.811,0.281,1000.000,7.616
3.089,0.606,3.039,0.675,3.139,0.538,-1.000,0.500,2.765,0.277,1000.000,7.616,2.735,0.274,1000.000,7.616
3.091,0.608,3.041,0.677,3.141,0.539,-1.000,0.500,2.689,0.269,1000.000,7.616,2.659,0.266,1000.000,7.616
3.093,0.609,3.043,0.678,3.143,0.540,-1.000,0.500,2.613,0.261,1000.000,7.616,2.583,0.258,1000.000,7.616
3.095,0.610,3.045,0.679,3.145,0.542,-1.000,0.500,2.537,0.254,1000.000,7.616,2.507,0.251,1000.000,7.616
3.097,0.612,3.047,0.681,3.146,0.543,-1.000,0.500,2.461,0.246,1000.000,7.616,2.431,0.243,1000.000,7.616
3.099,0.613,3.049,0.682,3.148,0.544,-1.000,0.500,2.385,0.238,1000.000,7.616,2.355,0.236,1000.000,7.616
3.100,0.614,3.051,0.683,3.150,0.546,-1.000,0.500,2.309,0.231,1000.000,7.616,2.279,0.228,1000.000,7.616
3.102,0.616,3.052,0.685,3.152,0.547,-1.000,0.500,2.233,0.223,1000.000,7.616,2.203,0.220,1000.000,7.616
3.104,0.617,3.054,0.686,3.154,0.548,-1.000,0.500,2.157,0.216,1000.000,7.616,2.127,0.213,1000.000,7.616
3.106,0.618,3.056,0.687,3.156,0.550,-1.000,0.500,2.081,0.208,1000.000,7.616,2.051,0.205,1000.000,7.616
3.108,0.620,3.058,0.689,3.158,0.551,-1.000,0.500,2.005,0.200,1000.000,7.616,1.975,0.197,1000.000,7.616
3.110,0.621,3.060,0.690,3.159,0.552,-1.000,0.500,1.929,0.193,1000.000,7.616,1.899,0.190,1000.000,7.616
3.111,0.622,3.062,0.691,3.161,0.554,-1.000,0.500,1.853,0.185,1000.000,7.616,1.822,0.182,1000.000,7.616
3.113,0.624,3.063,0.693,3.163,0.555,-1.000,0.500,1.777,0.178,1000.000,7.616,1.746,0.175,1000.000,7.616
3.115,0.625,3.065,0.694,3.165,0.556,-1.000,0.500,1.701,0.170,1000.000,7.616,1.670,0.167,1000.000,7.616
3.117,0.626,3.067,0.695,3.167,0.557,-1.000,0.500,1.625,0.162,1000.000,7.616,1.594,0.159,1000.000,7.616
3.119,0.628,3.069,0.697,3.169,0.559,-1.000,0.500,1.549,0.155,1000.000,7.616,1.518,0.152,1000.000,7.616
3.121,0.629,3.071,0.698,3.170,0.560,-1.000,0.500,1.473,0.147,1000.000,7.616,1.442,0.144,1000.000,7.616
3.122,0.630,3.073,0.699,3.172,0.561,-1.000,0.500,1.397,0.140,1000.000,7.616,1.366,0.137,1000.000,7.616
3.124,0.632,3.074,0.701,3.174,0.563,-1.000,0.500,1.321,0.132,1000.000,7.616,1.290,0.129,1000.000,7.616
3.126,0.633,3.076,0.702,3.176,0.564,-1.000,0.500,1.245,0.124,1000.000,7.616,1.214,0.121,1000.000,7.616
3.128,0.634,3.078,0.703,3.178,0.565,-1.000,0.500,1.168,0.117,1000.000,7.616,1.138,0.114,1000.000,7.616
3.130,0.636,3.080,0.705,3.180,0.567,-1.000,0.500,1.092,0.109,1000.000,7.616,1.062,0.106,1000.000,7.616
3.132,0.637,3.082,0.706,3.182,0.568,-1.000,0.500,1.016,0.102,1000.000,7.616,0.986,0.099,1000.000,7.616
3.134,0.638,3.084,0.707,3.183,0.569,-1.000,0.500,0.940,0.094,1000.000,7.616,0.910,0.091,1000.000,7.616
3.135,0.640,3.086,0.709,3.185,0.571,-1.000,0.500,0.864,0.086,1000.000,7.616,0.834,0.083,1000.000,7.616
3.137,0.641,3.087,0.710,3.187,0.572,-1.000,0.500,0.788,0.079,1000.000,7.616,0.758,0.076,1000.000,7.616
3.139,0.642,3.089,0.711,3.189,0.573,-1.000,0.500,0.712,0.071,1000.000,7.616,0.682,0.068,1000.000,7.616
3.141,0.644,3.091,0.713,3.191,0.575,-1.000,0.500,0.636,0.064,1000.000,7.616,0.605,0.061,1000.000,7.616
3.143,0.645,3.093,0.714,3.193,0.576,-1.000,0.500,0.560,0.056,1000.000,7.616,0.529,0.053,1000.000,7.616
3.145,0.646,3.095,0.715,3.194,0.577,-1.000,0.500,0.484,0.048,1000.000,7.616,0.453,0.045,1000.000,7.616
3.146,0.648,3.097,0.717,3.196,0.579,-1.000,0.500,0.408,0.041,1000.000,7.616,0.377,0.038,1000.000,7.616
3.148,0.649,3.098,0.718,3.198,0.580,-1.000,0.500,0.332,0.033,1000.000,7.616,0.301,0.030,1000.000,7.616
3.150,0.650,3.100,0.719,3.200,0.581,-1.000,0.500,0.256,0.026,1000.000,7.616,0.225,0.023,1000.000,7.616
3.152,0.652,3.102,0.720,3.202,0.583,-1.000,0.500,0.180,0.018,1000.000,7.616,0.149,0.015,1000.000,7.616
3.154,0.653,3.104,0.722,3.204,0.584,-1.000,0.500,0.104,0.010,1000.000,7.616,0.073,0.007,1000.000,7.616
3.156,0.654,3.106,0.723,3.205,0.585,-1.000,0.500,0.028,0.003,1000.000,7.616,-0.003,-0.000,1000.000,7.616
3.157,0.656,3.108,0.724,3.207,0.587,-1.000,0.500,-0.048,-0.005,1000.000,7.616,-0.079,-0.008,1000.000,7.616
3.159,0.657,3.109,0.726,3.209,0.588,-1.000,0.500,-0.124,-0.012,1000.000,7.616,-0.155,-0.016,1000.000,7.616
3.161,0.658,3.111,0.727,3.211,0.589,-1.000,0.500,-0.200,-0.020,1000.000,7.616,-0.231,-0.023,1000.000,7.616
3.163,0.660,3.113,0.728,3.213,0.591,-1.000,0.500,-0.276,-0.028,1000.000,7.616,-0.307,-0.031,1000.000,7.616
3.165,0.661,3.115,0.730,3.215,0.592,-1.000,0.500,-0.352,-0.035,1000.000,7.616,-0.383,-0.038,1000.000,7.616
3.167,0.662,3.117,0.731,3.217,0.593,-1.000,0.500,-0.428,-0.043,1000.000,7.616,-0.459,-0.046,1000.000,7.616
3.169,0.664,3.119,0.732,3.218,0.595,-1.000,0.500,-0.504,-0.050,1000.000,7.616,-0.536,-0.054,1000.000,7.616
3.170,0.665,3.121,0.734,3.220,0.596,-1.000,0.500,-0.580,-0.058,1000.000,7.616,-0.612,-0.061,1000.000,7.616
3.172,0.666,3.122,0.735,3.222,0.597,-1.000,0.500,-0.656,-0.066,1000.000,7.616,-0.688,-0.069,1000.000,7.616
3.174,0.668,3.124,0.736,3.224,0.599,-1.000,0.500,-0.732,-0.073,1000.000,7.616,-0.764,-0.076,1000.000,7.616
3.176,0.669,3.126,0.738,3.226,0.600,-1.000,0.500,-0.809,-0.081,1000.000,7.616,-0.840,-0.084,1000.000,7.616
3.178,0.670,3.128,0.739,3.228,0.601,-1.000,0.500,-0.884,-0.088,1000.000,7.616,-0.916,-0.092,1000.000,7.616
3.180,0.672,3.130,0.740,3.229,0.603,-1.000,0.500,-0.961,-0.096,1000.000,7.616,-0.992,-0.099,1000.000,7.616
3.181,0.673,3.132,0.742,3.231,0.604,-1.000,0.500,-1.037,-0.104,1000.000,7.616,-1.068,-0.107,1000.000,7.616
3.183,0.674,3.133,0.743,3.233,0.605,-1.000,0.500,-1.113,-0.111,1000.000,7.616,-1.144,-0.114,1000.000,7.616
3.185,0.676,3.135,0.744,3.235,0.607,-1.000,0.500,-1.189,-0.119,1000.000,7.616,-1.220,-0.122,1000.000,7.616
3.187,0.677,3.137,0.746,3.237,0.608,-1.000,0.500,-1.265,-0.126,1000.000,7.616,-1.296,-0.130,1000.000,7.616
3.189,0.678,3.139,0.747,3.239,0.609,-1.000,0.500,-1.341,-0.134,1000.000,7.616,-1.372,-0.137,1000.000,7.616
3.191,0.680,3.141,0.748,3.240,0.611,-1.000,0.500,-1.417,-0.142,1000.000,7.616,-1.448,-0.145,1000.000,7.616
3.192,0.681,3.143,0.750,3.242,0.612,-1.000,0.500,-1.493,-0.149,1000.000,7.616,-1.524,-0.152,1000.000,7.616
3.194,0.682,3.144,0.751,3.244,0.613,-1.000,0.500,-1.569,-0.157,1000.000,7.616,-1.600,-0.160,1000.000,7.616
3.196,0.684,3.146,0.752,3.246,0.615,-1.000,0.500,-1.645,-0.164,1000.000,7.616,-1.676,-0.168,1000.000,7.616
3.198,0.685,3.148,0.754,3.248,0.616,-1.000,0.500,-1.721,-0.172,1000.000,7.616,-1.753,-0.175,1000.000,7.616
3.200,0.686,3.150,0.755,3.250,0.617,-1.000,0.500,-1.797,-0.180,1000.000,7.616,-1.829,-0.183,1000.000,7.616
3.202,0.688,3.152,0.756,3.252,0.619,-1.000,0.500,-1.873,-0.187,1000.000,7.616,-1.905,-0.190,1000.000,7.616
3.204,0.689,3.154,0.758,3.253,0.620,-1.000,0.500,-1.949,-0.195,1000.000,7.616,-1.981,-0.198,1000.000,7.616
3.205,0.690,3.156,0.759,3.255,0.621,-1.000,0.500,-2.025,-0.203,1000.000,7.616,-2.057,-0.206,1000.000,7.616
3.207,0.692,3.157,0.760,3.257,0.623,-1.000,0.500,-2.101,-0.210,1000.000,7.616,-2.133,-0.213,1000.000,7.616
3.209,0.693,3.159,0.762,3.259,0.624,-1.000,0.500,-2.177,-0.218,1000.000,7.616,-2.209,-0.221,1000.000,7.616
3.211,0.694,3.161,0.763,3.261,0.625,-1.000,0.500,-2.253,-0.225,1000.000,7.616,-2.285,-0.229,1000.000,7.616
3.213,0.696,3.163,0.764,3.263,0.627,-1.000,0.500,-2.329,-0.233,1000.000,7.616,-2.361,-0.236,1000.000,7.616
3.215,0.697,3.165,0.766,3.264,0.628,-1.000,0.500,-2.405,-0.241,1000.000,7.616,-2.437,-0.244,1000.000,7.616
3.216,0.698,3.167,0.767,3.266,0.629,-1.000,0.500,-2.481,-0.248,1000.000,7.616,-2.513,-0.251,1000.000,7.616
3.218,0.700,3.168,0.768,3.268,0.631,-1.000,0.500,-2.557,-0.256,1000.000,7.616,-2.589,-0.259,1000.000,7.616
3.220,0.701,3.170,0.770,3.270,0.632,-1.000,0.500,-2.633,-0.263,1000.000,7.616,-2.665,-0.267,1000.000,7.616
3.222,0.702,3.172,0.771,3.272,0.633,-1.000,0.500,-2.709,-0.271,1000.000,7.616,-2.741,-0.274,1000.000,7.616
3.224,0.704,3.174,0.772,3.274,0.635,-1.000,0.500,-2.785,-0.279,1000.000,7.616,-2.818,-0.282,1000.000,7.616
3.226,0.705,3.176,0.774,3.275,0.636,-1.000,0.500,-2.861,-0.286,1000.000,7.616,-2.894,-0.289,1000.000,7.616
3.227,0.706,3.178,0.775,3.277,0.637,-1.000,0.500,-2.937,-0.294,1000.000,7.616,-2.970,-0.297,1000.000,7.616
3.229,0.708,3.179,0.776,3.279,0.639,-1.000,0.500,-3.014,-0.301,1000.000,7.616,-3.046,-0.305,1000.000,7.616
3.231,0.709,3.181,0.778,3.281,0.640,-1.000,0.500,-3.090,-0.309,1000.000,7.616,-3.122,-0.312,1000.000,7.616
3.233,0.710,3.183,0.779,3.283,0.641,-1.000,0.500,3.118,0.312,1000.000,7.616,3.085,0.309,1000.000,7.616
3.235,0.712,3.185,0.780,3.285,0.643,-1.000,0.500,3.042,0.304,1000.000,7.616,3.009,0.301,1000.000,7.616
3.237,0.713,3.187,0.782,3.287,0.644,-1.000,0.500,2.966,0.297,1000.000,7.616,2.933,0.293,1000.000,7.616
3.239,0.714,3.189,0.783,3.288,0.645,-1.000,0.500,2.889,0.289,1000.000,7.616,2.857,0.286,1000.000,7.616
3.240,0.716,3.190,0.784,3.290,0.647,-1.000,0.500,2.813,0.281,1000.000,7.616,2.781,0.278,1000.000,7.616
3.242,0.717,3.192,0.786,3.292,0.648,-1.000,0.500,2.737,0.274,1000.000,7.616,2.705,0.271,1000.000,7.616
3.244,0.718,3.194,0.787,3.294,0.649,-1.000,0.500,2.661,0.266,1000.000,7.616,2.629,0.263,1000.000,7.616
3.246,0.720,3.196,0.788,3.296,0.651,-1.000,0.500,2.585,0.259,1000.000,7.616,2.553,0.255,1000.000,7.616
3.248,0.721,3.198,0.790,3.298,0.652,-1.000,0.500,2.509,0.251,1000.000,7.616,2.477,0.248,1000.000,7.616
3.250,0.722,3.200,0.791,3.299,0.653,-1.000,0.500,2.433,0.243,1000.000,7.616,2.401,0.240,1000.000,7.616
3.251,0.724,3.202,0.792,3.301,0.655,-1.000,0.500,2.357,0.236,1000.000,7.616,2.325,0.232,1000.000,7.616
3.253,0.725,3.203,0.794,3.303,0.656,-1.000,0.500,2.281,0.228,1000.000,7.616,2.249,0.225,1000.000,7.616
3.255,0.726,3.205,0.795,3.305,0.657,-1.000,0.500,2.205,0.221,1000.000,7.616,2.173,0.217,1000.000,7.616
3.257,0.727,3.207,0.796,3.307,0.659,-1.000,0.500,2.129,0.213,1000.000,7.616,2.096,0.210,1000.000,7.616
3.259,0.729,3.209,0.798,3.309,0.660,-1.000,0.500,2.053,0.205,1000.000,7.616,2.020,0.202,1000.000,7.616
3.261,0.730,3.211,0.799,3.310,0.661,-1.000,0.500,1.977,0.198,1000.000,7.616,1.944,0.194,1000.000,7.616
3.262,0.731,3.213,0.800,3.312,0.663,-1.000,0.500,1.901,0.190,1000.000,7.616,1.868,0.187,1000.000,7.616
3.264,0.733,3.214,0.802,3.314,0.664,-1.000,0.500,1.825,0.182,1000.000,7.616,1.792,0.179,1000.000,7.616
3.266,0.734,3.216,0.803,3.316,0.665,-1.000,0.500,1.749,0.175,1000.000,7.616,1.716,0.172,1000.000,7.616
3.268,0.735,3.218,0.804,3.318,0.667,-1.000,0.500,1.673,0.167,1000.000,7.616,1.640,0.164,1000.000,7.616
3.270,0.737,3.220,0.806,3.320,0.668,-1.000,0.500,1.597,0.160,1000.000,7.616,1.564,0.156,1000.000,7.616
3.272,0.738,3.222,0.807,3.322,0.669,-1.000,0.500,1.521,0.152,1000.000,7.616,1.488,0.149,1000.000,7.616
3.274,0.739,3.224,0.808,3.323,0.671,-1.000,0.500,1.445,0.144,1000.000,7.616,1.412,0.141,1000.000,7.616
3.275,0.741,3.225,0.810,3.325,0.672,-1.000,0.500,1.369,0.137,1000.000,7.616,1.336,0.134,1000.000,7.616
3.277,0.742,3.227,0.811,3.327,0.673,-1.000,0.500,1.293,0.129,1000.000,7.616,1.260,0.126,1000.000,7.616
3.279,0.743,3.229,0.812,3.329,0.675,-1.000,0.500,1.217,0.122,1000.000,7.616,1.184,0.118,1000.000,7.616
3.281,0.745,3.231,0.814,3.331,0.676,-1.000,0.500,1.141,0.114,1000.000,7.616,1.108,0.111,1000.000,7.616
3.283,0.746,3.233,0.815,3.333,0.677,-1.000,0.500,1.065,0.106,1000.000,7.616,1.032,0.103,1000.000,7.616
3.285,0.747,3.235,0.816,3.334,0.679,-1.000,0.500,0.989,0.099,1000.000,7.616,0.956,0.096,1000.000,7.616
3.286,0.749,3.237,0.818,3.336,0.680,-1.000,0.500,0.913,0.091,1000.000,7.616,0.879,0.088,1000.000,7.616
3.288,0.750,3.238,0.819,3.338,0.681,-1.000,0.500,0.837,0.084,1000.000,7.616,0.803,0.080,1000.000,7.616
3.290,0.751,3.240,0.820,3.340,0.683,-1.000,0.500,0.761,0.076,1000.000,7.574,0.727,0.073,1000.000,7.616
3.292,0.753,3.242,0.822,3.342,0.684,-1.000,0.500,0.685,0.068,1000.000,7.574,0.651,0.065,1000.000,7.616
3.294,0.754,3.244,0.823,3.344,0.685,-1.000,0.500,0.609,0.061,1000.000,7.574,0.575,0.058,1000.000,7.616
3.296,0.755,3.246,0.824,3.345,0.687,-1.000,0.500,0.533,0.053,1000.000,7.574,0.499,0.050,1000.000,7.616
3.297,0.757,3.248,0.826,3.347,0.688,-1.000,0.500,0.458,0.046,1000.000,7.574,0.423,0.042,1000.000,7.616
3.299,0.758,3.249,0.827,3.349,0.689,-1.000,0.500,0.382,0.038,1000.000,7.574,0.347,0.035,1000.000,7.616
3.301,0.759,3.251,0.828,3.351,0.691,-1.000,0.500,0.306,0.031,1000.000,7.574,0.271,0.027,1000.000,7.616
3.303,0.761,3.253,0.830,3.353,0.692,-1.000,0.500,0.230,0.023,1000.000,7.574,0.195,0.019,1000.000,7.616
3.305,0.762,3.255,0.831,3.355,0.693,-1.000,0.500,0.155,0.015,1000.000,7.574,0.119,0.012,1000.000,7.616
3.307,0.763,3.257,0.832,3.357,0.695,-1.000,0.500,0.079,0.008,1000.000,7.574,0.043,0.004,1000.000,7.616
3.308,0.765,3.259,0.834,3.358,0.696,-1.000,0.500,0.003,0.000,1000.000,7.355,-0.033,-0.003,1000.000,7.616
3.310,0.766,3.260,0.835,3.360,0.697,-1.000,0.500,-0.071,-0.007,1000.000,7.355,-0.110,-0.011,1000.000,7.616
3.312,0.767,3.262,0.836,3.362,0.699,-1.000,0.500,-0.145,-0.014,1000.000,7.355,-0.185,-0.019,1000.000,7.616
3.314,0.769,3.264,0.838,3.364,0.700,-1.000,0.500,-0.218,-0.022,1000.000,7.355,-0.261,-0.026,1000.000,7.616
3.316,0.770,3.266,0.839,3.366,0.701,-1.000,0.500,-0.292,-0.029,1000.000,7.355,-0.337,-0.034,1000.000,7.616
3.318,0.771,3.268,0.840,3.368,0.703,-1.000,0.500,-0.366,-0.037,1000.000,7.355,-0.413,-0.041,1000.000,7.616
3.319,0.773,3.269,0.841,3.369,0.704,-1.000,0.500,-0.440,-0.044,1000.000,7.355,-0.489,-0.049,1000.000,7.616
3.321,0.774,3.271,0.843,3.371,0.705,-1.000,0.500,-0.513,-0.051,1000.000,7.355,-0.565,-0.057,1000.000,7.616
3.323,0.775,3.273,0.844,3.373,0.707,-1.000,0.500,-0.587,-0.059,1000.000,7.355,-0.641,-0.064,1000.000,7.616
3.325,0.777,3.275,0.845,3.375,0.708,-1.000,0.500,-0.660,-0.066,1000.000,7.355,-0.717,-0.072,1000.000,7.616
3.327,0.778,3.277,0.847,3.377,0.709,-1.000,0.500,-0.734,-0.073,1000.000,7.119,-0.793,-0.079,1000.000,7.616
3.329,0.779,3.278,0.848,3.379,0.711,-1.000,0.500,-0.806,-0.081,1000.000,7.119,-0.869,-0.087,1000.000,7.616
3.330,0.781,3.280,0.849,3.381,0.712,-1.000,0.500,-0.877,-0.088,1000.000,7.119,-0.945,-0.095,1000.000,7.616
3.332,0.782,3.282,0.851,3.382,0.713,-1.000,0.500,-0.949,-0.095,1000.000,7.119,-1.021,-0.102,1000.000,7.616
3.334,0.783,3.284,0.852,3.384,0.715,-1.000,0.500,-1.020,-0.102,1000.000,7.119,-1.097,-0.110,1000.000,7.616
3.336,0.785,3.285,0.853,3.386,0.716,-1.000,0.500,-1.092,-0.109,1000.000,7.119,-1.173,-0.117,1000.000,7.616
3.338,0.786,3.287,0.854,3.388,0.717,-1.000,0.500,-1.163,-0.116,1000.000,7.119,-1.249,-0.125,1000.000,7.616
3.339,0.787,3.289,0.856,3.390,0.719,-1.000,0.500,-1.235,-0.123,1000.000,7.119,-1.325,-0.133,1000.000,7.616
3.341,0.788,3.291,0.857,3.392,0.720,-1.000,0.500,-1.306,-0.131,1000.000,7.119,-1.401,-0.140,1000.000,7.616
3.343,0.790,3.292,0.858,3.393,0.721,-1.000,0.500,-1.377,-0.138,1000.000,7.119,-1.477,-0.148,1000.000,7.616
3.345,0.791,3.294,0.859,3.395,0.723,-1.000,0.500,-1.448,-0.145,1000.000,6.870,-1.553,-0.155,1000.000,7.616
3.346,0.792,3.296,0.861,3.397,0.724,-1.000,0.500,-1.518,-0.152,1000.000,6.870,-1.629,-0.163,1000.000,7.616
3.348,0.794,3.298,0.862,3.399,0.725,-1.000,0.500,-1.587,-0.159,1000.000,6.870,-1.705,-0.171,1000.000,7.616
3.350,0.795,3.299,0.863,3.401,0.727,-1.000,0.500,-1.656,-0.166,1000.000,6.870,-1.781,-0.178,1000.000,7.616
3.352,0.796,3.301,0.864,3.403,0.728,-1.000,0.500,-1.725,-0.172,1000.000,6.870,-1.857,-0.186,1000.000,7.616
3.353,0.798,3.303,0.866,3.404,0.730,-1.000,0.500,-1.794,-0.179,1000.000,6.870,-1.933,-0.193,1000.000,7.616
3.355,0.799,3.304,0.867,3.406,0.731,-1.000,0.500,-1.863,-0.186,1000.000,6.870,-2.009,-0.201,1000.000,7.616
3.357,0.800,3.306,0.868,3.408,0.732,-1.000,0.500,-1.932,-0.193,1000.000,6.870,-2.085,-0.209,1000.000,7.616
3.359,0.802,3.308,0.869,3.410,0.734,-1.000,0.500,-2.000,-0.200,1000.000,6.870,-2.161,-0.216,1000.000,7.616
3.360,0.803,3.309,0.871,3.412,0.735,-1.000,0.500,-2.069,-0.207,1000.000,6.870,-2.237,-0.224,1000.000,7.616
3.362,0.804,3.311,0.872,3.413,0.736,-1.000,0.500,-2.138,-0.214,1000.000,6.607,-2.313,-0.231,1000.000,7.616
3.364,0.805,3.313,0.873,3.415,0.738,-1.000,0.500,-2.204,-0.220,1000.000,6.607,-2.389,-0.239,1000.000,7.616
3.366,0.807,3.314,0.874,3.417,0.739,-1.000,0.500,-2.271,-0.227,1000.000,6.607,-2.465,-0.247,1000.000,7.616
3.367,0.808,3.316,0.876,3.419,0.740,-1.000,0.500,-2.337,-0.234,1000.000,6.607,-2.541,-0.254,1000.000,7.616
3.369,0.809,3.317,0.877,3.421,0.742,-1.000,0.500,-2.404,-0.240,1000.000,6.607,-2.617,-0.262,1000.000,7.616
3.371,0.811,3.319,0.878,3.423,0.743,-1.000,0.500,-2.470,-0.247,1000.000,6.607,-2.693,-0.269,1000.000,7.616
3.372,0.812,3.321,0.879,3.424,0.745,-0.998,0.500,-2.537,-0.254,1000.000,6.607,-2.770,-0.277,1000.000,7.616
3.374,0.813,3.322,0.880,3.426,0.746,-0.988,0.497,-2.603,-0.260,1000.000,6.607,-2.845,-0.285,1000.000,7.616
3.376,0.815,3.324,0.882,3.428,0.747,-0.979,0.495,-2.669,-0.267,1000.000,6.607,-2.922,-0.292,1000.000,7.616
3.378,0.816,3.325,0.883,3.430,0.749,-0.969,0.492,-2.735,-0.273,1000.000,6.607,-2.998,-0.300,1000.000,7.616
3.379,0.817,3.327,0.884,3.432,0.750,-0.959,0.490,-2.801,-0.280,1000.000,6.270,-3.074,-0.307,1000.000,7.593
3.381,0.818,3.328,0.885,3.433,0.752,-0.949,0.487,-2.864,-0.286,1000.000,6.270,3.133,0.313,1000.000,7.593
3.383,0.820,3.330,0.886,3.435,0.753,-0.939,0.485,-2.928,-0.293,1000.000,6.270,3.057,0.306,1000.000,7.593
3.384,0.821,3.332,0.888,3.437,0.754,-0.929,0.482,-2.991,-0.299,1000.000,6.270,2.981,0.298,1000.000,7.593
3.386,0.822,3.333,0.889,3.439,0.756,-0.918,0.480,-3.054,-0.305,1000.000,6.270,2.905,0.291,1000.000,7.593
3.388,0.824,3.335,0.890,3.441,0.757,-0.908,0.477,-3.117,-0.312,1000.000,6.270,2.829,0.283,1000.000,7.593
3.389,0.825,3.336,0.891,3.442,0.759,-0.898,0.475,3.103,0.310,1000.000,6.270,2.753,0.275,1000.000,7.593
3.391,0.826,3.338,0.892,3.444,0.760,-0.888,0.472,3.040,0.304,1000.000,6.270,2.678,0.268,1000.000,7.593
3.393,0.828,3.339,0.894,3.446,0.761,-0.878,0.470,2.977,0.298,1000.000,6.270,2.602,0.260,1000.000,7.593
3.394,0.829,3.341,0.895,3.448,0.763,-0.868,0.467,2.914,0.291,1000.000,6.270,2.526,0.253,1000.000,7.593
3.396,0.830,3.342,0.896,3.450,0.764,-0.858,0.465,2.852,0.285,1000.000,5.769,2.450,0.245,1000.000,7.526
3.397,0.831,3.343,0.897,3.451,0.766,-0.848,0.462,2.793,0.279,1000.000,5.769,2.375,0.237,1000.000,7.526
3.399,0.833,3.345,0.898,3.453,0.767,-0.838,0.459,2.734,0.273,1000.000,5.769,2.299,0.230,1000.000,7.526
3.401,0.834,3.346,0.899,3.455,0.769,-0.828,0.457,2.676,0.268,1000.000,5.769,2.224,0.222,1000.000,7.526
3.402,0.835,3.348,0.901,3.457,0.770,-0.818,0.454,2.617,0.262,1000.000,5.769,2.149,0.215,1000.000,7.526
3.404,0.837,3.349,0.902,3.458,0.771,-0.808,0.452,2.559,0.256,1000.000,5.769,2.074,0.207,1000.000,7.526
3.405,0.838,3.350,0.903,3.460,0.773,-0.797,0.449,2.501,0.250,1000.000,5.769,1.998,0.200,1000.000,7.526
3.407,0.839,3.352,0.904,3.462,0.774,-0.787,0.447,2.443,0.244,1000.000,5.769,1.923,0.192,1000.000,7.526
3.408,0.840,3.353,0.905,3.463,0.776,-0.777,0.444,2.385,0.238,1000.000,5.769,1.848,0.185,1000.000,7.526
3.410,0.842,3.355,0.906,3.465,0.777,-0.767,0.442,2.327,0.233,1000.000,5.769,1.773,0.177,1000.000,7.526
3.411,0.843,3.356,0.907,3.467,0.779,-0.757,0.439,2.269,0.227,1000.000,5.239,1.697,0.170,1000.000,7.475
3.413,0.844,3.357,0.908,3.469,0.780,-0.747,0.437,2.215,0.222,1000.000,5.239,1.623,0.162,1000.000,7.475
3.414,0.846,3.359,0.910,3.470,0.782,-0.737,0.434,2.161,0.216,1000.000,5.239,1.548,0.155,1000.000,7.475
3.416,0.847,3.360,0.911,3.472,0.783,-0.727,0.432,2.109,0.211,1000.000,5.239,1.473,0.147,1000.000,7.475
3.417,0.848,3.361,0.912,3.474,0.784,-0.717,0.429,2.055,0.205,1000.000,5.239,1.398,0.140,1000.000,7.475
3.419,0.849,3.362,0.913,3.475,0.786,-0.706,0.427,2.002,0.200,1000.000,5.239,1.324,0.132,1000.000,7.475
3.420,0.851,3.364,0.914,3.477,0.787,-0.696,0.424,1.949,0.195,1000.000,5.239,1.248,0.125,1000.000,7.475
3.422,0.852,3.365,0.915,3.479,0.789,-0.686,0.422,1.896,0.190,1000.000,5.239,1.174,0.117,1000.000,7.475
3.423,0.853,3.366,0.916,3.481,0.790,-0.676,0.419,1.843,0.184,1000.000,5.239,1.099,0.110,1000.000,7.475
3.425,0.854,3.367,0.917,3.482,0.792,-0.666,0.417,1.791,0.179,1000.000,5.239,1.025,0.102,1000.000,7.475
3.426,0.856,3.368,0.918,3.484,0.793,-0.656,0.414,1.738,0.174,1000.000,4.694,0.950,0.095,1000.000,7.448
3.428,0.857,3.370,0.919,3.485,0.795,-0.646,0.412,1.690,0.169,1000.000,4.694,0.875,0.088,1000.000,7.448
3.429,0.858,3.371,0.920,3.487,0.796,-0.636,0.409,1.641,0.164,1000.000,4.694,0.801,0.080,1000.000,7.448
3.430,0.860,3.372,0.921,3.489,0.798,-0.626,0.407,1.594,0.159,1000.000,4.694,0.726,0.073,1000.000,7.448
3.432,0.861,3.373,0.922,3.490,0.799,-0.616,0.404,1.546,0.155,1000.000,4.694,0.652,0.065,1000.000,7.448
3.433,0.862,3.374,0.923,3.492,0.801,-0.606,0.402,1.499,0.150,1000.000,4.694,0.578,0.058,1000.000,7.448
3.434,0.863,3.375,0.924,3.494,0.803,-0.596,0.399,1.451,0.145,1000.000,4.694,0.503,0.050,1000.000,7.448
3.436,0.865,3.376,0.925,3.495,0.804,-0.587,0.397,1.404,0.140,1000.000,4.694,0.429,0.043,1000.000,7.448
3.437,0.866,3.377,0.926,3.497,0.806,-0.577,0.394,1.356,0.136,1000.000,4.694,0.354,0.035,1000.000,7.448
3.438,0.867,3.378,0.927,3.498,0.807,-0.567,0.392,1.309,0.131,1000.000,4.694,0.280,0.028,1000.000,7.448
3.440,0.869,3.379,0.928,3.500,0.809,-0.557,0.389,1.261,0.126,1000.000,4.159,0.205,0.020,1000.000,7.453
3.441,0.870,3.380,0.929,3.502,0.810,-0.548,0.387,1.219,0.122,1000.000,4.159,0.131,0.013,1000.000,7.453
3.442,0.871,3.381,0.930,3.503,0.812,-0.538,0.385,1.176,0.118,1000.000,4.159,0.056,0.006,1000.000,7.453
3.444,0.872,3.382,0.931,3.505,0.813,-0.528,0.382,1.133,0.113,1000.000,4.159,-0.018,-0.002,1000.000,7.453
3.445,0.874,3.383,0.932,3.506,0.815,-0.519,0.380,1.091,0.109,1000.000,4.159,-0.093,-0.009,1000.000,7.453
3.446,0.875,3.384,0.933,3.508,0.817,-0.509,0.377,1.049,0.105,1000.000,4.159,-0.167,-0.017,1000.000,7.453
3.447,0.876,3.385,0.934,3.509,0.818,-0.500,0.375,1.006,0.101,1000.000,4.159,-0.242,-0.024,1000.000,7.453
3.448,0.877,3.386,0.935,3.511,0.820,-0.491,0.373,0.964,0.096,1000.000,4.159,-0.316,-0.032,1000.000,7.453
3.450,0.879,3.387,0.936,3.513,0.822,-0.481,0.370,0.922,0.092,1000.000,4.159,-0.391,-0.039,1000.000,7.453
3.451,0.880,3.388,0.937,3.514,0.823,-0.472,0.368,0.881,0.088,1000.000,4.159,-0.465,-0.046,1000.000,7.453
3.452,0.881,3.389,0.938,3.516,0.825,-0.463,0.366,0.838,0.084,1000.000,3.662,-0.540,-0.054,1000.000,7.498
3.453,0.883,3.389,0.939,3.517,0.826,-0.454,0.364,0.800,0.080,1000.000,3.662,-0.614,-0.061,1000.000,7.498
3.454,0.884,3.390,0.940,3.519,0.828,-0.445,0.361,0.762,0.076,1000.000,3.662,-0.689,-0.069,1000.000,7.498
3.456,0.885,3.391,0.941,3.520,0.830,-0.436,0.359,0.725,0.072,1000.000,3.662,-0.764,-0.076,1000.000,7.498
3.457,0.886,3.392,0.941,3.521,0.831,-0.427,0.357,0.687,0.069,1000.000,3.662,-0.839,-0.084,1000.000,7.498
3.458,0.888,3.393,0.942,3.523,0.833,-0.419,0.355,0.650,0.065,1000.000,3.662,-0.913,-0.091,1000.000,7.498
3.459,0.889,3.393,0.943,3.524,0.835,-0.410,0.352,0.613,0.061,1000.000,3.662,-0.988,-0.099,1000.000,7.498
3.460,0.890,3.394,0.944,3.526,0.837,-0.401,0.350,0.576,0.058,1000.000,3.662,-1.063,-0.106,1000.000,7.498
3.461,0.892,3.395,0.945,3.527,0.838,-0.393,0.348,0.539,0.054,1000.000,3.662,-1.138,-0.114,1000.000,7.498
3.462,0.893,3.396,0.946,3.529,0.840,-0.384,0.346,0.503,0.050,1000.000,3.662,-1.212,-0.121,1000.000,7.498
3.463,0.894,3.396,0.947,3.530,0.842,-0.376,0.344,0.466,0.047,1000.000,3.238,-1.288,-0.129,1000.000,7.592
3.464,0.895,3.397,0.947,3.532,0.843,-0.368,0.342,0.432,0.043,1000.000,3.238,-1.363,-0.136,1000.000,7.592
3.465,0.897,3.398,0.948,3.533,0.845,-0.360,0.340,0.399,0.040,1000.000,3.238,-1.439,-0.144,1000.000,7.592
3.466,0.898,3.398,0.949,3.534,0.847,-0.352,0.338,0.366,0.037,1000.000,3.238,-1.514,-0.151,1000.000,7.592
3.467,0.899,3.399,0.950,3.536,0.849,-0.344,0.336,0.333,0.033,1000.000,3.238,-1.590,-0.159,1000.000,7.592
3.468,0.901,3.400,0.951,3.537,0.851,-0.336,0.334,0.300,0.030,1000.000,3.238,-1.665,-0.167,1000.000,7.592
3.469,0.902,3.400,0.952,3.538,0.852,-0.328,0.332,0.267,0.027,1000.000,3.238,-1.741,-0.174,1000.000,7.592
3.470,0.903,3.401,0.952,3.540,0.854,-0.320,0.330,0.235,0.023,1000.000,3.238,-1.816,-0.182,1000.000,7.592
3.471,0.905,3.402,0.953,3.541,0.856,-0.313,0.328,0.202,0.020,1000.000,3.238,-1.893,-0.189,1000.000,7.592
3.472,0.906,3.402,0.954,3.542,0.858,-0.306,0.326,0.169,0.017,1000.000,3.238,-1.968,-0.197,1000.000,7.592
3.473,0.907,3.403,0.955,3.544,0.860,-0.298,0.325,0.136,0.014,1000.000,2.919,-2.044,-0.204,1000.000,7.616
3.474,0.909,3.403,0.956,3.545,0.862,-0.291,0.323,0.106,0.011,1000.000,2.919,-2.119,-0.212,1000.000,7.616
3.475,0.910,3.404,0.956,3.546,0.863,-0.284,0.321,0.076,0.008,1000.000,2.919,-2.196,-0.220,1000.000,7.616
3.476,0.911,3.404,0.957,3.548,0.865,-0.277,0.319,0.047,0.005,1000.000,2.919,-2.271,-0.227,1000.000,7.616
3.477,0.913,3.405,0.958,3.549,0.867,-0.271,0.318,0.017,0.002,1000.000,2.919,-2.348,-0.235,1000.000,7.616
3.478,0.914,3.406,0.959,3.550,0.869,-0.264,0.316,-0.013,-0.001,1000.000,2.919,-2.423,-0.242,1000.000,7.616
3.479,0.915,3.406,0.959,3.551,0.871,-0.258,0.314,-0.043,-0.004,1000.000,2.919,-2.500,-0.250,1000.000,7.616
3.480,0.917,3.407,0.960,3.552,0.873,-0.251,0.313,-0.072,-0.007,1000.000,2.919,-2.575,-0.257,1000.000,7.616
3.480,0.918,3.407,0.961,3.554,0.875,-0.245,0.311,-0.102,-0.010,1000.000,2.919,-2.651,-0.265,1000.000,7.616
3.481,0.919,3.408,0.962,3.555,0.877,-0.239,0.310,-0.131,-0.013,1000.000,2.919,-2.727,-0.273,1000.000,7.616
3.482,0.921,3.408,0.962,3.556,0.879,-0.233,0.308,-0.160,-0.016,1000.000,2.678,-2.803,-0.280,1000.000,7.616
3.483,0.922,3.409,0.963,3.557,0.881,-0.228,0.307,-0.188,-0.019,1000.000,2.678,-2.879,-0.288,1000.000,7.616
3.484,0.923,3.409,0.964,3.558,0.883,-0.222,0.305,-0.215,-0.022,1000.000,2.678,-2.955,-0.296,1000.000,7.616
3.484,0.925,3.409,0.965,3.559,0.885,-0.216,0.304,-0.242,-0.024,1000.000,2.678,-3.031,-0.303,1000.000,7.616
3.485,0.926,3.410,0.965,3.561,0.887,-0.211,0.303,-0.270,-0.027,1000.000,2.678,-3.107,-0.311,1000.000,7.616
3.486,0.927,3.410,0.966,3.562,0.889,-0.206,0.301,-0.297,-0.030,1000.000,2.678,3.101,0.310,1000.000,7.616
3.487,0.929,3.411,0.967,3.563,0.891,-0.201,0.300,-0.324,-0.032,1000.000,2.678,3.024,0.302,1000.000,7.616
3.487,0.930,3.411,0.968,3.564,0.893,-0.196,0.299,-0.351,-0.035,1000.000,2.678,2.949,0.295,1000.000,7.616
3.488,0.931,3.412,0.968,3.565,0.895,-0.191,0.298,-0.378,-0.038,1000.000,2.678,2.872,0.287,1000.000,7.616
3.489,0.933,3.412,0.969,3.566,0.897,-0.187,0.297,-0.405,-0.040,1000.000,2.678,2.797,0.280,1000.000,7.616
3.490,0.934,3.412,0.970,3.567,0.899,-0.182,0.296,-0.432,-0.043,1000.000,2.525,2.720,0.272,1000.000,7.616
3.490,0.936,3.413,0.970,3.568,0.901,-0.178,0.295,-0.457,-0.046,1000.000,2.525,2.644,0.264,1000.000,7.616
3.491,0.937,3.413,0.971,3.569,0.903,-0.174,0.294,-0.483,-0.048,1000.000,2.525,2.568,0.257,1000.000,7.616
3.492,0.938,3.413,0.972,3.570,0.905,-0.170,0.293,-0.509,-0.051,1000.000,2.525,2.492,0.249,1000.000,7.616
3.492,0.940,3.414,0.973,3.571,0.907,-0.166,0.292,-0.534,-0.053,1000.000,2.525,2.416,0.242,1000.000,7.616
3.493,0.941,3.414,0.973,3.572,0.909,-0.163,0.291,-0.560,-0.056,1000.000,2.525,2.340,0.234,1000.000,7.616
3.494,0.943,3.415,0.974,3.572,0.911,-0.159,0.290,-0.585,-0.059,1000.000,2.525,2.264,0.226,1000.000,7.616
3.494,0.944,3.415,0.975,3.573,0.913,-0.156,0.289,-0.610,-0.061,1000.000,2.525,2.188,0.219,1000.000,7.616
3.495,0.945,3.415,0.975,3.574,0.915,-0.153,0.288,-0.636,-0.064,1000.000,2.525,2.112,0.211,1000.000,7.616
3.495,0.947,3.416,0.976,3.575,0.918,-0.150,0.288,-0.661,-0.066,1000.000,2.525,2.036,0.204,1000.000,7.616
3.496,0.948,3.416,0.977,3.576,0.920,-0.147,0.287,-0.687,-0.069,1000.000,2.555,1.959,0.196,1000.000,7.616
3.496,0.950,3.416,0.978,3.577,0.922,-0.145,0.286,-0.712,-0.071,1000.000,2.555,1.884,0.188,1000.000,7.616
3.497,0.951,3.416,0.978,3.578,0.924,-0.142,0.286,-0.738,-0.074,1000.000,2.555,1.807,0.181,1000.000,7.616
3.498,0.953,3.417,0.979,3.578,0.926,-0.140,0.285,-0.763,-0.076,1000.000,2.555,1.732,0.173,1000.000,7.616
3.498,0.954,3.417,0.980,3.579,0.928,-0.138,0.284,-0.789,-0.079,1000.000,2.555,1.655,0.166,1000.000,7.616
3.499,0.955,3.417,0.980,3.580,0.930,-0.136,0.284,-0.814,-0.081,1000.000,2.555,1.580,0.158,1000.000,7.616
3.499,0.957,3.418,0.981,3.580,0.933,-0.134,0.284,-0.840,-0.084,1000.000,2.555,1.503,0.150,1000.000,7.616
3.500,0.958,3.418,0.982,3.581,0.935,-0.133,0.283,-0.865,-0.087,1000.000,2.555,1.428,0.143,1000.000,7.616
3.500,0.960,3.418,0.983,3.582,0.937,-0.131,0.283,-0.891,-0.089,1000.000,2.555,1.351,0.135,1000.000,7.616
3.500,0.961,3.418,0.983,3.583,0.939,-0.130,0.282,-0.916,-0.092,1000.000,2.555,1.276,0.128,1000.000,7.616
3.501,0.963,3.419,0.984,3.583,0.941,-0.129,0.282,-0.942,-0.094,1000.000,2.780,1.199,0.120,1000.000,7.616
3.501,0.964,3.419,0.985,3.584,0.943,-0.128,0.282,-0.969,-0.097,1000.000,2.780,1.123,0.112,1000.000,7.616
3.502,0.966,3.419,0.986,3.584,0.946,-0.127,0.282,-0.997,-0.100,1000.000,2.780,1.047,0.105,1000.000,7.616
3.502,0.967,3.419,0.986,3.585,0.948,-0.127,0.282,-1.024,-0.102,1000.000,2.780,0.971,0.097,1000.000,7.616
3.503,0.969,3.420,0.987,3.586,0.950,-0.126,0.282,-1.052,-0.105,1000.000,2.780,0.895,0.089,1000.000,7.616
3.503,0.970,3.420,0.988,3.586,0.952,-0.126,0.281,-1.079,-0.108,1000.000,2.780,0.819,0.082,1000.000,7.616
3.503,0.972,3.420,0.989,3.587,0.955,-0.122,0.280,-1.107,-0.111,1000.000,2.780,0.743,0.074,1000.000,7.616
3.504,0.973,3.420,0.989,3.587,0.957,-0.118,0.279,-1.134,-0.113,1000.000,2.780,0.667,0.067,1000.000,7.616
3.504,0.975,3.420,0.990,3.588,0.959,-0.114,0.278,-1.162,-0.116,1000.000,2.780,0.591,0.059,1000.000,7.616
3.504,0.976,3.421,0.991,3.588,0.961,-0.110,0.277,-1.189,-0.119,1000.000,2.780,0.515,0.051,1000.000,7.616
3.505,0.978,3.421,0.992,3.588,0.963,-0.106,0.276,-1.218,-0.122,1000.000,3.144,0.439,0.044,1000.000,7.616
3.505,0.979,3.421,0.993,3.589,0.966,-0.102,0.275,-1.247,-0.125,1000.000,3.144,0.363,0.036,1000.000,7.616
3.505,0.981,3.421,0.994,3.589,0.968,-0.099,0.275,-1.279,-0.128,1000.000,3.144,0.286,0.029,1000.000,7.616
3.506,0.982,3.421,0.994,3.590,0.970,-0.096,0.274,-1.309,-0.131,1000.000,3.144,0.211,0.021,1000.000,7.616
3.506,0.984,3.422,0.995,3.590,0.972,-0.093,0.273,-1.340,-0.134,1000.000,3.144,0.134,0.013,1000.000,7.616
3.506,0.985,3.422,0.996,3.590,0.975,-0.090,0.273,-1.371,-0.137,1000.000,3.144,0.059,0.006,1000.000,7.616
3.506,0.987,3.422,0.997,3.591,0.977,-0.088,0.272,-1.402,-0.140,1000.000,3.144,-0.018,-0.002,1000.000,7.616
3.507,0.989,3.422,0.998,3.591,0.979,-0.085,0.271,-1.433,-0.143,1000.000,3.144,-0.093,-0.009,1000.000,7.616
3.507,0.990,3.422,0.999,3.591,0.981,-0.083,0.271,-1.465,-0.146,1000.000,3.144,-0.170,-0.017,1000.000,7.616
3.507,0.992,3.422,1.000,3.592,0.984,-0.081,0.270,-1.495,-0.150,1000.000,3.144,-0.246,-0.025,1000.000,7.616
3.507,0.993,3.423,1.001,3.592,0.986,-0.079,0.270,-1.527,-0.153,1000.000,3.602,-0.322,-0.032,1000.000,7.616
3.507,0.995,3.423,1.002,3.592,0.988,-0.077,0.269,-1.561,-0.156,1000.000,3.602,-0.398,-0.040,1000.000,7.616
3.508,0.997,3.423,1.003,3.592,0.991,-0.075,0.269,-1.597,-0.160,1000.000,3.602,-0.474,-0.047,1000.000,7.616
3.508,0.998,3.423,1.004,3.593,0.993,-0.073,0.268,-1.631,-0.163,1000.000,3.602,-0.550,-0.055,1000.000,7.616
3.508,1.000,3.423,1.005,3.593,0.995,-0.072,0.268,-1.667,-0.167,1000.000,3.602,-0.626,-0.063,1000.000,7.616
3.508,1.002,3.423,1.006,3.593,0.997,-0.071,0.268,-1.702,-0.170,1000.000,3.602,-0.702,-0.070,1000.000,7.616
3.508,1.003,3.423,1.007,3.593,1.000,-0.070,0.267,-1.738,-0.174,1000.000,3.602,-0.778,-0.078,1000.000,7.616
3.508,1.005,3.423,1.008,3.593,1.002,-0.069,0.267,-1.773,-0.177,1000.000,3.602,-0.854,-0.085,1000.000,7.616
3.508,1.007,3.423,1.009,3.593,1.004,-0.068,0.267,-1.809,-0.181,1000.000,3.602,-0.930,-0.093,1000.000,7.616
3.508,1.008,3.424,1.010,3.593,1.006,-0.067,0.267,-1.845,-0.184,1000.000,3.602,-1.006,-0.101,1000.000,7.616
3.509,1.010,3.424,1.011,3.594,1.009,-0.066,0.267,-1.881,-0.188,1000.000,4.098,-1.082,-0.108,1000.000,7.616
3.509,1.012,3.424,1.012,3.594,1.011,-0.066,0.266,-1.919,-0.192,1000.000,4.098,-1.158,-0.116,1000.000,7.616
3.509,1.013,3.424,1.013,3.594,1.013,-0.066,0.266,-1.960,-0.196,1000.000,4.098,-1.234,-0.123,1000.000,7.616
3.509,1.015,3.424,1.014,3.594,1.016,-0.065,0.266,-2.000,-0.200,1000.000,4.098,-1.310,-0.131,1000.000,7.616
3.509,1.017,3.424,1.016,3.594,1.018,-0.065,0.266,-2.041,-0.204,1000.000,4.098,-1.386,-0.139,1000.000,7.616
3.509,1.018,3.424,1.017,3.594,1.020,-0.065,0.266,-2.080,-0.208,1000.000,4.098,-1.462,-0.146,1000.000,7.616
3.509,1.020,3.424,1.018,3.594,1.022,-0.065,0.266,-2.121,-0.212,1000.000,4.098,-1.538,-0.154,1000.000,7.616
3.509,1.022,3.424,1.019,3.594,1.025,-0.065,0.266,-2.162,-0.216,1000.000,4.098,-1.614,-0.161,1000.000,7.616
3.509,1.024,3.424,1.020,3.594,1.027,-0.066,0.266,-2.203,-0.220,1000.000,4.098,-1.691,-0.169,1000.000,7.616
3.509,1.025,3.424,1.022,3.594,1.029,-0.066,0.267,-2.243,-0.224,1000.000,4.098,-1.767,-0.177,1000.000,7.616
3.509,1.027,3.424,1.023,3.594,1.031,-0.067,0.267,-2.284,-0.228,1000.000,4.233,-1.843,-0.184,1000.000,7.616
3.509,1.029,3.424,1.024,3.594,1.034,-0.067,0.267,-2.326,-0.233,1000.000,4.233,-1.919,-0.192,1000.000,7.616
3.509,1.031,3.424,1.025,3.593,1.036,-0.068,0.267,-2.368,-0.237,1000.000,4.233,-1.995,-0.199,1000.000,7.616
3.509,1.032,3.424,1.026,3.593,1.038,-0.069,0.267,-2.410,-0.241,1000.000,4.233,-2.071,-0.207,1000.000,7.616
3.508,1.034,3.424,1.028,3.593,1.041,-0.069,0.267,-2.452,-0.245,1000.000,4.233,-2.147,-0.215,1000.000,7.616
3.508,1.036,3.424,1.029,3.593,1.043,-0.070,0.268,-2.494,-0.249,1000.000,4.233,-2.223,-0.222,1000.000,7.616
3.508,1.038,3.424,1.030,3.593,1.045,-0.071,0.268,-2.537,-0.254,1000.000,4.233,-2.299,-0.230,1000.000,7.616
3.508,1.039,3.423,1.032,3.593,1.047,-0.073,0.268,-2.579,-0.258,1000.000,4.233,-2.375,-0.238,1000.000,7.616
3.508,1.041,3.423,1.033,3.593,1.050,-0.074,0.268,-2.621,-0.262,1000.000,4.233,-2.451,-0.245,1000.000,7.616
3.508,1.043,3.423,1.034,3.592,1.052,-0.075,0.269,-2.664,-0.266,1000.000,4.233,-2.527,-0.253,1000.000,7.616
3.508,1.045,3.423,1.035,3.592,1.054,-0.077,0.269,-2.706,-0.271,1000.000,4.416,-2.603,-0.260,1000.000,7.616
3.508,1.046,3.423,1.037,3.592,1.056,-0.078,0.270,-2.749,-0.275,1000.000,4.416,-2.679,-0.268,1000.000,7.616
3.507,1.048,3.423,1.038,3.592,1.059,-0.080,0.270,-2.793,-0.279,1000.000,4.416,-2.755,-0.276,1000.000,7.616
3.507,1.050,3.423,1.039,3.591,1.061,-0.082,0.270,-2.837,-0.284,1000.000,4.416,-2.831,-0.283,1000.000,7.616
3.507,1.052,3.423,1.040,3.591,1.063,-0.083,0.271,-2.881,-0.288,1000.000,4.416,-2.908,-0.291,1000.000,7.616
3.507,1.054,3.423,1.042,3.591,1.065,-0.085,0.271,-2.925,-0.293,1000.000,4.416,-2.984,-0.298,1000.000,7.616
3.507,1.055,3.422,1.043,3.591,1.068,-0.087,0.272,-2.969,-0.297,1000.000,4.416,-3.060,-0.306,1000.000,7.616
3.506,1.057,3.422,1.044,3.590,1.070,-0.089,0.272,-3.013,-0.301,1000.000,4.416,-3.136,-0.314,1000.000,7.616
3.506,1.059,3.422,1.046,3.590,1.072,-0.092,0.273,-3.057,-0.306,1000.000,4.416,3.071,0.307,1000.000,7.616
3.506,1.061,3.422,1.047,3.590,1.074,-0.094,0.273,-3.101,-0.310,1000.000,4.416,2.995,0.300,1000.000,7.616
3.506,1.062,3.422,1.048,3.589,1.077,-0.096,0.274,3.138,0.314,1000.000,4.652,2.919,0.292,1000.000,7.616
3.505,1.064,3.422,1.050,3.589,1.079,-0.099,0.275,3.092,0.309,1000.000,4.652,2.843,0.284,1000.000,7.616
3.505,1.066,3.421,1.051,3.589,1.081,-0.101,0.275,3.046,0.305,1000.000,4.652,2.767,0.277,1000.000,7.616
3.505,1.068,3.421,1.052,3.588,1.083,-0.104,0.276,3.000,0.300,1000.000,4.652,2.691,0.269,1000.000,7.616
3.504,1.070,3.421,1.054,3.588,1.086,-0.107,0.277,2.954,0.295,1000.000,4.652,2.615,0.262,1000.000,7.616
3.504,1.071,3.421,1.055,3.588,1.088,-0.109,0.277,2.908,0.291,1000.000,4.652,2.539,0.254,1000.000,7.616
3.504,1.073,3.420,1.056,3.587,1.090,-0.112,0.278,2.861,0.286,1000.000,4.652,2.463,0.246,1000.000,7.616
3.503,1.075,3.420,1.058,3.587,1.092,-0.115,0.279,2.815,0.281,1000.000,4.652,2.387,0.239,1000.000,7.616
3.503,1.077,3.420,1.059,3.586,1.095,-0.118,0.279,2.769,0.277,1000.000,4.652,2.311,0.231,1000.000,7.616
3.503,1.079,3.420,1.060,3.586,1.097,-0.121,0.280,2.722,0.272,1000.000,4.652,2.235,0.223,1000.000,7.616
3.502,1.080,3.419,1.062,3.585,1.099,-0.124,0.281,2.676,0.268,1000.000,4.929,2.159,0.216,1000.000,7.616
3.502,1.082,3.419,1.063,3.585,1.101,-0.126,0.282,2.628,0.263,1000.000,4.929,2.083,0.208,1000.000,7.616
3.502,1.084,3.419,1.065,3.584,1.103,-0.127,0.282,2.579,0.258,1000.000,4.929,2.007,0.201,1000.000,7.616
3.501,1.086,3.419,1.066,3.584,1.106,-0.128,0.282,2.530,0.253,1000.000,4.929,1.930,0.193,1000.000,7.616
3.501,1.088,3.418,1.067,3.583,1.108,-0.129,0.282,2.481,0.248,1000.000,4.929,1.854,0.185,1000.000,7.616
3.500,1.089,3.418,1.069,3.583,1.110,-0.130,0.282,2.432,0.243,1000.000,4.929,1.778,0.178,1000.000,7.616
3.500,1.091,3.418,1.070,3.582,1.112,-0.131,0.283,2.383,0.238,1000.000,4.929,1.702,0.170,1000.000,7.616
3.500,1.093,3.417,1.072,3.582,1.115,-0.132,0.283,2.334,0.233,1000.000,4.929,1.626,0.163,1000.000,7.616
3.499,1.095,3.417,1.073,3.581,1.117,-0.133,0.283,2.285,0.228,1000.000,4.929,1.550,0.155,1000.000,7.616
3.499,1.097,3.417,1.074,3.581,1.119,-0.134,0.284,2.235,0.224,1000.000,4.929,1.474,0.147,1000.000,7.616
3.498,1.099,3.416,1.076,3.580,1.121,-0.136,0.284,2.186,0.219,1000.000,5.186,1.398,0.140,1000.000,7.616
3.498,1.100,3.416,1.077,3.580,1.123,-0.137,0.284,2.136,0.214,1000.000,5.186,1.322,0.132,1000.000,7.616
3.497,1.102,3.416,1.079,3.579,1.126,-0.139,0.285,2.084,0.208,1000.000,5.186,1.246,0.125,1000.000,7.616
3.497,1.104,3.415,1.080,3.578,1.128,-0.140,0.285,2.033,0.203,1000.000,5.186,1.170,0.117,1000.000,7.616
3.496,1.106,3.415,1.082,3.578,1.130,-0.142,0.286,1.981,0.198,1000.000,5.186,1.094,0.109,1000.000,7.616
3.496,1.108,3.414,1.083,3.577,1.132,-0.144,0.286,1.929,0.193,1000.000,5.186,1.017,0.102,1000.000,7.616
3.495,1.109,3.414,1.085,3.577,1.134,-0.146,0.286,1.878,0.188,1000.000,5.186,0.941,0.094,1000.000,7.616
3.495,1.111,3.414,1.086,3.576,1.136,-0.147,0.287,1.826,0.183,1000.000,5.186,0.865,0.087,1000.000,7.616
3.494,1.113,3.413,1.088,3.575,1.139,-0.149,0.287,1.774,0.177,1000.000,5.186,0.789,0.079,1000.000,7.616
3.494,1.115,3.413,1.089,3.575,1.141,-0.151,0.288,1.723,0.172,1000.000,5.186,0.713,0.071,1000.000,7.616
3.493,1.117,3.412,1.091,3.574,1.143,-0.154,0.288,1.671,0.167,1000.000,5.460,0.637,0.064,1000.000,7.616
3.493,1.119,3.412,1.092,3.573,1.145,-0.156,0.289,1.618,0.162,1000.000,5.460,0.561,0.056,1000.000,7.616
3.492,1.120,3.411,1.094,3.573,1.147,-0.158,0.289,1.563,0.156,1000.000,5.460,0.485,0.048,1000.000,7.616
3.491,1.122,3.411,1.095,3.572,1.150,-0.160,0.290,1.510,0.151,1000.000,5.460,0.409,0.041,1000.000,7.616
3.491,1.124,3.410,1.097,3.571,1.152,-0.163,0.291,1.455,0.146,1000.000,5.460,0.333,0.033,1000.000,7.616
3.490,1.126,3.410,1.098,3.571,1.154,-0.165,0.291,1.401,0.140,1000.000,5.460,0.257,0.026,1000.000,7.616
3.490,1.128,3.409,1.100,3.570,1.156,-0.167,0.292,1.347,0.135,1000.000,5.460,0.181,0.018,1000.000,7.616
3.489,1.130,3.409,1.101,3.569,1.158,-0.170,0.292,1.292,0.129,1000.000,5.460,0.104,0.010,1000.000,7.616
3.488,1.131,3.408,1.103,3.568,1.160,-0.172,0.293,1.238,0.124,1000.000,5.460,0.028,0.003,1000.000,7.616
3.488,1.133,3.408,1.104,3.568,1.162,-0.175,0.294,1.183,0.118,1000.000,5.460,-0.048,-0.005,1000.000,7.616
3.487,1.135,3.407,1.106,3.567,1.165,-0.178,0.294,1.129,0.113,1000.000,5.754,-0.124,-0.012,1000.000,7.616
3.486,1.137,3.407,1.107,3.566,1.167,-0.180,0.295,1.073,0.107,1000.000,5.754,-0.200,-0.020,1000.000,7.616
3.486,1.139,3.406,1.109,3.565,1.169,-0.183,0.296,1.016,0.102,1000.000,5.754,-0.276,-0.028,1000.000,7.616
3.485,1.141,3.406,1.110,3.565,1.171,-0.186,0.297,0.959,0.096,1000.000,5.754,-0.352,-0.035,1000.000,7.616
3.484,1.143,3.405,1.112,3.564,1.173,-0.189,0.297,0.902,0.090,1000.000,5.754,-0.428,-0.043,1000.000,7.616
3.484,1.144,3.405,1.114,3.563,1.175,-0.192,0.298,0.844,0.084,1000.000,5.754,-0.504,-0.050,1000.000,7.616
3.483,1.146,3.404,1.115,3.562,1.177,-0.195,0.299,0.787,0.079,1000.000,5.754,-0.580,-0.058,1000.000,7.616
3.482,1.148,3.403,1.117,3.561,1.180,-0.198,0.299,0.730,0.073,1000.000,5.754,-0.656,-0.066,1000.000,7.616
3.482,1.150,3.403,1.118,3.561,1.182,-0.201,0.300,0.673,0.067,1000.000,5.754,-0.732,-0.073,1000.000,7.616
3.481,1.152,3.402,1.120,3.560,1.184,-0.204,0.301,0.615,0.062,1000.000,5.754,-0.809,-0.081,1000.000,7.616
3.480,1.154,3.402,1.122,3.559,1.186,-0.207,0.302,0.558,0.056,1000.000,6.054,-0.884,-0.088,1000.000,7.616
3.479,1.156,3.401,1.123,3.558,1.188,-0.210,0.303,0.499,0.050,1000.000,6.054,-0.961,-0.096,1000.000,7.616
3.479,1.157,3.400,1.125,3.557,1.190,-0.214,0.303,0.438,0.044,1000.000,6.054,-1.037,-0.104,1000.000,7.616
3.478,1.159,3.400,1.126,3.556,1.192,-0.217,0.304,0.379,0.038,1000.000,6.054,-1.113,-0.111,1000.000,7.616
3.477,1.161,3.399,1.128,3.555,1.194,-0.220,0.305,0.318,0.032,1000.000,6.054,-1.189,-0.119,1000.000,7.616
3.476,1.163,3.398,1.130,3.555,1.196,-0.224,0.306,0.258,0.026,1000.000,6.054,-1.265,-0.127,1000.000,7.616
3.476,1.165,3.398,1.131,3.554,1.198,-0.227,0.307,0.198,0.020,1000.000,6.054,-1.341,-0.134,1000.000,7.616
3.475,1.167,3.397,1.133,3.553,1.201,-0.230,0.308,0.138,0.014,1000.000,6.054,-1.417,-0.142,1000.000,7.616
3.474,1.169,3.396,1.135,3.552,1.203,-0.234,0.308,0.078,0.008,1000.000,6.054,-1.493,-0.149,1000.000,7.616
3.473,1.171,3.396,1.136,3.551,1.205,-0.237,0.309,0.017,0.002,1000.000,6.054,-1.569,-0.157,1000.000,7.616
3.473,1.172,3.395,1.138,3.550,1.207,-0.241,0.310,-0.043,-0.004,1000.000,6.326,-1.645,-0.165,1000.000,7.616
3.472,1.174,3.394,1.140,3.549,1.209,-0.244,0.311,-0.105,-0.011,1000.000,6.326,-1.722,-0.172,1000.000,7.616
3.471,1.176,3.393,1.141,3.548,1.211,-0.248,0.312,-0.168,-0.017,1000.000,6.326,-1.797,-0.180,1000.000,7.616
3.470,1.178,3.393,1.143,3.548,1.213,-0.252,0.313,-0.231,-0.023,1000.000,6.326,-1.874,-0.187,1000.000,7.616
3.469,1.180,3.392,1.145,3.547,1.215,-0.255,0.314,-0.294,-0.029,1000.000,6.326,-1.950,-0.195,1000.000,7.616
3.468,1.182,3.391,1.146,3.546,1.217,-0.259,0.315,-0.356,-0.036,1000.000,6.326,-2.026,-0.203,1000.000,7.616
3.468,1.184,3.390,1.148,3.545,1.219,-0.263,0.316,-0.419,-0.042,1000.000,6.326,-2.102,-0.210,1000.000,7.616
3.467,1.186,3.390,1.150,3.544,1.221,-0.267,0.317,-0.482,-0.048,1000.000,6.326,-2.178,-0.218,1000.000,7.616
3.466,1.188,3.389,1.152,3.543,1.223,-0.270,0.318,-0.545,-0.055,1000.000,6.326,-2.254,-0.225,1000.000,7.616
3.465,1.189,3.388,1.153,3.542,1.226,-0.274,0.319,-0.609,-0.061,1000.000,6.326,-2.330,-0.233,1000.000,7.616
3.464,1.191,3.387,1.155,3.541,1.228,-0.278,0.319,-0.672,-0.067,1000.000,6.399,-2.406,-0.241,1000.000,7.616
3.463,1.193,3.387,1.157,3.540,1.230,-0.282,0.320,-0.735,-0.074,1000.000,6.399,-2.482,-0.248,1000.000,7.616
3.462,1.195,3.386,1.158,3.539,1.232,-0.286,0.321,-0.799,-0.080,1000.000,6.399,-2.558,-0.256,1000.000,7.616
3.462,1.197,3.385,1.160,3.538,1.234,-0.290,0.322,-0.863,-0.086,1000.000,6.399,-2.635,-0.263,1000.000,7.616
3.461,1.199,3.384,1.162,3.537,1.236,-0.294,0.323,-0.926,-0.093,1000.000,6.399,-2.710,-0.271,1000.000,7.616
3.460,1.201,3.383,1.164,3.536,1.238,-0.298,0.324,-0.990,-0.099,1000.000,6.399,-2.787,-0.279,1000.000,7.616
3.459,1.203,3.382,1.165,3.535,1.240,-0.302,0.325,-1.054,-0.105,1000.000,6.399,-2.863,-0.286,1000.000,7.616
3.458,1.204,3.382,1.167,3.534,1.242,-0.306,0.326,-1.118,-0.112,1000.000,6.399,-2.939,-0.294,1000.000,7.616
3.457,1.206,3.381,1.169,3.533,1.244,-0.310,0.327,-1.182,-0.118,1000.000,6.399,-3.015,-0.301,1000.000,7.616
3.456,1.208,3.380,1.170,3.532,1.246,-0.314,0.328,-1.246,-0.125,1000.000,6.399,-3.091,-0.309,1000.000,7.616
3.455,1.210,3.379,1.172,3.531,1.248,-0.318,0.329,-1.309,-0.131,1000.000,6.476,3.116,0.312,1000.000,7.616
3.454,1.212,3.378,1.174,3.530,1.250,-0.322,0.330,-1.374,-0.137,1000.000,6.476,3.040,0.304,1000.000,7.616
3.453,1.214,3.377,1.176,3.529,1.252,-0.326,0.332,-1.438,-0.144,1000.000,6.476,2.964,0.296,1000.000,7.616
3.452,1.216,3.377,1.177,3.528,1.254,-0.330,0.333,-1.503,-0.150,1000.000,6.476,2.888,0.289,1000.000,7.616
3.452,1.218,3.376,1.179,3.527,1.256,-0.334,0.334,-1.567,-0.157,1000.000,6.476,2.812,0.281,1000.000,7.616
3.451,1.220,3.375,1.181,3.526,1.258,-0.339,0.335,-1.632,-0.163,1000.000,6.476,2.736,0.274,1000.000,7.616
3.450,1.221,3.374,1.182,3.525,1.260,-0.343,0.336,-1.697,-0.170,1000.000,6.476,2.660,0.266,1000.000,7.616
3.449,1.223,3.373,1.184,3.524,1.262,-0.347,0.337,-1.761,-0.176,1000.000,6.476,2.583,0.258,1000.000,7.616
3.448,1.225,3.372,1.186,3.523,1.264,-0.351,0.338,-1.826,-0.183,1000.000,6.476,2.507,0.251,1000.000,7.616
3.447,1.227,3.371,1.188,3.522,1.266,-0.356,0.339,-1.891,-0.189,1000.000,6.476,2.431,0.243,1000.000,7.616
3.446,1.229,3.371,1.189,3.521,1.268,-0.360,0.340,-1.955,-0.196,1000.000,6.557,2.355,0.236,1000.000,7.616
3.445,1.231,3.370,1.191,3.520,1.270,-0.364,0.341,-2.020,-0.202,1000.000,6.557,2.279,0.228,1000.000,7.616
3.444,1.233,3.369,1.193,3.519,1.272,-0.369,0.342,-2.086,-0.209,1000.000,6.557,2.203,0.220,1000.000,7.616
3.443,1.234,3.368,1.194,3.518,1.275,-0.373,0.343,-2.151,-0.215,1000.000,6.557,2.127,0.213,1000.000,7.616
3.442,1.236,3.367,1.196,3.517,1.277,-0.377,0.344,-2.216,-0.222,1000.000,6.557,2.051,0.205,1000.000,7.616
3.441,1.238,3.366,1.198,3.516,1.279,-0.382,0.345,-2.282,-0.228,1000.000,6.557,1.975,0.197,1000.000,7.616
3.440,1.240,3.365,1.200,3.515,1.281,-0.386,0.347,-2.347,-0.235,1000.000,6.557,1.899,0.190,1000.000,7.616
3.439,1.242,3.364,1.201,3.514,1.283,-0.391,0.348,-2.413,-0.241,1000.000,6.557,1.822,0.182,1000.000,7.616
3.438,1.244,3.363,1.203,3.513,1.285,-0.395,0.349,-2.478,-0.248,1000.000,6.557,1.747,0.175,1000.000,7.616
3.437,1.246,3.362,1.205,3.511,1.287,-0.400,0.350,-2.544,-0.254,1000.000,6.557,1.670,0.167,1000.000,7.616
3.436,1.248,3.361,1.207,3.510,1.289,-0.404,0.351,-2.609,-0.261,1000.000,6.640,1.594,0.159,1000.000,7.616
3.435,1.249,3.361,1.208,3.509,1.291,-0.409,0.352,-2.675,-0.267,1000.000,6.640,1.518,0.152,1000.000,7.616
3.434,1.251,3.360,1.210,3.508,1.293,-0.414,0.353,-2.741,-0.274,1000.000,6.640,1.442,0.144,1000.000,7.616
3.433,1.253,3.359,1.212,3.507,1.295,-0.418,0.355,-2.807,-0.281,1000.000,6.640,1.366,0.137,1000.000,7.616
3.432,1.255,3.358,1.213,3.506,1.297,-0.423,0.356,-2.873,-0.287,1000.000,6.640,1.290,0.129,1000.000,7.616
3.431,1.257,3.357,1.215,3.505,1.299,-0.427,0.357,-2.940,-0.294,1000.000,6.640,1.214,0.121,1000.000,7.616
3.430,1.259,3.356,1.217,3.504,1.301,-0.432,0.358,-3.006,-0.301,1000.000,6.640,1.138,0.114,1000.000,7.616
3.429,1.261,3.355,1.219,3.503,1.303,-0.437,0.359,-3.072,-0.307,1000.000,6.640,1.062,0.106,1000.000,7.616
3.428,1.262,3.354,1.220,3.502,1.304,-0.441,0.360,-3.139,-0.314,1000.000,6.640,0.986,0.099,1000.000,7.616
3.427,1.264,3.353,1.222,3.501,1.306,-0.446,0.362,3.078,0.308,1000.000,6.640,0.909,0.091,1000.000,7.616
3.426,1.266,3.352,1.224,3.499,1.308,-0.451,0.363,3.012,0.301,1000.000,6.725,0.834,0.083,1000.000,7.616
3.425,1.268,3.351,1.226,3.498,1.310,-0.456,0.364,2.945,0.295,1000.000,6.725,0.757,0.076,1000.000,7.616
3.424,1.270,3.350,1.227,3.497,1.312,-0.460,0.365,2.878,0.288,1000.000,6.725,0.681,0.068,1000.000,7.616
3.423,1.272,3.349,1.229,3.496,1.314,-0.465,0.366,2.811,0.281,1000.000,6.725,0.605,0.061,1000.000,7.616
3.421,1.274,3.348,1.231,3.495,1.316,-0.470,0.367,2.744,0.274,1000.000,6.725,0.529,0.053,1000.000,7.616
3.420,1.275,3.347,1.232,3.494,1.318,-0.475,0.369,2.677,0.268,1000.000,6.725,0.453,0.045,1000.000,7.616
3.419,1.277,3.346,1.234,3.493,1.320,-0.480,0.370,2.610,0.261,1000.000,6.725,0.377,0.038,1000.000,7.616
3.418,1.279,3.345,1.236,3.491,1.322,-0.484,0.371,2.542,0.254,1000.000,6.725,0.301,0.030,1000.000,7.616
3.417,1.281,3.344,1.238,3.490,1.324,-0.489,0.372,2.475,0.248,1000.000,6.725,0.225,0.022,1000.000,7.616
3.416,1.283,3.343,1.239,3.489,1.326,-0.494,0.374,2.408,0.241,1000.000,6.725,0.149,0.015,1000.000,7.616
3.415,1.285,3.342,1.241,3.488,1.328,-0.499,0.375,2.341,0.234,1000.000,6.812,0.073,0.007,1000.000,7.616
3.414,1.287,3.341,1.243,3.487,1.330,-0.504,0.376,2.273,0.227,1000.000,6.812,-0.004,-0.000,1000.000,7.616
3.413,1.288,3.340,1.245,3.486,1.332,-0.509,0.377,2.206,0.221,1000.000,6.812,-0.079,-0.008,1000.000,7.616
3.412,1.290,3.339,1.246,3.485,1.334,-0.514,0.378,2.138,0.214,1000.000,6.812,-0.156,-0.016,1000.000,7.616
3.411,1.292,3.338,1.248,3.483,1.336,-0.519,0.380,2.070,0.207,1000.000,6.812,-0.232,-0.023,1000.000,7.616
3.410,1.294,3.337,1.250,3.482,1.338,-0.524,0.381,2.002,0.200,1000.000,6.812,-0.308,-0.031,1000.000,7.616
3.408,1.296,3.336,1.252,3.481,1.340,-0.529,0.382,1.934,0.193,1000.000,6.812,-0.384,-0.038,1000.000,7.616
3.407,1.298,3.335,1.253,3.480,1.342,-0.534,0.383,1.866,0.187,1000.000,6.812,-0.460,-0.046,1000.000,7.616
3.406,1.299,3.334,1.255,3.479,1.344,-0.539,0.385,1.798,0.180,1000.000,6.812,-0.536,-0.054,1000.000,7.616
3.405,1.301,3.333,1.257,3.478,1.346,-0.544,0.386,1.730,0.173,1000.000,6.812,-0.612,-0.061,1000.000,7.616
3.404,1.303,3.332,1.259,3.476,1.348,-0.549,0.387,1.662,0.166,1000.000,6.900,-0.688,-0.069,1000.000,7.616
3.403,1.305,3.331,1.260,3.475,1.350,-0.554,0.388,1.593,0.159,1000.000,6.900,-0.764,-0.076,1000.000,7.616
3.402,1.307,3.330,1.262,3.474,1.352,-0.559,0.390,1.525,0.152,1000.000,6.900,-0.840,-0.084,1000.000,7.616
3.401,1.309,3.328,1.264,3.473,1.354,-0.564,0.391,1.456,0.146,1000.000,6.900,-0.917,-0.092,1000.000,7.616
3.400,1.310,3.327,1.266,3.472,1.355,-0.569,0.392,1.387,0.139,1000.000,6.900,-0.992,-0.099,1000.000,7.616
3.398,1.312,3.326,1.267,3.470,1.357,-0.574,0.393,1.318,0.132,1000.000,6.900,-1.069,-0.107,1000.000,7.616
3.397,1.314,3.325,1.269,3.469,1.359,-0.579,0.395,1.249,0.125,1000.000,6.900,-1.145,-0.114,1000.000,7.616
3.396,1.316,3.324,1.271,3.468,1.361,-0.584,0.396,1.180,0.118,1000.000,6.900,-1.221,-0.122,1000.000,7.616
3.395,1.318,3.323,1.273,3.467,1.363,-0.589,0.397,1.111,0.111,1000.000,6.900,-1.297,-0.130,1000.000,7.616
3.394,1.320,3.322,1.274,3.466,1.365,-0.594,0.399,1.043,0.104,1000.000,6.900,-1.373,-0.137,1000.000,7.616
3.393,1.322,3.321,1.276,3.464,1.367,-0.600,0.400,0.974,0.097,1000.000,6.987,-1.449,-0.145,1000.000,7.616
3.392,1.323,3.320,1.278,3.463,1.369,-0.605,0.401,0.904,0.090,1000.000,6.987,-1.525,-0.153,1000.000,7.616
3.390,1.325,3.319,1.280,3.462,1.371,-0.610,0.402,0.835,0.083,1000.000,6.987,-1.601,-0.160,1000.000,7.616
3.389,1.327,3.318,1.281,3.461,1.373,-0.615,0.404,0.765,0.076,1000.000,6.987,-1.677,-0.168,1000.000,7.616
3.388,1.329,3.316,1.283,3.460,1.375,-0.620,0.405,0.695,0.070,1000.000,6.987,-1.753,-0.175,1000.000,7.616
3.387,1.331,3.315,1.285,3.458,1.377,-0.625,0.406,0.625,0.063,1000.000,6.987,-1.829,-0.183,1000.000,7.616
3.386,1.333,3.314,1.287,3.457,1.379,-0.631,0.408,0.556,0.056,1000.000,6.987,-1.905,-0.191,1000.000,7.616
3.385,1.334,3.313,1.288,3.456,1.380,-0.636,0.409,0.486,0.049,1000.000,6.987,-1.982,-0.198,1000.000,7.616
3.383,1.336,3.312,1.290,3.455,1.382,-0.641,0.410,0.416,0.042,1000.000,6.987,-2.057,-0.206,1000.000,7.616
3.382,1.338,3.311,1.292,3.454,1.384,-0.646,0.412,0.346,0.035,1000.000,6.987,-2.134,-0.213,1000.000,7.616
3.381,1.340,3.310,1.294,3.452,1.386,-0.652,0.413,0.277,0.028,1000.000,7.075,-2.210,-0.221,1000.000,7.616
3.380,1.342,3.309,1.295,3.451,1.388,-0.657,0.414,0.206,0.021,1000.000,7.075,-2.286,-0.229,1000.000,7.616
3.379,1.344,3.307,1.297,3.450,1.390,-0.662,0.416,0.136,0.014,1000.000,7.075,-2.362,-0.236,1000.000,7.616
3.377,1.345,3.306,1.299,3.449,1.392,-0.667,0.417,0.065,0.007,1000.000,7.075,-2.438,-0.244,1000.000,7.616
3.376,1.347,3.305,1.301,3.447,1.394,-0.673,0.418,-0.005,-0.001,1000.000,7.075,-2.514,-0.251,1000.000,7.616
3.375,1.349,3.304,1.302,3.446,1.396,-0.678,0.419,-0.076,-0.008,1000.000,7.075,-2.590,-0.259,1000.000,7.616
3.374,1.351,3.303,1.304,3.445,1.398,-0.683,0.421,-0.146,-0.015,1000.000,7.075,-2.666,-0.267,1000.000,7.616
3.373,1.353,3.302,1.306,3.444,1.400,-0.688,0.422,-0.217,-0.022,1000.000,7.075,-2.742,-0.274,1000.000,7.616
3.371,1.355,3.301,1.308,3.442,1.401,-0.694,0.423,-0.288,-0.029,1000.000,7.075,-2.818,-0.282,1000.000,7.616
3.370,1.356,3.299,1.309,3.441,1.403,-0.699,0.425,-0.358,-0.036,1000.000,7.075,-2.894,-0.289,1000.000,7.616
3.369,1.358,3.298,1.311,3.440,1.405,-0.704,0.426,-0.429,-0.043,1000.000,7.161,-2.970,-0.297,1000.000,7.616
3.368,1.360,3.297,1.313,3.439,1.407,-0.710,0.427,-0.500,-0.050,1000.000,7.161,-3.046,-0.305,1000.000,7.616
3.367,1.362,3.296,1.315,3.437,1.409,-0.715,0.429,-0.572,-0.057,1000.000,7.161,-3.122,-0.312,1000.000,7.616
3.365,1.364,3.295,1.317,3.436,1.411,-0.720,0.430,-0.643,-0.064,1000.000,7.161,3.085,0.308,1000.000,7.616
3.364,1.366,3.294,1.318,3.435,1.413,-0.726,0.431,-0.714,-0.071,1000.000,7.161,3.009,0.301,1000.000,7.616
3.363,1.367,3.292,1.320,3.434,1.415,-0.731,0.433,-0.786,-0.079,1000.000,7.161,2.932,0.293,1000.000,7.616
3.362,1.369,3.291,1.322,3.432,1.417,-0.736,0.434,-0.857,-0.086,1000.000,7.161,2.856,0.286,1000.000,7.616
3.361,1.371,3.290,1.324,3.431,1.419,-0.742,0.435,-0.929,-0.093,1000.000,7.161,2.780,0.278,1000.000,7.616
3.359,1.373,3.289,1.325,3.430,1.420,-0.747,0.437,-1.000,-0.100,1000.000,7.161,2.704,0.270,1000.000,7.616
3.358,1.375,3.288,1.327,3.429,1.422,-0.752,0.438,-1.072,-0.107,1000.000,7.161,2.628,0.263,1000.000,7.616
3.357,1.377,3.287,1.329,3.427,1.424,-0.758,0.439,-1.143,-0.114,1000.000,7.247,2.552,0.255,1000.000,7.616
3.356,1.378,3.285,1.331,3.426,1.426,-0.763,0.441,-1.215,-0.122,1000.000,7.247,2.476,0.248,1000.000,7.616
3.354,1.380,3.284,1.332,3.425,1.428,-0.769,0.442,-1.287,-0.129,1000.000,7.247,2.400,0.240,1000.000,7.616
3.353,1.382,3.283,1.334,3.424,1.430,-0.774,0.443,-1.360,-0.136,1000.000,7.247,2.324,0.232,1000.000,7.616
3.352,1.384,3.282,1.336,3.422,1.432,-0.779,0.445,-1.432,-0.143,1000.000,7.247,2.248,0.225,1000.000,7.616
3.351,1.386,3.281,1.338,3.421,1.434,-0.785,0.446,-1.504,-0.150,1000.000,7.247,2.172,0.217,1000.000,7.616
3.349,1.388,3.279,1.340,3.420,1.436,-0.790,0.448,-1.577,-0.158,1000.000,7.247,2.096,0.210,1000.000,7.616
3.348,1.389,3.278,1.341,3.418,1.437,-0.795,0.449,-1.649,-0.165,1000.000,7.247,2.020,0.202,1000.000,7.616
3.347,1.391,3.277,1.343,3.417,1.439,-0.801,0.450,-1.721,-0.172,1000.000,7.247,1.944,0.194,1000.000,7.616
3.346,1.393,3.276,1.345,3.416,1.441,-0.806,0.452,-1.794,-0.179,1000.000,7.247,1.868,0.187,1000.000,7.616
3.345,1.395,3.274,1.347,3.415,1.443,-0.812,0.453,-1.866,-0.187,1000.000,7.331,1.792,0.179,1000.000,7.616
3.343,1.397,3.273,1.349,3.413,1.445,-0.817,0.454,-1.939,-0.194,1000.000,7.331,1.715,0.172,1000.000,7.616
3.342,1.399,3.272,1.350,3.412,1.447,-0.822,0.456,-2.012,-0.201,1000.000,7.331,1.639,0.164,1000.000,7.616
3.341,1.400,3.271,1.352,3.411,1.449,-0.828,0.457,-2.085,-0.209,1000.000,7.331,1.563,0.156,1000.000,7.616
3.339,1.402,3.270,1.354,3.409,1.451,-0.833,0.458,-2.158,-0.216,1000.000,7.331,1.487,0.149,1000.000,7.616
3.338,1.404,3.268,1.356,3.408,1.452,-0.838,0.460,-2.232,-0.223,1000.000,7.331,1.411,0.141,1000.000,7.616
3.337,1.406,3.267,1.358,3.407,1.454,-0.844,0.461,-2.305,-0.230,1000.000,7.331,1.335,0.134,1000.000,7.616
3.336,1.408,3.266,1.359,3.406,1.456,-0.849,0.462,-2.378,-0.238,1000.000,7.331,1.259,0.126,1000.000,7.616
3.334,1.410,3.265,1.361,3.404,1.458,-0.855,0.464,-2.451,-0.245,1000.000,7.331,1.183,0.118,1000.000,7.616
3.333,1.411,3.263,1.363,3.403,1.460,-0.860,0.465,-2.525,-0.252,1000.000,7.331,1.107,0.111,1000.000,7.616
3.332,1.413,3.262,1.365,3.402,1.462,-0.865,0.466,-2.598,-0.260,1000.000,7.413,1.031,0.103,1000.000,7.616
3.331,1.415,3.261,1.367,3.400,1.464,-0.871,0.468,-2.671,-0.267,1000.000,7.413,0.955,0.095,1000.000,7.616
3.329,1.417,3.260,1.368,3.399,1.466,-0.876,0.469,-2.745,-0.275,1000.000,7.413,0.879,0.088,1000.000,7.616
3.328,1.419,3.258,1.370,3.398,1.467,-0.882,0.470,-2.819,-0.282,1000.000,7.413,0.803,0.080,1000.000,7.616
3.327,1.421,3.257,1.372,3.397,1.469,-0.887,0.472,-2.893,-0.289,1000.000,7.413,0.727,0.073,1000.000,7.616
3.326,1.422,3.256,1.374,3.395,1.471,-0.892,0.473,-2.967,-0.297,1000.000,7.413,0.651,0.065,1000.000,7.616
3.324,1.424,3.255,1.376,3.394,1.473,-0.898,0.474,-3.041,-0.304,1000.000,7.413,0.575,0.057,1000.000,7.616
3.323,1.426,3.253,1.377,3.393,1.475,-0.903,0.476,-3.115,-0.312,1000.000,7.413,0.499,0.050,1000.000,7.616
3.322,1.428,3.252,1.379,3.391,1.477,-0.909,0.477,3.094,0.309,1000.000,7.413,0.423,0.042,1000.000,7.616
3.320,1.430,3.251,1.381,3.390,1.479,-0.914,0.479,3.020,0.302,1000.000,7.413,0.346,0.035,1000.000,7.616
3.319,1.432,3.250,1.383,3.389,1.480,-0.919,0.480,2.946,0.295,1000.000,7.493,0.270,0.027,1000.000,7.616
3.318,1.434,3.248,1.385,3.388,1.482,-0.925,0.481,2.872,0.287,1000.000,7.493,0.194,0.019,1000.000,7.616
3.317,1.435,3.247,1.387,3.386,1.484,-0.930,0.483,2.797,0.280,1000.000,7.493,0.118,0.012,1000.000,7.616
3.315,1.437,3.246,1.388,3.385,1.486,-0.936,0.484,2.722,0.272,1000.000,7.493,0.042,0.004,1000.000,7.616
3.314,1.439,3.244,1.390,3.384,1.488,-0.941,0.485,2.648,0.265,1000.000,7.493,-0.034,-0.003,1000.000,7.616
3.313,1.441,3.243,1.392,3.382,1.490,-0.946,0.487,2.573,0.257,1000.000,7.493,-0.110,-0.011,1000.000,7.616
3.311,1.443,3.242,1.394,3.381,1.492,-0.952,0.488,2.498,0.250,1000.000,7.493,-0.186,-0.019,1000.000,7.616
3.310,1.445,3.241,1.396,3.380,1.493,-0.957,0.489,2.423,0.242,1000.000,7.493,-0.262,-0.026,1000.000,7.616
3.309,1.446,3.239,1.398,3.378,1.495,-0.963,0.491,2.349,0.235,1000.000,7.493,-0.338,-0.034,1000.000,7.616
3.308,1.448,3.238,1.399,3.377,1.497,-0.968,0.492,2.274,0.227,1000.000,7.493,-0.414,-0.041,1000.000,7.616
3.306,1.450,3.237,1.401,3.376,1.499,-0.973,0.493,2.199,0.220,1000.000,7.571,-0.490,-0.049,1000.000,7.616
3.305,1.452,3.236,1.403,3.375,1.501,-0.979,0.495,2.123,0.212,1000.000,7.571,-0.566,-0.057,1000.000,7.616
3.304,1.454,3.234,1.405,3.373,1.503,-0.984,0.496,2.048,0.205,1000.000,7.571,-0.642,-0.064,1000.000,7.616
3.302,1.456,3.233,1.407,3.372,1.505,-0.989,0.497,1.972,0.197,1000.000,7.571,-0.718,-0.072,1000.000,7.616
3.301,1.458,3.232,1.409,3.371,1.507,-0.995,0.499,1.897,0.190,1000.000,7.571,-0.794,-0.079,1000.000,7.616
3.300,1.459,3.230,1.410,3.369,1.508,-1.000,0.500,1.821,0.182,1000.000,7.571,-0.870,-0.087,1000.000,7.616
3.299,1.461,3.229,1.412,3.368,1.510,-1.000,0.500,1.746,0.175,1000.000,7.571,-0.946,-0.095,1000.000,7.616
3.297,1.463,3.228,1.414,3.367,1.512,-1.000,0.500,1.670,0.167,1000.000,7.571,-1.022,-0.102,1000.000,7.616
3.296,1.465,3.226,1.416,3.365,1.514,-1.000,0.500,1.595,0.159,1000.000,7.571,-1.098,-0.110,1000.000,7.616
3.295,1.467,3.225,1.418,3.364,1.516,-1.000,0.500,1.519,0.152,1000.000,7.571,-1.175,-0.117,1000.000,7.616
3.293,1.469,3.224,1.420,3.363,1.518,-1.000,0.500,1.443,0.144,1000.000,7.616,-1.250,-0.125,1000.000,7.616
3.292,1.471,3.223,1.422,3.361,1.520,-1.000,0.500,1.367,0.137,1000.000,7.616,-1.327,-0.133,1000.000,7.616
3.291,1.472,3.221,1.423,3.360,1.521,-1.000,0.500,1.291,0.129,1000.000,7.616,-1.403,-0.140,1000.000,7.616
3.289,1.474,3.220,1.425,3.359,1.523,-1.000,0.500,1.215,0.122,1000.000,7.616,-1.479,-0.148,1000.000,7.616
3.288,1.476,3.219,1.427,3.358,1.525,-1.000,0.500,1.139,0.114,1000.000,7.616,-1.555,-0.155,1000.000,7.616
3.287,1.478,3.217,1.429,3.356,1.527,-1.000,0.500,1.063,0.106,1000.000,7.616,-1.631,-0.163,1000.000,7.616
3.286,1.480,3.216,1.431,3.355,1.529,-1.000,0.500,0.987,0.099,1000.000,7.616,-1.707,-0.171,1000.000,7.616
3.284,1.482,3.215,1.433,3.354,1.531,-1.000,0.500,0.911,0.091,1000.000,7.616,-1.783,-0.178,1000.000,7.616
3.283,1.484,3.213,1.435,3.352,1.533,-1.000,0.500,0.835,0.084,1000.000,7.616,-1.859,-0.186,1000.000,7.616
3.282,1.485,3.212,1.436,3.351,1.534,-1.000,0.500,0.759,0.076,1000.000,7.616,-1.935,-0.194,1000.000,7.616
3.280,1.487,3.211,1.438,3.350,1.536,-1.000,0.500,0.683,0.068,1000.000,7.616,-2.011,-0.201,1000.000,7.616
3.279,1.489,3.210,1.440,3.348,1.538,-1.000,0.500,0.607,0.061,1000.000,7.616,-2.087,-0.209,1000.000,7.616
3.278,1.491,3.208,1.442,3.347,1.540,-1.000,0.500,0.531,0.053,1000.000,7.616,-2.163,-0.216,1000.000,7.616
3.276,1.493,3.207,1.444,3.346,1.542,-1.000,0.500,0.455,0.045,1000.000,7.616,-2.239,-0.224,1000.000,7.616
3.275,1.495,3.206,1.446,3.345,1.544,-1.000,0.500,0.379,0.038,1000.000,7.616,-2.315,-0.232,1000.000,7.616
3.274,1.497,3.204,1.448,3.343,1.546,-1.000,0.500,0.303,0.030,1000.000,7.616,-2.391,-0.239,1000.000,7.616
3.272,1.498,3.203,1.449,3.342,1.547,-1.000,0.500,0.227,0.023,1000.000,7.616,-2.467,-0.247,1000.000,7.616
3.271,1.500,3.202,1.451,3.341,1.549,-1.000,0.500,0.151,0.015,1000.000,7.616,-2.543,-0.254,1000.000,7.616
3.270,1.502,3.200,1.453,3.339,1.551,-1.000,0.500,0.074,0.007,1000.000,7.616,-2.619,-0.262,1000.000,7.616
3.269,1.504,3.199,1.455,3.338,1.553,-1.000,0.500,-0.002,-0.000,1000.000,7.616,-2.695,-0.270,1000.000,7.616
3.267,1.506,3.198,1.457,3.337,1.555,-1.000,0.500,-0.078,-0.008,1000.000,7.616,-2.772,-0.277,1000.000,7.616
3.266,1.508,3.196,1.459,3.335,1.557,-1.000,0.500,-0.154,-0.015,1000.000,7.616,-2.848,-0.285,1000.000,7.616
3.265,1.510,3.195,1.461,3.334,1.559,-1.000,0.500,-0.230,-0.023,1000.000,7.616,-2.924,-0.292,1000.000,7.616
3.263,1.511,3.194,1.462,3.333,1.560,-1.000,0.500,-0.306,-0.031,1000.000,7.616,-3.000,-0.300,1000.000,7.616
3.262,1.513,3.192,1.464,3.331,1.562,-1.000,0.500,-0.382,-0.038,1000.000,7.616,-3.076,-0.308,1000.000,7.616
3.261,1.515,3.191,1.466,3.330,1.564,-1.000,0.500,-0.458,-0.046,1000.000,7.616,3.131,0.313,1000.000,7.616
3.259,1.517,3.190,1.468,3.329,1.566,-1.000,0.500,-0.534,-0.053,1000.000,7.616,3.055,0.305,1000.000,7.616
3.258,1.519,3.189,1.470,3.327,1.568,-1.000,0.500,-0.610,-0.061,1000.000,7.616,2.979,0.298,1000.000,7.616
3.257,1.521,3.187,1.472,3.326,1.570,-1.000,0.500,-0.686,-0.069,1000.000,7.616,2.903,0.290,1000.000,7.616
3.255,1.523,3.186,1.474,3.325,1.572,-1.000,0.500,-0.762,-0.076,1000.000,7.616,2.826,0.283,1000.000,7.616
3.254,1.524,3.185,1.475,3.323,1.573,-1.000,0.500,-0.838,-0.084,1000.000,7.616,2.750,0.275,1000.000,7.616
3.253,1.526,3.183,1.477,3.322,1.575,-1.000,0.500,-0.914,-0.091,1000.000,7.616,2.674,0.267,1000.000,7.616
3.251,1.528,3.182,1.479,3.321,1.577,-1.000,0.500,-0.990,-0.099,1000.000,7.616,2.598,0.260,1000.000,7.616
3.250,1.530,3.181,1.481,3.320,1.579,-1.000,0.500,-1.066,-0.107,1000.000,7.616,2.521,0.252,1000.000,7.616
3.249,1.532,3.179,1.483,3.318,1.581,-1.000,0.500,-1.142,-0.114,1000.000,7.616,2.445,0.245,1000.000,7.616
3.247,1.534,3.178,1.485,3.317,1.583,-1.000,0.500,-1.218,-0.122,1000.000,7.616,2.369,0.237,1000.000,7.616
3.246,1.536,3.177,1.487,3.316,1.585,-1.000,0.500,-1.294,-0.129,1000.000,7.616,2.293,0.229,1000.000,7.616
3.245,1.537,3.175,1.488,3.314,1.587,-1.000,0.500,-1.370,-0.137,1000.000,7.616,2.217,0.222,1000.000,7.616
3.244,1.539,3.174,1.490,3.313,1.588,-1.000,0.500,-1.446,-0.145,1000.000,7.616,2.141,0.214,1000.000,7.616
3.242,1.541,3.173,1.492,3.312,1.590,-1.000,0.500,-1.521,-0.152,1000.000,7.616,2.065,0.206,1000.000,7.616
3.241,1.543,3.172,1.494,3.310,1.592,-1.000,0.500,-1.597,-0.160,1000.000,7.616,1.988,0.199,1000.000,7.616
3.240,1.545,3.170,1.496,3.309,1.594,-1.000,0.500,-1.673,-0.167,1000.000,7.616,1.912,0.191,1000.000,7.616
3.238,1.547,3.169,1.498,3.308,1.596,-1.000,0.500,-1.749,-0.175,1000.000,7.616,1.836,0.184,1000.000,7.616
3.237,1.549,3.168,1.500,3.306,1.598,-1.000,0.500,-1.825,-0.183,1000.000,7.616,1.760,0.176,1000.000,7.616
3.236,1.550,3.166,1.501,3.305,1.600,-1.000,0.500,-1.901,-0.190,1000.000,7.616,1.684,0.168,1000.000,7.616
3.234,1.552,3.165,1.503,3.304,1.601,-1.000,0.500,-1.977,-0.198,1000.000,7.616,1.608,0.161,1000.000,7.616
3.233,1.554,3.164,1.505,3.302,1.603,-1.000,0.500,-2.053,-0.205,1000.000,7.616,1.531,0.153,1000.000,7.616
3.232,1.556,3.162,1.507,3.301,1.605,-1.000,0.500,-2.129,-0.213,1000.000,7.616,1.455,0.146,1000.000,7.616
3.230,1.558,3.161,1.509,3.300,1.607,-1.000,0.500,-2.206,-0.221,1000.000,7.616,1.379,0.138,1000.000,7.616
3.229,1.560,3.160,1.511,3.298,1.609,-1.000,0.500,-2.282,-0.228,1000.000,7.616,1.303,0.130,1000.000,7.616
3.228,1.562,3.158,1.513,3.297,1.611,-1.000,0.500,-2.358,-0.236,1000.000,7.616,1.227,0.123,1000.000,7.616
3.226,1.563,3.157,1.514,3.296,1.613,-1.000,0.500,-2.434,-0.243,1000.000,7.616,1.151,0.115,1000.000,7.616
3.225,1.565,3.156,1.516,3.294,1.615,-1.000,0.500,-2.510,-0.251,1000.000,7.616,1.075,0.107,1000.000,7.616
3.224,1.567,3.154,1.518,3.293,1.616,-1.000,0.500,-2.586,-0.259,1000.000,7.616,0.998,0.100,1000.000,7.616
3.222,1.569,3.153,1.520,3.292,1.618,-1.000,0.500,-2.662,-0.266,1000.000,7.616,0.922,0.092,1000.000,7.616
3.221,1.571,3.152,1.522,3.290,1.620,-1.000,0.500,-2.738,-0.274,1000.000,7.616,0.846,0.085,1000.000,7.616
3.220,1.573,3.150,1.524,3.289,1.622,-1.000,0.500,-2.814,-0.281,1000.000,7.616,0.770,0.077,1000.000,7.616
3.219,1.575,3.149,1.525,3.288,1.624,-1.000,0.500,-2.890,-0.289,1000.000,7.616,0.694,0.069,1000.000,7.616
3.217,1.576,3.148,1.527,3.287,1.626,-1.000,0.500,-2.966,-0.297,1000.000,7.616,0.618,0.062,1000.000,7.616
3.216,1.578,3.147,1.529,3.285,1.628,-1.000,0.500,-3.042,-0.304,1000.000,7.616,0.542,0.054,1000.000,7.616
3.215,1.580,3.145,1.531,3.284,1.629,-1.000,0.500,-3.118,-0.312,1000.000,7.616,0.466,0.047,1000.000,7.616
3.213,1.582,3.144,1.533,3.283,1.631,-1.000,0.500,3.090,0.309,1000.000,7.616,0.389,0.039,1000.000,7.616
3.212,1.584,3.143,1.535,3.281,1.633,-1.000,0.500,3.013,0.301,1000.000,7.616,0.313,0.031,1000.000,7.616
3.211,1.586,3.141,1.537,3.280,1.635,-1.000,0.500,2.938,0.294,1000.000,7.616,0.237,0.024,1000.000,7.616
3.209,1.588,3.140,1.538,3.279,1.637,-1.000,0.500,2.861,0.286,1000.000,7.616,0.161,0.016,1000.000,7.616
3.208,1.589,3.139,1.540,3.277,1.639,-1.000,0.500,2.786,0.279,1000.000,7.616,0.085,0.008,1000.000,7.616
3.207,1.591,3.137,1.542,3.276,1.641,-1.000,0.500,2.709,0.271,1000.000,7.616,0.009,0.001,1000.000,7.616
3.205,1.593,3.136,1.544,3.275,1.642,-1.000,0.500,2.634,0.263,1000.000,7.616,-0.068,-0.007,1000.000,7.616
3.204,1.595,3.135,1.546,3.273,1.644,-1.000,0.500,2.557,0.256,1000.000,7.616,-0.144,-0.014,1000.000,7.616
3.203,1.597,3.133,1.548,3.272,1.646,-1.000,0.500,2.482,0.248,1000.000,7.616,-0.220,-0.022,1000.000,7.616
3.201,1.599,3.132,1.549,3.271,1.648,-1.000,0.500,2.405,0.241,1000.000,7.616,-0.296,-0.030,1000.000,7.616
3.200,1.601,3.131,1.551,3.269,1.650,-1.000,0.500,2.330,0.233,1000.000,7.616,-0.372,-0.037,1000.000,7.616
3.199,1.602,3.129,1.553,3.268,1.652,-1.000,0.500,2.253,0.225,1000.000,7.616,-0.448,-0.045,1000.000,7.616
3.197,1.604,3.128,1.555,3.267,1.654,-1.000,0.500,2.178,0.218,1000.000,7.616,-0.524,-0.052,1000.000,7.616
3.196,1.606,3.127,1.557,3.265,1.655,-1.000,0.500,2.101,0.210,1000.000,7.616,-0.601,-0.060,1000.000,7.616
3.195,1.608,3.126,1.559,3.264,1.657,-1.000,0.500,2.026,0.203,1000.000,7.616,-0.677,-0.068,1000.000,7.616
3.193,1.610,3.124,1.561,3.263,1.659,-1.000,0.500,1.949,0.195,1000.000,7.616,-0.753,-0.075,1000.000,7.616
3.192,1.612,3.123,1.562,3.261,1.661,-1.000,0.500,1.874,0.187,1000.000,7.616,-0.829,-0.083,1000.000,7.616
3.191,1.614,3.122,1.564,3.260,1.663,-1.000,0.500,1.798,0.180,1000.000,7.616,-0.905,-0.090,1000.000,7.616
3.189,1.615,3.120,1.566,3.259,1.665,-1.000,0.500,1.722,0.172,1000.000,7.616,-0.981,-0.098,1000.000,7.616
3.188,1.617,3.119,1.568,3.257,1.667,-1.000,0.500,1.646,0.165,1000.000,7.616,-1.057,-0.106,1000.000,7.616
3.187,1.619,3.118,1.570,3.256,1.668,-1.000,0.500,1.570,0.157,1000.000,7.616,-1.133,-0.113,1000.000,7.616
3.186,1.621,3.116,1.572,3.255,1.670,-1.000,0.500,1.494,0.149,1000.000,7.616,-1.210,-0.121,1000.000,7.616
3.184,1.623,3.115,1.573,3.253,1.672,-1.000,0.500,1.418,0.142,1000.000,7.616,-1.286,-0.129,1000.000,7.616
3.183,1.625,3.114,1.575,3.252,1.674,-1.000,0.500,1.342,0.134,1000.000,7.616,-1.362,-0.136,1000.000,7.616
3.182,1.627,3.112,1.577,3.251,1.676,-1.000,0.500,1.266,0.127,1000.000,7.616,-1.438,-0.144,1000.000,7.616
3.180,1.628,3.111,1.579,3.249,1.678,-1.000,0.500,1.190,0.119,1000.000,7.616,-1.514,-0.151,1000.000,7.616
3.179,1.630,3.110,1.581,3.248,1.680,-1.000,0.500,1.114,0.111,1000.000,7.616,-1.590,-0.159,1000.000,7.616
3.178,1.632,3.108,1.583,3.247,1.681,-1.000,0.500,1.038,0.104,1000.000,7.616,-1.666,-0.167,1000.000,7.616
3.176,1.634,3.107,1.585,3.245,1.683,-1.000,0.500,0.962,0.096,1000.000,7.616,-1.742,-0.174,1000.000,7.616
3.175,1.636,3.106,1.586,3.244,1.685,-1.000,0.500,0.886,0.089,1000.000,7.616,-1.818,-0.182,1000.000,7.616
3.174,1.638,3.104,1.588,3.243,1.687,-1.000,0.500,0.810,0.081,1000.000,7.616,-1.895,-0.189,1000.000,7.616
3.172,1.639,3.103,1.590,3.241,1.689,-1.000,0.500,0.734,0.073,1000.000,7.616,-1.971,-0.197,1000.000,7.616
3.171,1.641,3.102,1.592,3.240,1.691,-1.000,0.500,0.658,0.066,1000.000,7.616,-2.047,-0.205,1000.000,7.616
3.170,1.643,3.100,1.594,3.239,1.693,-1.000,0.500,0.582,0.058,1000.000,7.616,-2.123,-0.212,1000.000,7.616
3.168,1.645,3.099,1.596,3.237,1.694,-1.000,0.500,0.506,0.051,1000.000,7.616,-2.199,-0.220,1000.000,7.616
3.167,1.647,3.098,1.597,3.236,1.696,-1.000,0.500,0.430,0.043,1000.000,7.616,-2.275,-0.228,1000.000,7.616
3.166,1.649,3.096,1.599,3.235,1.698,-1.000,0.500,0.354,0.035,1000.000,7.616,-2.351,-0.235,1000.000,7.616
3.164,1.651,3.095,1.601,3.233,1.700,-1.000,0.500,0.278,0.028,1000.000,7.616,-2.428,-0.243,1000.000,7.616
3.163,1.652,3.094,1.603,3.232,1.702,-1.000,0.500,0.202,0.020,1000.000,7.616,-2.504,-0.250,1000.000,7.616
3.162,1.654,3.093,1.605,3.231,1.704,-1.000,0.500,0.126,0.013,1000.000,7.616,-2.580,-0.258,1000.000,7.616
3.160,1.656,3.091,1.607,3.229,1.706,-1.000,0.500,0.050,0.005,1000.000,7.616,-2.656,-0.266,1000.000,7.616
3.159,1.658,3.090,1.608,3.228,1.707,-1.000,0.500,-0.026,-0.003,1000.000,7.616,-2.732,-0.273,1000.000,7.616
3.158,1.660,3.089,1.610,3.227,1.709,-1.000,0.500,-0.102,-0.010,1000.000,7.616,-2.808,-0.281,1000.000,7.616
3.156,1.662,3.087,1.612,3.226,1.711,-1.000,0.500,-0.178,-0.018,1000.000,7.616,-2.884,-0.288,1000.000,7.616
3.155,1.663,3.086,1.614,3.224,1.713,-1.000,0.500,-0.254,-0.025,1000.000,7.616,-2.960,-0.296,1000.000,7.616
3.154,1.665,3.085,1.616,3.223,1.715,-1.000,0.500,-0.330,-0.033,1000.000,7.616,-3.036,-0.304,1000.000,7.616
3.152,1.667,3.083,1.618,3.222,1.717,-1.000,0.500,-0.406,-0.041,1000.000,7.616,-3.112,-0.311,1000.000,7.616
3.151,1.669,3.082,1.620,3.220,1.719,-1.000,0.500,-0.482,-0.048,1000.000,7.616,3.095,0.309,1000.000,7.616
3.150,1.671,3.081,1.621,3.219,1.720,-1.000,0.500,-0.558,-0.056,1000.000,7.616,3.019,0.302,1000.000,7.616
3.148,1.673,3.079,1.623,3.218,1.722,-1.000,0.500,-0.634,-0.063,1000.000,7.616,2.943,0.294,1000.000,7.616
3.147,1.675,3.078,1.625,3.216,1.724,-1.000,0.500,-0.710,-0.071,1000.000,7.616,2.867,0.287,1000.000,7.616
3.146,1.676,3.077,1.627,3.215,1.726,-1.000,0.500,-0.786,-0.079,1000.000,7.616,2.791,0.279,1000.000,7.616
3.145,1.678,3.075,1.629,3.214,1.728,-1.000,0.500,-0.862,-0.086,1000.000,7.616,2.714,0.271,1000.000,7.616
3.143,1.680,3.074,1.631,3.212,1.730,-1.000,0.500,-0.939,-0.094,1000.000,7.616,2.638,0.264,1000.000,7.616
3.142,1.682,3.073,1.633,3.211,1.731,-1.000,0.500,-1.015,-0.101,1000.000,7.616,2.562,0.256,1000.000,7.616
3.141,1.684,3.071,1.634,3.210,1.733,-1.000,0.500,-1.091,-0.109,1000.000,7.616,2.486,0.249,1000.000,7.616
3.139,1.686,3.070,1.636,3.208,1.735,-1.000,0.500,-1.167,-0.117,1000.000,7.616,2.410,0.241,1000.000,7.616
3.138,1.688,3.069,1.638,3.207,1.737,-1.000,0.500,-1.243,-0.124,1000.000,7.616,2.334,0.233,1000.000,7.616
3.137,1.689,3.067,1.640,3.206,1.739,-1.000,0.500,-1.319,-0.132,1000.000,7.616,2.258,0.226,1000.000,7.616
3.135,1.691,3.066,1.642,3.204,1.741,-1.000,0.500,-1.395,-0.139,1000.000,7.616,2.182,0.218,1000.000,7.616
3.134,1.693,3.065,1.644,3.203,1.743,-1.000,0.500,-1.471,-0.147,1000.000,7.616,2.106,0.211,1000.000,7.616
3.133,1.695,3.064,1.645,3.202,1.744,-1.000,0.500,-1.547,-0.155,1000.000,7.616,2.030,0.203,1000.000,7.616
3.131,1.697,3.062,1.647,3.200,1.746,-1.000,0.500,-1.623,-0.162,1000.000,7.616,1.954,0.195,1000.000,7.616
3.130,1.699,3.061,1.649,3.199,1.748,-1.000,0.500,-1.699,-0.170,1000.000,7.616,1.878,0.188,1000.000,7.616
3.129,1.700,3.060,1.651,3.198,1.750,-1.000,0.500,-1.775,-0.177,1000.000,7.616,1.802,0.180,1000.000,7.616
3.127,1.702,3.058,1.653,3.196,1.752,-1.000,0.500,-1.851,-0.185,1000.000,7.616,1.726,0.173,1000.000,7.616
3.126,1.704,3.057,1.655,3.195,1.754,-1.000,0.500,-1.927,-0.193,1000.000,7.616,1.650,0.165,1000.000,7.616
3.125,1.706,3.056,1.657,3.194,1.756,-1.000,0.500,-2.003,-0.200,1000.000,7.616,1.574,0.157,1000.000,7.616
3.123,1.708,3.054,1.658,3.192,1.757,-1.000,0.500,-2.079,-0.208,1000.000,7.616,1.497,0.150,1000.000,7.616
3.122,1.710,3.053,1.660,3.191,1.759,-1.000,0.500,-2.155,-0.216,1000.000,7.616,1.421,0.142,1000.000,7.616
3.121,1.712,3.052,1.662,3.190,1.761,-1.000,0.500,-2.231,-0.223,1000.000,7.616,1.345,0.135,1000.000,7.616
3.119,1.713,3.050,1.664,3.189,1.763,-1.000,0.500,-2.307,-0.231,1000.000,7.616,1.269,0.127,1000.000,7.616
3.118,1.715,3.049,1.666,3.187,1.765,-1.000,0.500,-2.383,-0.238,1000.000,7.616,1.193,0.119,1000.000,7.616
3.117,1.717,3.048,1.668,3.186,1.767,-1.000,0.500,-2.459,-0.246,1000.000,7.616,1.117,0.112,1000.000,7.616
3.115,1.719,3.046,1.669,3.185,1.768,-1.000,0.500,-2.535,-0.254,1000.000,7.616,1.041,0.104,1000.000,7.616
3.114,1.721,3.045,1.671,3.183,1.770,-1.000,0.500,-2.611,-0.261,1000.000,7.616,0.965,0.096,1000.000,7.616
3.113,1.723,3.044,1.673,3.182,1.772,-1.000,0.500,-2.687,-0.269,1000.000,7.616,0.889,0.089,1000.000,7.616
3.111,1.725,3.042,1.675,3.181,1.774,-1.000,0.500,-2.763,-0.276,1000.000,7.616,0.813,0.081,1000.000,7.616
3.110,1.726,3.041,1.677,3.179,1.776,-1.000,0.500,-2.839,-0.284,1000.000,7.616,0.737,0.074,1000.000,7.616
3.109,1.728,3.040,1.679,3.178,1.778,-1.000,0.500,-2.915,-0.292,1000.000,7.616,0.661,0.066,1000.000,7.616
3.108,1.730,3.038,1.681,3.177,1.780,-1.000,0.500,-2.991,-0.299,1000.000,7.616,0.585,0.058,1000.000,7.616
3.106,1.732,3.037,1.682,3.175,1.781,-1.000,0.500,-3.067,-0.307,1000.000,7.616,0.509,0.051,1000.000,7.616
3.105,1.734,3.036,1.684,3.174,1.783,-1.000,0.500,3.140,0.314,1000.000,7.616,0.432,0.043,1000.000,7.616
3.104,1.736,3.034,1.686,3.173,1.785,-1.000,0.500,3.064,0.306,1000.000,7.616,0.356,0.036,1000.000,7.616
3.102,1.737,3.033,1.688,3.171,1.787,-1.000,0.500,2.988,0.299,1000.000,7.616,0.280,0.028,1000.000,7.616
3.101,1.739,3.032,1.690,3.170,1.789,-1.000,0.500,2.912,0.291,1000.000,7.616,0.204,0.020,1000.000,7.616
3.100,1.741,3.031,1.692,3.169,1.791,-1.000,0.500,2.836,0.284,1000.000,7.616,0.128,0.013,1000.000,7.616
3.098,1.743,3.029,1.694,3.167,1.793,-1.000,0.500,2.760,0.276,1000.000,7.616,0.052,0.005,1000.000,7.616
3.097,1.745,3.028,1.695,3.166,1.794,-1.000,0.500,2.683,0.268,1000.000,7.616,-0.024,-0.002,1000.000,7.616
3.096,1.747,3.027,1.697,3.165,1.796,-1.000,0.500,2.607,0.261,1000.000,7.616,-0.100,-0.010,1000.000,7.616
3.094,1.749,3.025,1.699,3.163,1.798,-1.000,0.500,2.531,0.253,1000.000,7.616,-0.176,-0.018,1000.000,7.616
3.093,1.750,3.024,1.701,3.162,1.800,-1.000,0.500,2.455,0.246,1000.000,7.616,-0.252,-0.025,1000.000,7.616
3.092,1.752,3.023,1.703,3.161,1.802,-1.000,0.500,2.379,0.238,1000.000,7.616,-0.328,-0.033,1000.000,7.616
3.090,1.754,3.021,1.705,3.159,1.804,-1.000,0.500,2.303,0.230,1000.000,7.616,-0.404,-0.040,1000.000,7.616
3.089,1.756,3.020,1.706,3.158,1.805,-1.000,0.500,2.227,0.223,1000.000,7.616,-0.480,-0.048,1000.000,7.616
3.088,1.758,3.019,1.708,3.157,1.807,-1.000,0.500,2.151,0.215,1000.000,7.616,-0.556,-0.056,1000.000,7.616
3.086,1.760,3.017,1.710,3.155,1.809,-1.000,0.500,2.075,0.208,1000.000,7.616,-0.632,-0.063,1000.000,7.616
3.085,1.762,3.016,1.712,3.154,1.811,-1.000,0.500,1.999,0.200,1000.000,7.616,-0.709,-0.071,1000.000,7.616
3.084,1.763,3.015,1.714,3.153,1.813,-1.000,0.500,1.923,0.192,1000.000,7.616,-0.785,-0.078,1000.000,7.616
3.082,1.765,3.013,1.716,3.152,1.815,-1.000,0.500,1.847,0.185,1000.000,7.616,-0.861,-0.086,1000.000,7.616
3.081,1.767,3.012,1.718,3.150,1.817,-1.000,0.500,1.771,0.177,1000.000,7.616,-0.937,-0.094,1000.000,7.616
3.080,1.769,3.011,1.719,3.149,1.818,-1.000,0.500,1.695,0.170,1000.000,7.616,-1.013,-0.101,1000.000,7.616
3.078,1.771,3.009,1.721,3.148,1.820,-1.000,0.500,1.619,0.162,1000.000,7.616,-1.089,-0.109,1000.000,7.616
3.077,1.773,3.008,1.723,3.146,1.822,-1.000,0.500,1.543,0.154,1000.000,7.616,-1.165,-0.116,1000.000,7.616
3.076,1.774,3.007,1.725,3.145,1.824,-1.000,0.500,1.467,0.147,1000.000,7.616,-1.241,-0.124,1000.000,7.616
3.075,1.776,3.005,1.727,3.144,1.826,-1.000,0.500,1.391,0.139,1000.000,7.616,-1.317,-0.132,1000.000,7.616
3.073,1.778,3.004,1.729,3.142,1.828,-1.000,0.500,1.315,0.131,1000.000,7.616,-1.393,-0.139,1000.000,7.616
3.072,1.780,3.003,1.730,3.141,1.830,-1.000,0.500,1.239,0.124,1000.000,7.616,-1.469,-0.147,1000.000,7.616
3.071,1.782,3.001,1.732,3.140,1.831,-1.000,0.500,1.163,0.116,1000.000,7.616,-1.545,-0.155,1000.000,7.616
3.069,1.784,3.000,1.734,3.138,1.833,-1.000,0.500,1.087,0.109,1000.000,7.616,-1.621,-0.162,1000.000,7.616
3.068,1.786,2.999,1.736,3.137,1.835,-1.000,0.500,1.011,0.101,1000.000,7.616,-1.697,-0.170,1000.000,7.616
3.067,1.787,2.997,1.738,3.136,1.837,-1.000,0.500,0.935,0.093,1000.000,7.616,-1.774,-0.177,1000.000,7.616
3.065,1.789,2.996,1.740,3.134,1.839,-1.000,0.500,0.859,0.086,1000.000,7.616,-1.850,-0.185,1000.000,7.616
3.064,1.791,2.995,1.742,3.133,1.841,-1.000,0.500,0.783,0.078,1000.000,7.616,-1.926,-0.193,1000.000,7.616
3.063,1.793,2.994,1.743,3.132,1.842,-1.000,0.500,0.707,0.071,1000.000,7.616,-2.002,-0.200,1000.000,7.616
3.061,1.795,2.992,1.745,3.130,1.844,-1.000,0.500,0.630,0.063,1000.000,7.616,-2.078,-0.208,1000.000,7.616
3.060,1.797,2.991,1.747,3.129,1.846,-1.000,0.500,0.555,0.055,1000.000,7.616,-2.154,-0.215,1000.000,7.616
3.059,1.798,2.990,1.749,3.128,1.848,-1.000,0.500,0.478,0.048,1000.000,7.616,-2.230,-0.223,1000.000,7.616
3.057,1.800,2.988,1.751,3.126,1.850,-1.000,0.500,0.402,0.040,1000.000,7.616,-2.306,-0.231,1000.000,7.616
3.056,1.802,2.987,1.753,3.125,1.852,-1.000,0.500,0.326,0.033,1000.000,7.616,-2.382,-0.238,1000.000,7.616
3.055,1.804,2.986,1.755,3.124,1.854,-1.000,0.500,0.250,0.025,1000.000,7.616,-2.458,-0.246,1000.000,7.616
3.053,1.806,2.984,1.756,3.122,1.855,-1.000,0.500,0.174,0.017,1000.000,7.616,-2.534,-0.253,1000.000,7.616
3.052,1.808,2.983,1.758,3.121,1.857,-1.000,0.500,0.098,0.010,1000.000,7.616,-2.610,-0.261,1000.000,7.616
3.051,1.810,2.982,1.760,3.120,1.859,-1.000,0.500,0.022,0.002,1000.000,7.616,-2.686,-0.269,1000.000,7.616
3.049,1.811,2.980,1.762,3.118,1.861,-1.000,0.500,-0.054,-0.005,1000.000,7.616,-2.762,-0.276,1000.000,7.616
3.048,1.813,2.979,1.764,3.117,1.863,-1.000,0.500,-0.130,-0.013,1000.000,7.616,-2.838,-0.284,1000.000,7.616
3.047,1.815,2.978,1.766,3.116,1.865,-1.000,0.500,-0.206,-0.021,1000.000,7.616,-2.914,-0.291,1000.000,7.616
3.045,1.817,2.976,1.767,3.115,1.866,-1.000,0.500,-0.282,-0.028,1000.000,7.616,-2.991,-0.299,1000.000,7.616
3.044,1.819,2.975,1.769,3.113,1.868,-1.000,0.500,-0.358,-0.036,1000.000,7.616,-3.067,-0.307,1000.000,7.616
3.043,1.821,2.974,1.771,3.112,1.870,-1.000,0.500,-0.434,-0.043,1000.000,7.616,3.140,0.314,1000.000,7.616
3.041,1.823,2.972,1.773,3.111,1.872,-1.000,0.500,-0.510,-0.051,1000.000,7.616,3.064,0.306,1000.000,7.616
3.040,1.824,2.971,1.775,3.109,1.874,-1.000,0.500,-0.586,-0.059,1000.000,7.616,2.988,0.299,1000.000,7.616
3.039,1.826,2.970,1.777,3.108,1.876,-1.000,0.500,-0.662,-0.066,1000.000,7.616,2.912,0.291,1000.000,7.616
3.037,1.828,2.968,1.779,3.107,1.878,-1.000,0.500,-0.738,-0.074,1000.000,7.616,2.836,0.284,1000.000,7.616
3.036,1.830,2.967,1.780,3.105,1.879,-1.000,0.500,-0.814,-0.081,1000.000,7.616,2.760,0.276,1000.000,7.616
3.035,1.832,2.966,1.782,3.104,1.881,-1.000,0.500,-0.890,-0.089,1000.000,7.616,2.684,0.268,1000.000,7.616
3.034,1.834,2.964,1.784,3.103,1.883,-1.000,0.500,-0.966,-0.097,1000.000,7.616,2.608,0.261,1000.000,7.616
3.032,1.835,2.963,1.786,3.101,1.885,-1.000,0.500,-1.042,-0.104,1000.000,7.616,2.532,0.253,1000.000,7.616
3.031,1.837,2.962,1.788,3.100,1.887,-1.000,0.500,-1.118,-0.112,1000.000,7.616,2.456,0.246,1000.000,7.616
3.030,1.839,2.960,1.790,3.099,1.889,-1.000,0.500,-1.194,-0.119,1000.000,7.616,2.380,0.238,1000.000,7.616
3.028,1.841,2.959,1.791,3.097,1.891,-1.000,0.500,-1.270,-0.127,1000.000,7.616,2.304,0.230,1000.000,7.616
3.027,1.843,2.958,1.793,3.096,1.892,-1.000,0.500,-1.346,-0.135,1000.000,7.616,2.228,0.223,1000.000,7.616
3.026,1.845,2.957,1.795,3.095,1.894,-1.000,0.500,-1.422,-0.142,1000.000,7.616,2.152,0.215,1000.000,7.616
3.024,1.847,2.955,1.797,3.093,1.896,-1.000,0.500,-1.498,-0.150,1000.000,7.616,2.076,0.208,1000.000,7.616
3.023,1.848,2.954,1.799,3.092,1.898,-1.000,0.500,-1.574,-0.157,1000.000,7.616,2.000,0.200,1000.000,7.616
3.022,1.850,2.953,1.801,3.091,1.900,-1.000,0.500,-1.651,-0.165,1000.000,7.616,1.923,0.192,1000.000,7.616
3.020,1.852,2.951,1.803,3.089,1.902,-1.000,0.500,-1.727,-0.173,1000.000,7.616,1.847,0.185,1000.000,7.616
3.019,1.854,2.950,1.804,3.088,1.903,-1.000,0.500,-1.803,-0.180,1000.000,7.616,1.771,0.177,1000.000,7.616
3.018,1.856,2.949,1.806,3.087,1.905,-1.000,0.500,-1.879,-0.188,1000.000,7.616,1.695,0.170,1000.000,7.616
3.016,1.858,2.947,1.808,3.085,1.907,-1.000,0.500,-1.955,-0.195,1000.000,7.616,1.619,0.162,1000.000,7.616
3.015,1.859,2.946,1.810,3.084,1.909,-1.000,0.500,-2.031,-0.203,1000.000,7.616,1.543,0.154,1000.000,7.616
3.014,1.861,2.945,1.812,3.083,1.911,-1.000,0.500,-2.107,-0.211,1000.000,7.616,1.467,0.147,1000.000,7.616
3.012,1.863,2.943,1.814,3.081,1.913,-1.000,0.500,-2.183,-0.218,1000.000,7.616,1.391,0.139,1000.000,7.616
3.011,1.865,2.942,1.815,3.080,1.915,-1.000,0.500,-2.259,-0.226,1000.000,7.616,1.315,0.131,1000.000,7.616
3.010,1.867,2.941,1.817,3.079,1.916,-1.000,0.500,-2.335,-0.233,1000.000,7.616,1.239,0.124,1000.000,7.616
3.008,1.869,2.939,1.819,3.077,1.918,-1.000,0.500,-2.411,-0.241,1000.000,7.616,1.163,0.116,1000.000,7.616
3.007,1.871,2.938,1.821,3.076,1.920,-1.000,0.500,-2.487,-0.249,1000.000,7.616,1.087,0.109,1000.000,7.616
3.006,1.872,2.937,1.823,3.075,1.922,-1.000,0.500,-2.563,-0.256,1000.000,7.616,1.011,0.101,1000.000,7.616
3.004,1.874,2.935,1.825,3.074,1.924,-1.000,0.500,-2.639,-0.264,1000.000,7.616,0.935,0.093,1000.000,7.616
3.003,1.876,2.934,1.827,3.072,1.926,-1.000,0.500,-2.715,-0.271,1000.000,7.616,0.858,0.086,1000.000,7.616
3.002,1.878,2.933,1.828,3.071,1.928,-1.000,0.500,-2.791,-0.279,1000.000,7.616,0.782,0.078,1000.000,7.616
3.000,1.880,2.931,1.830,3.070,1.929,-1.000,0.500,-2.867,-0.287,1000.000,7.616,0.706,0.071,1000.000,7.616
2.999,1.882,2.930,1.832,3.068,1.931,-1.000,0.500,-2.943,-0.294,1000.000,7.616,0.630,0.063,1000.000,7.616
2.998,1.884,2.929,1.834,3.067,1.933,-1.000,0.500,-3.019,-0.302,1000.000,7.616,0.554,0.055,1000.000,7.616
2.997,1.885,2.927,1.836,3.066,1.935,-1.000,0.500,-3.095,-0.310,1000.000,7.616,0.478,0.048,1000.000,7.616
2.995,1.887,2.926,1.838,3.064,1.937,-1.000,0.500,3.112,0.311,1000.000,7.616,0.402,0.040,1000.000,7.616
2.994,1.889,2.925,1.840,3.063,1.939,-1.000,0.500,3.036,0.304,1000.000,7.616,0.326,0.033,1000.000,7.616
2.993,1.891,2.923,1.841,3.062,1.940,-1.000,0.500,2.960,0.296,1000.000,7.616,0.250,0.025,1000.000,7.616
2.991,1.893,2.922,1.843,3.060,1.942,-1.000,0.500,2.884,0.288,1000.000,7.616,0.174,0.017,1000.000,7.616
2.990,1.895,2.921,1.845,3.059,1.944,-1.000,0.500,2.808,0.281,1000.000,7.616,0.098,0.010,1000.000,7.616
2.989,1.896,2.920,1.847,3.058,1.946,-1.000,0.500,2.732,0.273,1000.000,7.616,0.022,0.002,1000.000,7.616
2.987,1.898,2.918,1.849,3.056,1.948,-1.000,0.500,2.656,0.266,1000.000,7.616,-0.054,-0.005,1000.000,7.616
2.986,1.900,2.917,1.851,3.055,1.950,-1.000,0.500,2.580,0.258,1000.000,7.616,-0.130,-0.013,1000.000,7.616
2.985,1.902,2.916,1.852,3.054,1.952,-1.000,0.500,2.504,0.250,1000.000,7.616,-0.206,-0.021,1000.000,7.616
2.983,1.904,2.914,1.854,3.052,1.953,-1.000,0.500,2.428,0.243,1000.000,7.616,-0.282,-0.028,1000.000,7.616
2.982,1.906,2.913,1.856,3.051,1.955,-1.000,0.500,2.352,0.235,1000.000,7.616,-0.359,-0.036,1000.000,7.616
2.981,1.908,2.912,1.858,3.050,1.957,-1.000,0.500,2.276,0.228,1000.000,7.616,-0.435,-0.043,1000.000,7.616
2.979,1.909,2.910,1.860,3.048,1.959,-1.000,0.500,2.200,0.220,1000.000,7.616,-0.511,-0.051,1000.000,7.616
2.978,1.911,2.909,1.862,3.047,1.961,-1.000,0.500,2.124,0.212,1000.000,7.616,-0.587,-0.059,1000.000,7.616
2.977,1.913,2.908,1.864,3.046,1.963,-1.000,0.500,2.047,0.205,1000.000,7.616,-0.663,-0.066,1000.000,7.616
2.975,1.915,2.906,1.865,3.044,1.964,-1.000,0.500,1.971,0.197,1000.000,7.616,-0.739,-0.074,1000.000,7.616
2.974,1.917,2.905,1.867,3.043,1.966,-1.000,0.500,1.895,0.190,1000.000,7.616,-0.815,-0.081,1000.000,7.616
2.973,1.919,2.904,1.869,3.042,1.968,-1.000,0.500,1.819,0.182,1000.000,7.616,-0.891,-0.089,1000.000,7.616
2.971,1.920,2.902,1.871,3.040,1.970,-1.000,0.500,1.743,0.174,1000.000,7.616,-0.967,-0.097,1000.000,7.616
2.970,1.922,2.901,1.873,3.039,1.972,-1.000,0.500,1.667,0.167,1000.000,7.616,-1.043,-0.104,1000.000,7.616
2.969,1.924,2.900,1.875,3.038,1.974,-1.000,0.500,1.591,0.159,1000.000,7.616,-1.119,-0.112,1000.000,7.616
2.967,1.926,2.898,1.876,3.036,1.976,-1.000,0.500,1.515,0.152,1000.000,7.616,-1.195,-0.120,1000.000,7.616
2.966,1.928,2.897,1.878,3.035,1.977,-1.000,0.500,1.439,0.144,1000.000,7.616,-1.271,-0.127,1000.000,7.616
2.965,1.930,2.896,1.880,3.034,1.979,-1.000,0.500,1.363,0.136,1000.000,7.616,-1.347,-0.135,1000.000,7.616
2.963,1.932,2.894,1.882,3.032,1.981,-1.000,0.500,1.287,0.129,1000.000,7.616,-1.424,-0.142,1000.000,7.616
2.962,1.933,2.893,1.884,3.031,1.983,-1.000,0.500,1.211,0.121,1000.000,7.616,-1.500,-0.150,1000.000,7.616
2.961,1.935,2.892,1.886,3.030,1.985,-1.000,0.500,1.135,0.114,1000.000,7.616,-1.576,-0.158,1000.000,7.616
2.959,1.937,2.890,1.888,3.029,1.987,-1.000,0.500,1.059,0.106,1000.000,7.616,-1.652,-0.165,1000.000,7.616
2.958,1.939,2.889,1.889,3.027,1.989,-1.000,0.500,0.983,0.098,1000.000,7.616,-1.728,-0.173,1000.000,7.616
2.957,1.941,2.888,1.891,3.026,1.990,-1.000,0.500,0.907,0.091,1000.000,7.616,-1.804,-0.180,1000.000,7.616
2.956,1.943,2.886,1.893,3.025,1.992,-1.000,0.500,0.831,0.083,1000.000,7.616,-1.880,-0.188,1000.000,7.616
2.954,1.945,2.885,1.895,3.023,1.994,-1.000,0.500,0.755,0.075,1000.000,7.616,-1.956,-0.196,1000.000,7.616
2.953,1.946,2.884,1.897,3.022,1.996,-1.000,0.500,0.679,0.068,1000.000,7.616,-2.032,-0.203,1000.000,7.616
2.952,1.948,2.882,1.899,3.021,1.998,-1.000,0.500,0.603,0.060,1000.000,7.616,-2.108,-0.211,1000.000,7.616
2.950,1.950,2.881,1.900,3.019,2.000,-1.000,0.500,0.527,0.053,1000.000,7.616,-2.184,-0.218,1000.000,7.616
2.949,1.952,2.880,1.902,3.018,2.001,-1.000,0.500,0.451,0.045,1000.000,7.616,-2.260,-0.226,1000.000,7.616
2.948,1.954,2.879,1.904,3.017,2.003,-1.000,0.500,0.375,0.037,1000.000,7.616,-2.336,-0.234,1000.000,7.616
2.946,1.956,2.877,1.906,3.015,2.005,-1.000,0.500,0.299,0.030,1000.000,7.616,-2.412,-0.241,1000.000,7.616
2.945,1.957,2.876,1.908,3.014,2.007,-1.000,0.500,0.223,0.022,1000.000,7.616,-2.488,-0.249,1000.000,7.616
2.944,1.959,2.875,1.910,3.013,2.009,-1.000,0.500,0.147,0.015,1000.000,7.616,-2.564,-0.256,1000.000,7.616
2.942,1.961,2.873,1.912,3.011,2.011,-1.000,0.500,0.071,0.007,1000.000,7.616,-2.641,-0.264,1000.000,7.616
2.941,1.963,2.872,1.913,3.010,2.013,-1.000,0.500,-0.005,-0.001,1000.000,7.616,-2.717,-0.272,1000.000,7.616
2.940,1.965,2.871,1.915,3.009,2.014,-1.000,0.500,-0.081,-0.008,1000.000,7.616,-2.793,-0.279,1000.000,7.616
2.938,1.967,2.869,1.917,3.007,2.016,-1.000,0.500,-0.157,-0.016,1000.000,7.616,-2.869,-0.287,1000.000,7.616
2.937,1.969,2.868,1.919,3.006,2.018,-1.000,0.500,-0.234,-0.023,1000.000,7.616,-2.945,-0.294,1000.000,7.616
2.936,1.970,2.867,1.921,3.005,2.020,-1.000,0.500,-0.310,-0.031,1000.000,7.616,-3.021,-0.302,1000.000,7.616
2.934,1.972,2.865,1.923,3.003,2.022,-1.000,0.500,-0.386,-0.039,1000.000,7.616,-3.097,-0.310,1000.000,7.616
2.933,1.974,2.864,1.924,3.002,2.024,-1.000,0.500,-0.462,-0.046,1000.000,7.616,3.110,0.311,1000.000,7.616
2.932,1.976,2.863,1.926,3.001,2.025,-1.000,0.500,-0.538,-0.054,1000.000,7.616,3.034,0.303,1000.000,7.616
2.930,1.978,2.861,1.928,2.999,2.027,-1.000,0.500,-0.614,-0.061,1000.000,7.616,2.958,0.296,1000.000,7.616
2.929,1.980,2.860,1.930,2.998,2.029,-1.000,0.500,-0.690,-0.069,1000.000,7.616,2.882,0.288,1000.000,7.616
2.928,1.981,2.859,1.932,2.997,2.031,-1.000,0.500,-0.766,-0.077,1000.000,7.616,2.806,0.281,1000.000,7.616
2.926,1.983,2.857,1.934,2.995,2.033,-1.000,0.500,-0.842,-0.084,1000.000,7.616,2.730,0.273,1000.000,7.616
2.925,1.985,2.856,1.936,2.994,2.035,-1.000,0.500,-0.918,-0.092,1000.000,7.616,2.654,0.265,1000.000,7.616
2.924,1.987,2.855,1.937,2.993,2.037,-1.000,0.500,-0.994,-0.099,1000.000,7.616,2.578,0.258,1000.000,7.616
2.922,1.989,2.853,1.939,2.991,2.038,-1.000,0.500,-1.070,-0.107,1000.000,7.616,2.502,0.250,1000.000,7.616
2.921,1.991,2.852,1.941,2.990,2.040,-1.000,0.500,-1.146,-0.115,1000.000,7.616,2.426,0.243,1000.000,7.616
2.920,1.993,2.851,1.943,2.989,2.042,-1.000,0.500,-1.222,-0.122,1000.000,7.616,2.349,0.235,1000.000,7.616
2.918,1.994,2.849,1.945,2.988,2.044,-1.000,0.500,-1.298,-0.130,1000.000,7.616,2.273,0.227,1000.000,7.616
2.917,1.996,2.848,1.947,2.986,2.046,-1.000,0.500,-1.374,-0.137,1000.000,7.616,2.197,0.220,1000.000,7.616
2.916,1.998,2.847,1.949,2.985,2.048,-1.000,0.500,-1.450,-0.145,1000.000,7.616,2.121,0.212,1000.000,7.616
2.914,2.000,2.845,1.950,2.984,2.050,-1.000,0.500,-1.526,-0.153,1000.000,7.616,2.045,0.205,1000.000,7.616
2.913,2.002,2.844,1.952,2.982,2.051,-1.000,0.500,-1.602,-0.160,1000.000,7.616,1.969,0.197,1000.000,7.616
2.912,2.004,2.843,1.954,2.981,2.053,-1.000,0.500,-1.678,-0.168,1000.000,7.616,1.893,0.189,1000.000,7.616
2.911,2.005,2.841,1.956,2.980,2.055,-1.000,0.500,-1.754,-0.175,1000.000,7.616,1.817,0.182,1000.000,7.616
2.909,2.007,2.840,1.958,2.978,2.057,-1.000,0.500,-1.830,-0.183,1000.000,7.616,1.741,0.174,1000.000,7.616
2.908,2.009,2.839,1.960,2.977,2.059,-1.000,0.500,-1.906,-0.191,1000.000,7.616,1.665,0.166,1000.000,7.616
2.907,2.011,2.838,1.961,2.976,2.061,-1.000,0.500,-1.982,-0.198,1000.000,7.616,1.589,0.159,1000.000,7.616
2.905,2.013,2.836,1.963,2.974,2.062,-1.000,0.500,-2.058,-0.206,1000.000,7.616,1.513,0.151,1000.000,7.616
2.904,2.015,2.835,1.965,2.973,2.064,-1.000,0.500,-2.134,-0.213,1000.000,7.616,1.437,0.144,1000.000,7.616
2.903,2.017,2.834,1.967,2.972,2.066,-1.000,0.500,-2.211,-0.221,1000.000,7.616,1.361,0.136,1000.000,7.616
2.901,2.018,2.832,1.969,2.970,2.068,-1.000,0.500,-2.286,-0.229,1000.000,7.616,1.284,0.128,1000.000,7.616
2.900,2.020,2.831,1.971,2.969,2.070,-1.000,0.500,-2.363,-0.236,1000.000,7.616,1.208,0.121,1000.000,7.616
2.899,2.022,2.830,1.973,2.968,2.072,-1.000,0.500,-2.439,-0.244,1000.000,7.616,1.132,0.113,1000.000,7.616
2.897,2.024,2.828,1.974,2.966,2.074,-1.000,0.500,-2.515,-0.251,1000.000,7.616,1.056,0.106,1000.000,7.616
2.896,2.026,2.827,1.976,2.965,2.075,-1.000,0.500,-2.591,-0.259,1000.000,7.616,0.980,0.098,1000.000,7.616
2.895,2.028,2.826,1.978,2.964,2.077,-1.000,0.500,-2.667,-0.267,1000.000,7.616,0.904,0.090,1000.000,7.616
2.893,2.029,2.824,1.980,2.962,2.079,-1.000,0.500,-2.743,-0.274,1000.000,7.616,0.828,0.083,1000.000,7.616
2.892,2.031,2.823,1.982,2.961,2.081,-1.000,0.500,-2.819,-0.282,1000.000,7.616,0.752,0.075,1000.000,7.616
2.891,2.033,2.822,1.984,2.960,2.083,-1.000,0.500,-2.895,-0.289,1000.000,7.616,0.676,0.068,1000.000,7.616
2.889,2.035,2.820,1.985,2.958,2.085,-1.000,0.500,-2.971,-0.297,1000.000,7.616,0.600,0.060,1000.000,7.616
2.888,2.037,2.819,1.987,2.957,2.086,-1.000,0.500,-3.047,-0.305,1000.000,7.616,0.524,0.052,1000.000,7.616
2.887,2.039,2.818,1.989,2.956,2.088,-1.000,0.500,-3.123,-0.312,1000.000,7.616,0.448,0.045,1000.000,7.616
2.885,2.041,2.816,1.991,2.954,2.090,-1.000,0.500,3.084,0.308,1000.000,7.616,0.372,0.037,1000.000,7.616
2.884,2.042,2.815,1.993,2.953,2.092,-1.000,0.500,3.008,0.301,1000.000,7.616,0.296,0.030,1000.000,7.616
2.883,2.044,2.814,1.995,2.952,2.094,-1.000,0.500,2.932,0.293,1000.000,7.616,0.220,0.022,1000.000,7.616
2.881,2.046,2.812,1.997,2.950,2.096,-1.000,0.500,2.856,0.286,1000.000,7.616,0.144,0.014,1000.000,7.616
2.880,2.048,2.811,1.998,2.949,2.098,-1.000,0.500,2.780,0.278,1000.000,7.616,0.067,0.007,1000.000,7.616
2.879,2.050,2.810,2.000,2.948,2.099,-1.000,0.500,2.704,0.270,1000.000,7.616,-0.009,-0.001,1000.000,7.616
2.877,2.052,2.808,2.002,2.946,2.101,-1.000,0.500,2.628,0.263,1000.000,7.616,-0.085,-0.008,1000.000,7.616
2.876,2.054,2.807,2.004,2.945,2.103,-1.000,0.500,2.552,0.255,1000.000,7.616,-0.161,-0.016,1000.000,7.616
2.875,2.055,2.806,2.006,2.944,2.105,-1.000,0.500,2.476,0.248,1000.000,7.616,-0.237,-0.024,1000.000,7.616
2.873,2.057,2.804,2.008,2.942,2.107,-1.000,0.500,2.400,0.240,1000.000,7.616,-0.313,-0.031,1000.000,7.616
2.872,2.059,2.803,2.009,2.941,2.109,-1.000,0.500,2.324,0.232,1000.000,7.616,-0.389,-0.039,1000.000,7.616
2.871,2.061,2.802,2.011,2.940,2.110,-1.000,0.500,2.248,0.225,1000.000,7.616,-0.465,-0.046,1000.000,7.616
2.869,2.063,2.800,2.013,2.939,2.112,-1.000,0.500,2.172,0.217,1000.000,7.616,-0.541,-0.054,1000.000,7.616
2.868,2.065,2.799,2.015,2.937,2.114,-1.000,0.500,2.096,0.210,1000.000,7.616,-0.617,-0.062,1000.000,7.616
2.867,2.066,2.798,2.017,2.936,2.116,-1.000,0.500,2.020,0.202,1000.000,7.616,-0.693,-0.069,1000.000,7.616
2.866,2.068,2.796,2.019,2.935,2.118,-1.000,0.500,1.944,0.194,1000.000,7.616,-0.769,-0.077,1000.000,7.616
2.864,2.070,2.795,2.021,2.933,2.120,-1.000,0.500,1.868,0.187,1000.000,7.616,-0.845,-0.085,1000.000,7.616
2.863,2.072,2.794,2.022,2.932,2.122,-1.000,0.500,1.792,0.179,1000.000,7.616,-0.921,-0.092,1000.000,7.616
2.862,2.074,2.793,2.024,2.931,2.123,-1.000,0.500,1.716,0.172,1000.000,7.616,-0.998,-0.100,1000.000,7.616
2.860,2.076,2.791,2.026,2.929,2.125,-1.000,0.500,1.640,0.164,1000.000,7.616,-1.074,-0.107,1000.000,7.616
2.859,2.078,2.790,2.028,2.928,2.127,-1.000,0.500,1.564,0.156,1000.000,7.616,-1.150,-0.115,1000.000,7.616
2.858,2.079,2.789,2.030,2.927,2.129,-1.000,0.500,1.488,0.149,1000.000,7.616,-1.226,-0.123,1000.000,7.616
2.856,2.081,2.787,2.032,2.925,2.131,-1.000,0.500,1.411,0.141,1000.000,7.616,-1.302,-0.130,1000.000,7.616
2.855,2.083,2.786,2.033,2.924,2.133,-1.000,0.500,1.335,0.134,1000.000,7.616,-1.378,-0.138,1000.000,7.616
2.854,2.085,2.785,2.035,2.923,2.135,-1.000,0.500,1.259,0.126,1000.000,7.616,-1.454,-0.145,1000.000,7.616
2.852,2.087,2.783,2.037,2.921,2.136,-1.000,0.500,1.183,0.118,1000.000,7.616,-1.530,-0.153,1000.000,7.616
2.851,2.089,2.782,2.039,2.920,2.138,-1.000,0.500,1.107,0.111,1000.000,7.616,-1.606,-0.161,1000.000,7.616
2.850,2.090,2.781,2.041,2.919,2.140,-1.000,0.500,1.031,0.103,1000.000,7.616,-1.682,-0.168,1000.000,7.616
2.848,2.092,2.779,2.043,2.917,2.142,-1.000,0.500,0.955,0.096,1000.000,7.616,-1.758,-0.176,1000.000,7.616
2.847,2.094,2.778,2.045,2.916,2.144,-1.000,0.500,0.879,0.088,1000.000,7.616,-1.834,-0.183,1000.000,7.616
2.846,2.096,2.777,2.046,2.915,2.146,-1.000,0.500,0.803,0.080,1000.000,7.616,-1.910,-0.191,1000.000,7.616
2.844,2.098,2.775,2.048,2.913,2.147,-1.000,0.500,0.727,0.073,1000.000,7.616,-1.986,-0.199,1000.000,7.616
2.843,2.100,2.774,2.050,2.912,2.149,-1.000,0.500,0.651,0.065,1000.000,7.616,-2.062,-0.206,1000.000,7.616
2.842,2.102,2.773,2.052,2.911,2.151,-1.000,0.500,0.575,0.058,1000.000,7.616,-2.138,-0.214,1000.000,7.616
2.840,2.103,2.771,2.054,2.909,2.153,-1.000,0.500,0.499,0.050,1000.000,7.616,-2.215,-0.221,1000.000,7.616
2.839,2.105,2.770,2.056,2.908,2.155,-1.000,0.500,0.423,0.042,1000.000,7.616,-2.291,-0.229,1000.000,7.616
2.838,2.107,2.769,2.057,2.907,2.157,-1.000,0.500,0.347,0.035,1000.000,7.616,-2.367,-0.237,1000.000,7.616
2.836,2.109,2.767,2.059,2.905,2.159,-1.000,0.500,0.271,0.027,1000.000,7.616,-2.443,-0.244,1000.000,7.616
2.835,2.111,2.766,2.061,2.904,2.160,-1.000,0.500,0.195,0.019,1000.000,7.616,-2.519,-0.252,1000.000,7.616
2.834,2.113,2.765,2.063,2.903,2.162,-1.000,0.500,0.119,0.012,1000.000,7.616,-2.595,-0.259,1000.000,7.616
2.832,2.114,2.763,2.065,2.901,2.164,-1.000,0.500,0.043,0.004,1000.000,7.616,-2.671,-0.267,1000.000,7.616
2.831,2.116,2.762,2.067,2.900,2.166,-1.000,0.500,-0.033,-0.003,1000.000,7.616,-2.747,-0.275,1000.000,7.616
2.830,2.118,2.761,2.069,2.899,2.168,-1.000,0.500,-0.109,-0.011,1000.000,7.616,-2.823,-0.282,1000.000,7.616
2.828,2.120,2.759,2.070,2.897,2.170,-1.000,0.500,-0.185,-0.019,1000.000,7.616,-2.899,-0.290,1000.000,7.616
2.827,2.122,2.758,2.072,2.896,2.171,-1.000,0.500,-0.261,-0.026,1000.000,7.616,-2.975,-0.298,1000.000,7.616
2.826,2.124,2.757,2.074,2.895,2.173,-1.000,0.500,-0.337,-0.034,1000.000,7.616,-3.051,-0.305,1000.000,7.616
2.824,2.126,2.755,2.076,2.893,2.175,-1.000,0.500,-0.413,-0.041,1000.000,7.616,-3.127,-0.313,1000.000,7.616
2.823,2.127,2.754,2.078,2.892,2.177,-1.000,0.500,-0.489,-0.049,1000.000,7.616,3.080,0.308,1000.000,7.616
2.822,2.129,2.753,2.080,2.891,2.179,-1.000,0.500,-0.565,-0.057,1000.000,7.616,3.004,0.300,1000.000,7.616
2.820,2.131,2.751,2.081,2.889,2.181,-1.000,0.500,-0.641,-0.064,1000.000,7.616,2.928,0.293,1000.000,7.616
2.819,2.133,2.750,2.083,2.888,2.183,-1.000,0.500,-0.717,-0.072,1000.000,7.616,2.852,0.285,1000.000,7.616
2.818,2.135,2.749,2.085,2.887,2.184,-1.000,0.500,-0.794,-0.079,1000.000,7.616,2.776,0.278,1000.000,7.616
2.817,2.137,2.747,2.087,2.886,2.186,-1.000,0.500,-0.870,-0.087,1000.000,7.616,2.699,0.270,1000.000,7.616
2.815,2.138,2.746,2.089,2.884,2.188,-1.000,0.500,-0.946,-0.095,1000.000,7.616,2.623,0.262,1000.000,7.616
2.814,2.140,2.745,2.091,2.883,2.190,-1.000,0.500,-1.022,-0.102,1000.000,7.616,2.547,0.255,1000.000,7.616
2.813,2.142,2.744,2.093,2.882,2.192,-1.000,0.500,-1.098,-0.110,1000.000,7.616,2.471,0.247,1000.000,7.616
2.811,2.144,2.742,2.094,2.880,2.194,-1.000,0.500,-1.174,-0.117,1000.000,7.616,2.395,0.240,1000.000,7.616
2.810,2.146,2.741,2.096,2.879,2.195,-1.000,0.500,-1.250,-0.125,1000.000,7.616,2.319,0.232,1000.000,7.616
2.809,2.148,2.740,2.098,2.878,2.197,-1.000,0.500,-1.326,-0.133,1000.000,7.616,2.243,0.224,1000.000,7.616
2.807,2.150,2.738,2.100,2.876,2.199,-1.000,0.500,-1.402,-0.140,1000.000,7.616,2.167,0.217,1000.000,7.616
2.806,2.151,2.737,2.102,2.875,2.201,-1.000,0.500,-1.478,-0.148,1000.000,7.616,2.091,0.209,1000.000,7.616
2.805,2.153,2.736,2.104,2.874,2.203,-1.000,0.500,-1.554,-0.155,1000.000,7.616,2.015,0.201,1000.000,7.616
2.803,2.155,2.734,2.105,2.872,2.205,-1.000,0.500,-1.630,-0.163,1000.000,7.616,1.939,0.194,1000.000,7.616
2.802,2.157,2.733,2.107,2.871,2.207,-1.000,0.500,-1.706,-0.171,1000.000,7.616,1.863,0.186,1000.000,7.616
2.801,2.159,2.732,2.109,2.870,2.208,-1.000,0.500,-1.782,-0.178,1000.000,7.616,1.787,0.179,1000.000,7.616
2.799,2.161,2.730,2.111,2.868,2.210,-1.000,0.500,-1.858,-0.186,1000.000,7.616,1.711,0.171,1000.000,7.616
2.798,2.162,2.729,2.113,2.867,2.212,-1.000,0.500,-1.934,-0.193,1000.000,7.616,1.634,0.163,1000.000,7.616
2.797,2.164,2.728,2.115,2.866,2.214,-1.000,0.500,-2.010,-0.201,1000.000,7.616,1.558,0.156,1000.000,7.616
2.795,2.166,2.726,2.117,2.864,2.216,-1.000,0.500,-2.086,-0.209,1000.000,7.616,1.482,0.148,1000.000,7.616
2.794,2.168,2.725,2.118,2.863,2.218,-1.000,0.500,-2.162,-0.216,1000.000,7.616,1.406,0.141,1000.000,7.616
2.793,2.170,2.724,2.120,2.862,2.219,-1.000,0.500,-2.238,-0.224,1000.000,7.616,1.330,0.133,1000.000,7.616
2.791,2.172,2.722,2.122,2.860,2.221,-1.000,0.500,-2.314,-0.231,1000.000,7.616,1.254,0.125,1000.000,7.616
2.790,2.174,2.721,2.124,2.859,2.223,-1.000,0.500,-2.390,-0.239,1000.000,7.616,1.178,0.118,1000.000,7.616
2.789,2.175,2.720,2.126,2.858,2.225,-1.000,0.500,-2.466,-0.247,1000.000,7.616,1.102,0.110,1000.000,7.616
2.787,2.177,2.718,2.128,2.856,2.227,-1.000,0.500,-2.542,-0.254,1000.000,7.616,1.026,0.103,1000.000,7.616
2.786,2.179,2.717,2.129,2.855,2.229,-1.000,0.500,-2.618,-0.262,1000.000,7.616,0.950,0.095,1000.000,7.616
2.785,2.181,2.716,2.131,2.854,2.231,-1.000,0.500,-2.694,-0.269,1000.000,7.616,0.874,0.087,1000.000,7.616
2.783,2.183,2.714,2.133,2.852,2.232,-1.000,0.500,-2.771,-0.277,1000.000,7.616,0.798,0.080,1000.000,7.616
2.782,2.185,2.713,2.135,2.851,2.234,-1.000,0.500,-2.846,-0.285,1000.000,7.616,0.722,0.072,1000.000,7.616
2.781,2.186,2.712,2.137,2.850,2.236,-1.000,0.500,-2.922,-0.292,1000.000,7.616,0.646,0.065,1000.000,7.616
2.779,2.188,2.710,2.139,2.848,2.238,-1.000,0.500,-2.999,-0.300,1000.000,7.616,0.570,0.057,1000.000,7.616
2.778,2.190,2.709,2.141,2.847,2.240,-1.000,0.500,-3.075,-0.307,1000.000,7.616,0.494,0.049,1000.000,7.616
2.777,2.192,2.708,2.142,2.846,2.242,-1.000,0.500,3.133,0.313,1000.000,7.616,0.417,0.042,1000.000,7.616
2.775,2.194,2.706,2.144,2.844,2.243,-1.000,0.500,3.056,0.306,1000.000,7.616,0.341,0.034,1000.000,7.616
2.774,2.196,2.705,2.146,2.843,2.245,-1.000,0.500,2.981,0.298,1000.000,7.616,0.265,0.027,1000.000,7.616
2.773,2.198,2.704,2.148,2.842,2.247,-1.000,0.500,2.904,0.290,1000.000,7.616,0.189,0.019,1000.000,7.616
2.771,2.199,2.702,2.150,2.840,2.249,-1.000,0.500,2.828,0.283,1000.000,7.616,0.113,0.011,1000.000,7.616
2.770,2.201,2.701,2.152,2.839,2.251,-1.000,0.500,2.752,0.275,1000.000,7.616,0.037,0.004,1000.000,7.616
2.769,2.203,2.700,2.153,2.838,2.253,-1.000,0.500,2.676,0.268,1000.000,7.616,-0.039,-0.004,1000.000,7.616
2.767,2.205,2.698,2.155,2.836,2.255,-1.000,0.500,2.600,0.260,1000.000,7.616,-0.115,-0.011,1000.000,7.616
2.766,2.207,2.697,2.157,2.835,2.256,-1.000,0.500,2.524,0.252,1000.000,7.616,-0.191,-0.019,1000.000,7.616
2.765,2.209,2.696,2.159,2.834,2.258,-1.000,0.500,2.448,0.245,1000.000,7.616,-0.267,-0.027,1000.000,7.616
2.764,2.210,2.695,2.161,2.833,2.260,-1.000,0.500,2.372,0.237,1000.000,7.616,-0.343,-0.034,1000.000,7.616
2.762,2.212,2.693,2.163,2.831,2.262,-1.000,0.500,2.296,0.230,1000.000,7.616,-0.419,-0.042,1000.000,7.616
2.761,2.214,2.692,2.165,2.830,2.264,-1.000,0.500,2.220,0.222,1000.000,7.616,-0.495,-0.050,1000.000,7.616
2.760,2.216,2.691,2.166,2.829,2.266,-1.000,0.500,2.144,0.214,1000.000,7.616,-0.571,-0.057,1000.000,7.616
2.758,2.218,2.689,2.168,2.827,2.268,-1.000,0.500,2.068,0.207,1000.000,7.616,-0.647,-0.065,1000.000,7.616
2.757,2.220,2.688,2.170,2.826,2.269,-1.000,0.500,1.992,0.199,1000.000,7.616,-0.724,-0.072,1000.000,7.616
2.756,2.222,2.687,2.172,2.825,2.271,-1.000,0.500,1.916,0.192,1000.000,7.616,-0.800,-0.080,1000.000,7.616
2.754,2.223,2.685,2.174,2.823,2.273,-1.000,0.500,1.840,0.184,1000.000,7.616,-0.876,-0.088,1000.000,7.616
2.753,2.225,2.684,2.176,2.822,2.275,-1.000,0.500,1.764,0.176,1000.000,7.616,-0.952,-0.095,1000.000,7.616
2.752,2.227,2.683,2.177,2.821,2.277,-1.000,0.500,1.688,0.169,1000.000,7.616,-1.028,-0.103,1000.000,7.616
2.750,2.229,2.681,2.179,2.819,2.279,-1.000,0.500,1.612,0.161,1000.000,7.616,-1.104,-0.110,1000.000,7.616
2.749,2.231,2.680,2.181,2.818,2.280,-1.000,0.500,1.536,0.154,1000.000,7.616,-1.180,-0.118,1000.000,7.616
2.748,2.233,2.679,2.183,2.817,2.282,-1.000,0.500,1.460,0.146,1000.000,7.616,-1.256,-0.126,1000.000,7.616
2.746,2.234,2.677,2.185,2.815,2.284,-1.000,0.500,1.384,0.138,1000.000,7.616,-1.332,-0.133,1000.000,7.616
2.745,2.236,2.676,2.187,2.814,2.286,-1.000,0.500,1.308,0.131,1000.000,7.616,-1.408,-0.141,1000.000,7.616
2.744,2.238,2.675,2.189,2.813,2.288,-1.000,0.500,1.232,0.123,1000.000,7.616,-1.484,-0.148,1000.000,7.616
2.742,2.240,2.673,2.190,2.811,2.290,-1.000,0.500,1.156,0.116,1000.000,7.616,-1.560,-0.156,1000.000,7.616
2.741,2.242,2.672,2.192,2.810,2.292,-1.000,0.500,1.080,0.108,1000.000,7.616,-1.636,-0.164,1000.000,7.616
2.740,2.244,2.671,2.194,2.809,2.293,-1.000,0.500,1.004,0.100,1000.000,7.616,-1.712,-0.171,1000.000,7.616
2.738,2.246,2.669,2.196,2.807,2.295,-1.000,0.500,0.928,0.093,1000.000,7.616,-1.788,-0.179,1000.000,7.616
2.737,2.247,2.668,2.198,2.806,2.297,-1.000,0.500,0.852,0.085,1000.000,7.616,-1.865,-0.186,1000.000,7.616
2.736,2.249,2.667,2.200,2.805,2.299,-1.000,0.500,0.775,0.078,1000.000,7.616,-1.941,-0.194,1000.000,7.616
2.734,2.251,2.665,2.201,2.803,2.301,-1.000,0.500,0.700,0.070,1000.000,7.616,-2.017,-0.202,1000.000,7.616
2.733,2.253,2.664,2.203,2.802,2.303,-1.000,0.500,0.623,0.062,1000.000,7.616,-2.093,-0.209,1000.000,7.616
2.732,2.255,2.663,2.205,2.801,2.304,-1.000,0.500,0.547,0.055,1000.000,7.616,-2.169,-0.217,1000.000,7.616
2.730,2.257,2.661,2.207,2.799,2.306,-1.000,0.500,0.471,0.047,1000.000,7.616,-2.245,-0.224,1000.000,7.616
2.729,2.258,2.660,2.209,2.798,2.308,-1.000,0.500,0.395,0.040,1000.000,7.616,-2.321,-0.232,1000.000,7.616
2.728,2.260,2.659,2.211,2.797,2.310,-1.000,0.500,0.319,0.032,1000.000,7.616,-2.397,-0.240,1000.000,7.616
2.726,2.262,2.657,2.212,2.795,2.312,-1.000,0.500,0.243,0.024,1000.000,7.616,-2.473,-0.247,1000.000,7.616
2.725,2.264,2.656,2.214,2.794,2.314,-1.000,0.500,0.167,0.017,1000.000,7.616,-2.549,-0.255,1000.000,7.616
2.724,2.266,2.655,2.216,2.793,2.316,-1.000,0.500,0.091,0.009,1000.000,7.616,-2.625,-0.263,1000.000,7.616
2.722,2.268,2.653,2.218,2.791,2.317,-1.000,0.500,0.015,0.002,1000.000,7.616,-2.701,-0.270,1000.000,7.616
2.721,2.270,2.652,2.220,2.790,2.319,-1.000,0.500,-0.061,-0.006,1000.000,7.616,-2.777,-0.278,1000.000,7.616
2.720,2.271,2.651,2.222,2.789,2.321,-1.000,0.500,-0.137,-0.014,1000.000,7.616,-2.853,-0.285,1000.000,7.616
2.718,2.273,2.649,2.224,2.787,2.323,-1.000,0.500,-0.213,-0.021,1000.000,7.616,-2.930,-0.293,1000.000,7.616
2.717,2.275,2.648,2.225,2.786,2.325,-1.000,0.500,-0.289,-0.029,1000.000,7.616,-3.006,-0.301,1000.000,7.616
2.716,2.277,2.647,2.227,2.785,2.327,-1.000,0.500,-0.365,-0.036,1000.000,7.616,-3.082,-0.308,1000.000,7.616
2.714,2.279,2.645,2.229,2.783,2.328,-1.000,0.500,-0.441,-0.044,1000.000,7.616,3.126,0.313,1000.000,7.616
2.713,2.281,2.644,2.231,2.782,2.330,-1.000,0.500,-0.517,-0.052,1000.000,7.616,3.049,0.305,1000.000,7.616
2.712,2.282,2.643,2.233,2.781,2.332,-1.000,0.500,-0.593,-0.059,1000.000,7.616,2.973,0.297,1000.000,7.616
2.710,2.284,2.642,2.235,2.779,2.334,-1.000,0.500,-0.669,-0.067,1000.000,7.616,2.897,0.290,1000.000,7.616
2.709,2.286,2.640,2.236,2.778,2.336,-1.000,0.500,-0.745,-0.075,1000.000,7.616,2.821,0.282,1000.000,7.616
2.708,2.288,2.639,2.238,2.777,2.338,-1.000,0.500,-0.821,-0.082,1000.000,7.616,2.745,0.275,1000.000,7.616
2.707,2.290,2.638,2.240,2.775,2.340,-1.000,0.500,-0.897,-0.090,1000.000,7.616,2.669,0.267,1000.000,7.616
2.705,2.292,2.636,2.242,2.774,2.341,-1.000,0.500,-0.973,-0.097,1000.000,7.616,2.593,0.259,1000.000,7.616
2.704,2.294,2.635,2.244,2.773,2.343,-1.000,0.500,-1.049,-0.105,1000.000,7.616,2.517,0.252,1000.000,7.616
2.703,2.295,2.634,2.246,2.772,2.345,-1.000,0.500,-1.125,-0.113,1000.000,7.616,2.441,0.244,1000.000,7.616
2.701,2.297,2.632,2.248,2.770,2.347,-1.000,0.500,-1.201,-0.120,1000.000,7.616,2.365,0.236,1000.000,7.616
2.700,2.299,2.631,2.249,2.769,2.349,-1.000,0.500,-1.277,-0.128,1000.000,7.616,2.289,0.229,1000.000,7.616
2.699,2.301,2.630,2.251,2.768,2.351,-1.000,0.500,-1.354,-0.135,1000.000,7.616,2.213,0.221,1000.000,7.616
2.697,2.303,2.628,2.253,2.766,2.352,-1.000,0.500,-1.430,-0.143,1000.000,7.616,2.137,0.214,1000.000,7.616
2.696,2.305,2.627,2.255,2.765,2.354,-1.000,0.500,-1.506,-0.151,1000.000,7.616,2.061,0.206,1000.000,7.616
2.695,2.306,2.626,2.257,2.764,2.356,-1.000,0.500,-1.582,-0.158,1000.000,7.616,1.984,0.198,1000.000,7.616
2.693,2.308,2.624,2.259,2.762,2.358,-1.000,0.500,-1.658,-0.166,1000.000,7.616,1.908,0.191,1000.000,7.616
2.692,2.310,2.623,2.260,2.761,2.360,-1.000,0.500,-1.734,-0.173,1000.000,7.616,1.832,0.183,1000.000,7.616
2.691,2.312,2.622,2.262,2.760,2.362,-1.000,0.500,-1.810,-0.181,1000.000,7.616,1.756,0.176,1000.000,7.616
2.689,2.314,2.620,2.264,2.758,2.364,-1.000,0.500,-1.886,-0.189,1000.000,7.616,1.680,0.168,1000.000,7.616
2.688,2.316,2.619,2.266,2.757,2.365,-1.000,0.500,-1.962,-0.196,1000.000,7.616,1.604,0.160,1000.000,7.616
2.687,2.318,2.618,2.268,2.756,2.367,-1.000,0.500,-2.038,-0.204,1000.000,7.616,1.528,0.153,1000.000,7.616
2.685,2.319,2.616,2.270,2.754,2.369,-1.000,0.500,-2.114,-0.211,1000.000,7.616,1.452,0.145,1000.000,7.616
2.684,2.321,2.615,2.272,2.753,2.371,-1.000,0.500,-2.190,-0.219,1000.000,7.616,1.376,0.138,1000.000,7.616
2.683,2.323,2.614,2.273,2.752,2.373,-1.000,0.500,-2.266,-0.227,1000.000,7.616,1.300,0.130,1000.000,7.616
2.681,2.325,2.612,2.275,2.750,2.375,-1.000,0.500,-2.342,-0.234,1000.000,7.616,1.224,0.122,1000.000,7.616
2.680,2.327,2.611,2.277,2.749,2.376,-1.000,0.500,-2.418,-0.242,1000.000,7.616,1.148,0.115,1000.000,7.616
2.679,2.329,2.610,2.279,2.748,2.378,-1.000,0.500,-2.494,-0.249,1000.000,7.616,1.072,0.107,1000.000,7.616
2.677,2.330,2.608,2.281,2.746,2.380,-1.000,0.500,-2.570,-0.257,1000.000,7.616,0.996,0.100,1000.000,7.616
2.676,2.332,2.607,2.283,2.745,2.382,-1.000,0.500,-2.646,-0.265,1000.000,7.616,0.920,0.092,1000.000,7.616
2.675,2.334,2.606,2.284,2.744,2.384,-1.000,0.500,-2.722,-0.272,1000.000,7.616,0.844,0.084,1000.000,7.616
2.673,2.336,2.604,2.286,2.742,2.386,-1.000,0.500,-2.798,-0.280,1000.000,7.616,0.767,0.077,1000.000,7.616
2.672,2.338,2.603,2.288,2.741,2.388,-1.000,0.500,-2.874,-0.287,1000.000,7.616,0.691,0.069,1000.000,7.616
2.671,2.340,2.602,2.290,2.740,2.389,-1.000,0.500,-2.950,-0.295,1000.000,7.616,0.615,0.062,1000.000,7.616
2.669,2.342,2.600,2.292,2.738,2.391,-1.000,0.500,-3.026,-0.303,1000.000,7.616,0.539,0.054,1000.000,7.616
2.668,2.343,2.599,2.294,2.737,2.393,-1.000,0.500,-3.102,-0.310,1000.000,7.616,0.463,0.046,1000.000,7.616
2.667,2.345,2.598,2.296,2.736,2.395,-1.000,0.500,3.105,0.310,1000.000,7.616,0.387,0.039,1000.000,7.616
2.665,2.347,2.596,2.297,2.734,2.397,-1.000,0.500,3.029,0.303,1000.000,7.616,0.311,0.031,1000.000,7.616
2.664,2.349,2.595,2.299,2.733,2.399,-1.000,0.500,2.953,0.295,1000.000,7.616,0.235,0.024,1000.000,7.616
2.663,2.351,2.594,2.301,2.732,2.400,-1.000,0.500,2.877,0.288,1000.000,7.616,0.159,0.016,1000.000,7.616
2.661,2.353,2.592,2.303,2.730,2.402,-1.000,0.500,2.801,0.280,1000.000,7.616,0.083,0.008,1000.000,7.616
2.660,2.354,2.591,2.305,2.729,2.404,-1.000,0.500,2.725,0.272,1000.000,7.616,0.007,0.001,1000.000,7.616
2.659,2.356,2.590,2.307,2.728,2.406,-1.000,0.500,2.649,0.265,1000.000,7.616,-0.069,-0.007,1000.000,7.616
2.657,2.358,2.588,2.308,2.726,2.408,-1.000,0.500,2.573,0.257,1000.000,7.616,-0.145,-0.015,1000.000,7.616
2.656,2.360,2.587,2.310,2.725,2.410,-1.000,0.500,2.496,0.250,1000.000,7.616,-0.221,-0.022,1000.000,7.616
2.655,2.362,2.586,2.312,2.724,2.412,-1.000,0.500,2.421,0.242,1000.000,7.616,-0.298,-0.030,1000.000,7.616
2.653,2.364,2.584,2.314,2.722,2.413,-1.000,0.500,2.345,0.234,1000.000,7.616,-0.374,-0.037,1000.000,7.616
2.652,2.366,2.583,2.316,2.721,2.415,-1.000,0.500,2.268,0.227,1000.000,7.616,-0.450,-0.045,1000.000,7.616
2.651,2.367,2.582,2.318,2.720,2.417,-1.000,0.500,2.192,0.219,1000.000,7.616,-0.526,-0.053,1000.000,7.616
2.649,2.369,2.581,2.320,2.718,2.419,-1.000,0.500,2.116,0.212,1000.000,7.616,-0.602,-0.060,1000.000,7.616
2.648,2.371,2.579,2.321,2.717,2.421,-1.000,0.500,2.040,0.204,1000.000,7.616,-0.678,-0.068,1000.000,7.616
2.647,2.373,2.578,2.323,2.716,2.423,-1.000,0.500,1.964,0.196,1000.000,7.616,-0.754,-0.075,1000.000,7.616
2.646,2.375,2.577,2.325,2.714,2.424,-1.000,0.500,1.888,0.189,1000.000,7.616,-0.830,-0.083,1000.000,7.616
2.644,2.377,2.575,2.327,2.713,2.426,-1.000,0.500,1.812,0.181,1000.000,7.616,-0.906,-0.091,1000.000,7.616
2.643,2.378,2.574,2.329,2.712,2.428,-1.000,0.500,1.736,0.174,1000.000,7.616,-0.982,-0.098,1000.000,7.616
2.642,2.380,2.573,2.331,2.710,2.430,-1.000,0.500,1.660,0.166,1000.000,7.616,-1.058,-0.106,1000.000,7.616
2.640,2.382,2.571,2.332,2.709,2.432,-1.000,0.500,1.584,0.158,1000.000,7.616,-1.134,-0.113,1000.000,7.616
2.639,2.384,2.570,2.334,2.708,2.434,-1.000,0.500,1.508,0.151,1000.000,7.616,-1.210,-0.121,1000.000,7.616
2.638,2.386,2.569,2.336,2.706,2.436,-1.000,0.500,1.432,0.143,1000.000,7.616,-1.286,-0.129,1000.000,7.616
2.636,2.388,2.567,2.338,2.705,2.437,-1.000,0.500,1.356,0.136,1000.000,7.616,-1.362,-0.136,1000.000,7.616
2.635,2.389,2.566,2.340,2.704,2.439,-1.000,0.500,1.280,0.128,1000.000,7.616,-1.438,-0.144,1000.000,7.616
2.634,2.391,2.565,2.342,2.703,2.441,-1.000,0.500,1.204,0.120,1000.000,7.616,-1.514,-0.151,1000.000,7.616
2.632,2.393,2.563,2.343,2.701,2.443,-1.000,0.500,1.128,0.113,1000.000,7.616,-1.591,-0.159,1000.000,7.616
2.631,2.395,2.562,2.345,2.700,2.445,-1.000,0.500,1.052,0.105,1000.000,7.616,-1.667,-0.167,1000.000,7.616
2.630,2.397,2.561,2.347,2.699,2.447,-1.000,0.500,0.976,0.098,1000.000,7.616,-1.743,-0.174,1000.000,7.616
2.628,2.399,2.559,2.349,2.697,2.448,-1.000,0.500,0.900,0.090,1000.000,7.616,-1.819,-0.182,1000.000,7.616
2.627,2.401,2.558,2.351,2.696,2.450,-1.000,0.500,0.824,0.082,1000.000,7.616,-1.895,-0.189,1000.000,7.616
2.626,2.402,2.557,2.353,2.695,2.452,-1.000,0.500,0.748,0.075,1000.000,7.616,-1.971,-0.197,1000.000,7.616
2.624,2.404,2.555,2.355,2.693,2.454,-1.000,0.500,0.672,0.067,1000.000,7.616,-2.047,-0.205,1000.000,7.616
2.623,2.406,2.554,2.356,2.692,2.456,-1.000,0.500,0.596,0.060,1000.000,7.616,-2.123,-0.212,1000.000,7.616
2.622,2.408,2.553,2.358,2.691,2.458,-1.000,0.500,0.520,0.052,1000.000,7.616,-2.199,-0.220,1000.000,7.616
2.620,2.410,2.551,2.360,2.689,2.459,-1.000,0.500,0.444,0.044,1000.000,7.616,-2.275,-0.228,1000.000,7.616
2.619,2.412,2.550,2.362,2.688,2.461,-1.000,0.500,0.368,0.037,1000.000,7.616,-2.351,-0.235,1000.000,7.616
2.618,2.413,2.549,2.364,2.687,2.463,-1.000,0.500,0.292,0.029,1000.000,7.616,-2.427,-0.243,1000.000,7.616
2.616,2.415,2.547,2.366,2.685,2.465,-1.000,0.500,0.215,0.022,1000.000,7.616,-2.503,-0.250,1000.000,7.616
2.615,2.417,2.546,2.367,2.684,2.467,-1.000,0.500,0.140,0.014,1000.000,7.616,-2.579,-0.258,1000.000,7.616
2.614,2.419,2.545,2.369,2.683,2.469,-1.000,0.500,0.063,0.006,1000.000,7.616,-2.656,-0.266,1000.000,7.616
2.612,2.421,2.543,2.371,2.681,2.471,-1.000,0.500,-0.013,-0.001,1000.000,7.616,-2.732,-0.273,1000.000,7.616
2.611,2.423,2.542,2.373,2.680,2.472,-1.000,0.500,-0.089,-0.009,1000.000,7.616,-2.808,-0.281,1000.000,7.616
2.610,2.425,2.541,2.375,2.679,2.474,-1.000,0.500,-0.165,-0.016,1000.000,7.616,-2.884,-0.288,1000.000,7.616
2.608,2.426,2.539,2.377,2.677,2.476,-1.000,0.500,-0.241,-0.024,1000.000,7.616,-2.960,-0.296,1000.000,7.616
2.607,2.428,2.538,2.379,2.676,2.478,-1.000,0.500,-0.317,-0.032,1000.000,7.616,-3.036,-0.304,1000.000,7.616
2.606,2.430,2.537,2.380,2.675,2.480,-1.000,0.500,-0.393,-0.039,1000.000,7.616,-3.112,-0.311,1000.000,7.616
2.604,2.432,2.535,2.382,2.673,2.482,-1.000,0.500,-0.469,-0.047,1000.000,7.616,3.095,0.310,1000.000,7.616
2.603,2.434,2.534,2.384,2.672,2.483,-1.000,0.500,-0.545,-0.054,1000.000,7.616,3.019,0.302,1000.000,7.616
2.602,2.436,2.533,2.386,2.671,2.485,-1.000,0.500,-0.621,-0.062,1000.000,7.616,2.943,0.294,1000.000,7.616
2.600,2.437,2.531,2.388,2.669,2.487,-1.000,0.500,-0.697,-0.070,1000.000,7.616,2.867,0.287,1000.000,7.616
2.599,2.439,2.530,2.390,2.668,2.489,-1.000,0.500,-0.773,-0.077,1000.000,7.616,2.791,0.279,1000.000,7.616
2.598,2.441,2.529,2.391,2.667,2.491,-1.000,0.500,-0.849,-0.085,1000.000,7.616,2.715,0.271,1000.000,7.616
2.596,2.443,2.527,2.393,2.665,2.493,-1.000,0.500,-0.925,-0.092,1000.000,7.616,2.639,0.264,1000.000,7.616
2.595,2.445,2.526,2.395,2.664,2.495,-1.000,0.500,-1.001,-0.100,1000.000,7.616,2.563,0.256,1000.000,7.616
2.594,2.447,2.525,2.397,2.663,2.496,-1.000,0.500,-1.077,-0.108,1000.000,7.616,2.487,0.249,1000.000,7.616
2.592,2.449,2.523,2.399,2.661,2.498,-1.000,0.500,-1.153,-0.115,1000.000,7.616,2.411,0.241,1000.000,7.616
2.591,2.450,2.522,2.401,2.660,2.500,-1.000,0.500,-1.229,-0.123,1000.000,7.616,2.335,0.233,1000.000,7.616
2.590,2.452,2.521,2.402,2.659,2.502,-1.000,0.500,-1.305,-0.131,1000.000,7.616,2.258,0.226,1000.000,7.616
2.588,2.454,2.520,2.404,2.657,2.504,-1.000,0.500,-1.381,-0.138,1000.000,7.616,2.182,0.218,1000.000,7.616
2.587,2.456,2.518,2.406,2.656,2.506,-1.000,0.500,-1.457,-0.146,1000.000,7.616,2.106,0.211,1000.000,7.616
2.586,2.458,2.517,2.408,2.655,2.507,-1.000,0.500,-1.533,-0.153,1000.000,7.616,2.030,0.203,1000.000,7.616
2.584,2.460,2.516,2.410,2.653,2.509,-1.000,0.500,-1.609,-0.161,1000.000,7.616,1.954,0.195,1000.000,7.616
2.583,2.461,2.514,2.412,2.652,2.511,-1.000,0.500,-1.685,-0.169,1000.000,7.616,1.878,0.188,1000.000,7.616
2.582,2.463,2.513,2.414,2.651,2.513,-1.000,0.500,-1.761,-0.176,1000.000,7.616,1.802,0.180,1000.000,7.616
2.580,2.465,2.512,2.415,2.649,2.515,-1.000,0.500,-1.837,-0.184,1000.000,7.616,1.726,0.173,1000.000,7.616
2.579,2.467,2.510,2.417,2.648,2.517,-1.000,0.500,-1.913,-0.191,1000.000,7.616,1.650,0.165,1000.000,7.616
2.578,2.469,2.509,2.419,2.647,2.519,-1.000,0.500,-1.989,-0.199,1000.000,7.616,1.574,0.157,1000.000,7.616
2.576,2.471,2.508,2.421,2.645,2.520,-1.000,0.500,-2.066,-0.207,1000.000,7.616,1.498,0.150,1000.000,7.616
2.575,2.473,2.506,2.423,2.644,2.522,-1.000,0.500,-2.142,-0.214,1000.000,7.616,1.422,0.142,1000.000,7.616
2.574,2.474,2.505,2.425,2.643,2.524,-1.000,0.500,-2.218,-0.222,1000.000,7.616,1.346,0.135,1000.000,7.616
2.573,2.476,2.504,2.426,2.641,2.526,-1.000,0.500,-2.294,-0.229,1000.000,7.616,1.270,0.127,1000.000,7.616
2.571,2.478,2.502,2.428,2.640,2.528,-1.000,0.500,-2.370,-0.237,1000.000,7.616,1.194,0.119,1000.000,7.616
2.570,2.480,2.501,2.430,2.639,2.530,-1.000,0.500,-2.446,-0.245,1000.000,7.616,1.118,0.112,1000.000,7.616
2.569,2.482,2.500,2.432,2.637,2.531,-1.000,0.500,-2.522,-0.252,1000.000,7.616,1.041,0.104,1000.000,7.616
2.567,2.484,2.498,2.434,2.636,2.533,-1.000,0.500,-2.598,-0.260,1000.000,7.616,0.965,0.097,1000.000,7.616
2.566,2.485,2.497,2.436,2.635,2.535,-1.000,0.500,-2.674,-0.267,1000.000,7.616,0.889,0.089,1000.000,7.616
2.565,2.487,2.496,2.438,2.633,2.537,-1.000,0.500,-2.750,-0.275,1000.000,7.616,0.813,0.081,1000.000,7.616
2.563,2.489,2.494,2.439,2.632,2.539,-1.000,0.500,-2.826,-0.283,1000.000,7.616,0.737,0.074,1000.000,7.616
2.562,2.491,2.493,2.441,2.631,2.541,-1.000,0.500,-2.902,-0.290,1000.000,7.616,0.661,0.066,1000.000,7.616
2.561,2.493,2.492,2.443,2.630,2.543,-1.000,0.500,-2.978,-0.298,1000.000,7.616,0.585,0.059,1000.000,7.616
2.559,2.495,2.490,2.445,2.628,2.544,-1.000,0.500,-3.054,-0.305,1000.000,7.616,0.509,0.051,1000.000,7.616
2.558,2.496,2.489,2.447,2.627,2.546,-1.000,0.500,-3.130,-0.313,1000.000,7.616,0.433,0.043,1000.000,7.616
2.557,2.498,2.488,2.449,2.626,2.548,-1.000,0.500,3.077,0.308,1000.000,7.616,0.357,0.036,1000.000,7.616
2.555,2.500,2.486,2.450,2.624,2.550,-1.000,0.500,3.001,0.300,1000.000,7.616,0.281,0.028,1000.000,7.616
2.554,2.502,2.485,2.452,2.623,2.552,-1.000,0.500,2.925,0.293,1000.000,7.616,0.205,0.020,1000.000,7.616
2.553,2.504,2.484,2.454,2.622,2.554,-1.000,0.500,2.849,0.285,1000.000,7.616,0.129,0.013,1000.000,7.616
2.551,2.506,2.482,2.456,2.620,2.555,-1.000,0.500,2.773,0.277,1000.000,7.616,0.053,0.005,1000.000,7.616
2.550,2.508,2.481,2.458,2.619,2.557,-1.000,0.500,2.697,0.270,1000.000,7.616,-0.024,-0.002,1000.000,7.616
2.549,2.509,2.480,2.460,2.618,2.559,-1.000,0.500,2.621,0.262,1000.000,7.616,-0.100,-0.010,1000.000,7.616
2.547,2.511,2.478,2.462,2.616,2.561,-1.000,0.500,2.545,0.254,1000.000,7.616,-0.176,-0.018,1000.000,7.616
2.546,2.513,2.477,2.463,2.615,2.563,-1.000,0.500,2.469,0.247,1000.000,7.616,-0.252,-0.025,1000.000,7.616
2.545,2.515,2.476,2.465,2.614,2.565,-1.000,0.500,2.393,0.239,1000.000,7.616,-0.328,-0.033,1000.000,7.616
2.543,2.517,2.474,2.467,2.612,2.567,-1.000,0.500,2.317,0.232,1000.000,7.616,-0.404,-0.040,1000.000,7.616
2.542,2.519,2.473,2.469,2.611,2.568,-1.000,0.500,2.241,0.224,1000.000,7.616,-0.480,-0.048,1000.000,7.616
2.541,2.520,2.472,2.471,2.610,2.570,-1.000,0.500,2.165,0.216,1000.000,7.616,-0.556,-0.056,1000.000,7.616
2.539,2.522,2.470,2.473,2.608,2.572,-1.000,0.500,2.089,0.209,1000.000,7.616,-0.632,-0.063,1000.000,7.616
2.538,2.524,2.469,2.474,2.607,2.574,-1.000,0.500,2.013,0.201,1000.000,7.616,-0.708,-0.071,1000.000,7.616
2.537,2.526,2.468,2.476,2.606,2.576,-1.000,0.500,1.937,0.194,1000.000,7.616,-0.784,-0.078,1000.000,7.616
2.535,2.528,2.466,2.478,2.604,2.578,-1.000,0.500,1.861,0.186,1000.000,7.616,-0.860,-0.086,1000.000,7.616
2.534,2.530,2.465,2.480,2.603,2.579,-1.000,0.500,1.785,0.178,1000.000,7.616,-0.936,-0.094,1000.000,7.616
2.533,2.532,2.464,2.482,2.602,2.581,-1.000,0.500,1.709,0.171,1000.000,7.616,-1.012,-0.101,1000.000,7.616
2.531,2.533,2.462,2.484,2.600,2.583,-1.000,0.500,1.632,0.163,1000.000,7.616,-1.088,-0.109,1000.000,7.616
2.530,2.535,2.461,2.485,2.599,2.585,-1.000,0.500,1.556,0.156,1000.000,7.616,-1.164,-0.116,1000.000,7.616
2.529,2.537,2.460,2.487,2.598,2.587,-1.000,0.500,1.480,0.148,1000.000,7.616,-1.241,-0.124,1000.000,7.616
2.527,2.539,2.458,2.489,2.596,2.589,-1.000,0.500,1.404,0.140,1000.000,7.616,-1.317,-0.132,1000.000,7.616
2.526,2.541,2.457,2.491,2.595,2.590,-1.000,0.500,1.328,0.133,1000.000,7.616,-1.393,-0.139,1000.000,7.616
2.525,2.543,2.456,2.493,2.594,2.592,-1.000,0.500,1.252,0.125,1000.000,7.616,-1.469,-0.147,1000.000,7.616
2.523,2.544,2.454,2.495,2.592,2.594,-1.000,0.500,1.176,0.118,1000.000,7.616,-1.545,-0.154,1000.000,7.616
2.522,2.546,2.453,2.497,2.591,2.596,-1.000,0.500,1.100,0.110,1000.000,7.616,-1.621,-0.162,1000.000,7.616
2.521,2.548,2.452,2.498,2.590,2.598,-1.000,0.500,1.024,0.102,1000.000,7.616,-1.697,-0.170,1000.000,7.616
2.519,2.550,2.450,2.500,2.588,2.600,-1.000,0.500,0.948,0.095,1000.000,7.616,-1.773,-0.177,1000.000,7.616
2.518,2.552,2.449,2.502,2.587,2.602,-1.000,0.500,0.872,0.087,1000.000,7.616,-1.849,-0.185,1000.000,7.616
2.517,2.554,2.448,2.504,2.586,2.603,-1.000,0.500,0.796,0.080,1000.000,7.616,-1.925,-0.193,1000.000,7.616
2.515,2.556,2.447,2.506,2.584,2.605,-1.000,0.500,0.720,0.072,1000.000,7.616,-2.001,-0.200,1000.000,7.616
2.514,2.557,2.445,2.508,2.583,2.607,-1.000,0.500,0.644,0.064,1000.000,7.616,-2.077,-0.208,1000.000,7.616
2.513,2.559,2.444,2.509,2.582,2.609,-1.000,0.500,0.568,0.057,1000.000,7.616,-2.153,-0.215,1000.000,7.616
2.511,2.561,2.443,2.511,2.580,2.611,-1.000,0.500,0.492,0.049,1000.000,7.616,-2.229,-0.223,1000.000,7.616
2.510,2.563,2.441,2.513,2.579,2.613,-1.000,0.500,0.416,0.042,1000.000,7.616,-2.305,-0.231,1000.000,7.616
2.509,2.565,2.440,2.515,2.578,2.614,-1.000,0.500,0.340,0.034,1000.000,7.616,-2.382,-0.238,1000.000,7.616
2.507,2.567,2.439,2.517,2.576,2.616,-1.000,0.500,0.264,0.026,1000.000,7.616,-2.458,-0.246,1000.000,7.616
2.506,2.568,2.437,2.519,2.575,2.618,-1.000,0.500,0.188,0.019,1000.000,7.616,-2.534,-0.253,1000.000,7.616
2.505,2.570,2.436,2.520,2.574,2.620,-1.000,0.500,0.112,0.011,1000.000,7.616,-2.610,-0.261,1000.000,7.616
2.503,2.572,2.435,2.522,2.572,2.622,-1.000,0.500,0.036,0.004,1000.000,7.616,-2.686,-0.269,1000.000,7.616
2.502,2.574,2.433,2.524,2.571,2.624,-1.000,0.500,-0.040,-0.004,1000.000,7.616,-2.762,-0.276,1000.000,7.616
2.501,2.576,2.432,2.526,2.570,2.626,-1.000,0.500,-0.116,-0.012,1000.000,7.616,-2.838,-0.284,1000.000,7.616
2.499,2.578,2.431,2.528,2.568,2.627,-1.000,0.500,-0.192,-0.019,1000.000,7.616,-2.914,-0.291,1000.000,7.616
2.498,2.579,2.429,2.530,2.567,2.629,-1.000,0.500,-0.268,-0.027,1000.000,7.616,-2.990,-0.299,1000.000,7.616
2.497,2.581,2.428,2.532,2.566,2.631,-1.000,0.500,-0.345,-0.034,1000.000,7.616,-3.066,-0.307,1000.000,7.616
2.495,2.583,2.427,2.533,2.564,2.633,-1.000,0.500,-0.420,-0.042,1000.000,7.616,3.141,0.314,1000.000,7.616
2.494,2.585,2.425,2.535,2.563,2.635,-1.000,0.500,-0.496,-0.050,1000.000,7.616,3.065,0.306,1000.000,7.616
2.493,2.587,2.424,2.537,2.562,2.637,-1.000,0.500,-0.573,-0.057,1000.000,7.616,2.989,0.299,1000.000,7.616
2.492,2.589,2.423,2.539,2.560,2.638,-1.000,0.500,-0.649,-0.065,1000.000,7.616,2.913,0.291,1000.000,7.616
2.490,2.591,2.421,2.541,2.559,2.640,-1.000,0.500,-0.725,-0.072,1000.000,7.616,2.837,0.284,1000.000,7.616
2.489,2.592,2.420,2.543,2.558,2.642,-1.000,0.500,-0.801,-0.080,1000.000,7.616,2.761,0.276,1000.000,7.616
2.488,2.594,2.419,2.544,2.556,2.644,-1.000,0.500,-0.877,-0.088,1000.000,7.616,2.685,0.268,1000.000,7.616
2.486,2.596,2.417,2.546,2.555,2.646,-1.000,0.500,-0.953,-0.095,1000.000,7.616,2.609,0.261,1000.000,7.616
2.485,2.598,2.416,2.548,2.554,2.648,-1.000,0.500,-1.029,-0.103,1000.000,7.616,2.532,0.253,1000.000,7.616
2.484,2.600,2.415,2.550,2.552,2.650,-1.000,0.500,-1.105,-0.110,1000.000,7.616,2.456,0.246,1000.000,7.616
2.482,2.602,2.413,2.552,2.551,2.651,-1.000,0.500,-1.181,-0.118,1000.000,7.616,2.380,0.238,1000.000,7.616
2.481,2.603,2.412,2.554,2.550,2.653,-1.000,0.500,-1.257,-0.126,1000.000,7.616,2.304,0.230,1000.000,7.616
2.480,2.605,2.411,2.556,2.548,2.655,-1.000,0.500,-1.333,-0.133,1000.000,7.616,2.228,0.223,1000.000,7.616
2.478,2.607,2.409,2.557,2.547,2.657,-1.000,0.500,-1.409,-0.141,1000.000,7.616,2.152,0.215,1000.000,7.616
2.477,2.609,2.408,2.559,2.546,2.659,-1.000,0.500,-1.485,-0.148,1000.000,7.616,2.076,0.208,1000.000,7.616
2.476,2.611,2.407,2.561,2.544,2.661,-1.000,0.500,-1.561,-0.156,1000.000,7.616,2.000,0.200,1000.000,7.616
2.474,2.613,2.405,2.563,2.543,2.662,-1.000,0.500,-1.637,-0.164,1000.000,7.616,1.924,0.192,1000.000,7.616
2.473,2.615,2.404,2.565,2.542,2.664,-1.000,0.500,-1.713,-0.171,1000.000,7.616,1.848,0.185,1000.000,7.616
2.472,2.616,2.403,2.567,2.540,2.666,-1.000,0.500,-1.789,-0.179,1000.000,7.616,1.772,0.177,1000.000,7.616
2.470,2.618,2.401,2.568,2.539,2.668,-1.000,0.500,-1.865,-0.187,1000.000,7.616,1.696,0.170,1000.000,7.616
2.469,2.620,2.400,2.570,2.538,2.670,-1.000,0.500,-1.941,-0.194,1000.000,7.616,1.620,0.162,1000.000,7.616
2.468,2.622,2.399,2.572,2.536,2.672,-1.000,0.500,-2.017,-0.202,1000.000,7.616,1.544,0.154,1000.000,7.616
2.466,2.624,2.397,2.574,2.535,2.674,-1.000,0.500,-2.093,-0.209,1000.000,7.616,1.468,0.147,1000.000,7.616
2.465,2.626,2.396,2.576,2.534,2.675,-1.000,0.500,-2.169,-0.217,1000.000,7.616,1.391,0.139,1000.000,7.616
2.464,2.627,2.395,2.578,2.533,2.677,-1.000,0.500,-2.245,-0.225,1000.000,7.616,1.315,0.132,1000.000,7.616
2.462,2.629,2.393,2.579,2.531,2.679,-1.000,0.500,-2.321,-0.232,1000.000,7.616,1.239,0.124,1000.000,7.616
2.461,2.631,2.392,2.581,2.530,2.681,-1.000,0.500,-2.397,-0.240,1000.000,7.616,1.163,0.116,1000.000,7.616
2.460,2.633,2.391,2.583,2.529,2.683,-1.000,0.500,-2.473,-0.247,1000.000,7.616,1.087,0.109,1000.000,7.616
2.458,2.635,2.389,2.585,2.527,2.685,-1.000,0.500,-2.549,-0.255,1000.000,7.616,1.011,0.101,1000.000,7.616
2.457,2.637,2.388,2.587,2.526,2.686,-1.000,0.500,-2.626,-0.263,1000.000,7.616,0.935,0.094,1000.000,7.616
2.456,2.638,2.387,2.589,2.525,2.688,-1.000,0.500,-2.702,-0.270,1000.000,7.616,0.859,0.086,1000.000,7.616
2.454,2.640,2.385,2.591,2.523,2.690,-1.000,0.500,-2.778,-0.278,1000.000,7.616,0.783,0.078,1000.000,7.616
2.453,2.642,2.384,2.592,2.522,2.692,-1.000,0.500,-2.854,-0.285,1000.000,7.616,0.707,0.071,1000.000,7.616
2.452,2.644,2.383,2.594,2.521,2.694,-1.000,0.500,-2.930,-0.293,1000.000,7.616,0.631,0.063,1000.000,7.616
2.450,2.646,2.381,2.596,2.519,2.696,-1.000,0.500,-3.006,-0.301,1000.000,7.616,0.555,0.055,1000.000,7.616
2.449,2.648,2.380,2.598,2.518,2.697,-1.000,0.500,-3.082,-0.308,1000.000,7.616,0.479,0.048,1000.000,7.616
2.448,2.650,2.379,2.600,2.517,2.699,-1.000,0.500,3.125,0.313,1000.000,7.616,0.403,0.040,1000.000,7.616
2.446,2.651,2.377,2.602,2.515,2.701,-1.000,0.500,3.049,0.305,1000.000,7.616,0.327,0.033,1000.000,7.616
2.445,2.653,2.376,2.603,2.514,2.703,-1.000,0.500,2.973,0.297,1000.000,7.616,0.250,0.025,1000.000,7.616
2.444,2.655,2.375,2.605,2.513,2.705,-1.000,0.500,2.897,0.290,1000.000,7.616,0.174,0.017,1000.000,7.616
2.442,2.657,2.373,2.607,2.511,2.707,-1.000,0.500,2.821,0.282,1000.000,7.616,0.098,0.010,1000.000,7.616
2.441,2.659,2.372,2.609,2.510,2.709,-1.000,0.500,2.745,0.275,1000.000,7.616,0.022,0.002,1000.000,7.616
2.440,2.661,2.371,2.611,2.509,2.710,-1.000,0.500,2.669,0.267,1000.000,7.616,-0.054,-0.005,1000.000,7.616
2.438,2.662,2.369,2.613,2.507,2.712,-1.000,0.500,2.593,0.259,1000.000,7.616,-0.130,-0.013,1000.000,7.616
2.437,2.664,2.368,2.614,2.506,2.714,-1.000,0.500,2.517,0.252,1000.000,7.616,-0.206,-0.021,1000.000,7.616
2.436,2.666,2.367,2.616,2.505,2.716,-1.000,0.500,2.441,0.244,1000.000,7.616,-0.282,-0.028,1000.000,7.616
2.434,2.668,2.365,2.618,2.503,2.718,-1.000,0.500,2.365,0.237,1000.000,7.616,-0.358,-0.036,1000.000,7.616
2.433,2.670,2.364,2.620,2.502,2.720,-1.000,0.500,2.289,0.229,1000.000,7.616,-0.434,-0.043,1000.000,7.616
2.432,2.672,2.363,2.622,2.501,2.721,-1.000,0.500,2.213,0.221,1000.000,7.616,-0.510,-0.051,1000.000,7.616
2.430,2.673,2.361,2.624,2.499,2.723,-1.000,0.500,2.137,0.214,1000.000,7.616,-0.586,-0.059,1000.000,7.616
2.429,2.675,2.360,2.626,2.498,2.725,-1.000,0.500,2.061,0.206,1000.000,7.616,-0.662,-0.066,1000.000,7.616
2.428,2.677,2.359,2.627,2.497,2.727,-1.000,0.500,1.985,0.198,1000.000,7.616,-0.738,-0.074,1000.000,7.616
2.426,2.679,2.358,2.629,2.495,2.729,-1.000,0.500,1.909,0.191,1000.000,7.616,-0.814,-0.081,1000.000,7.616
2.425,2.681,2.356,2.631,2.494,2.731,-1.000,0.500,1.833,0.183,1000.000,7.616,-0.891,-0.089,1000.000,7.616
2.424,2.683,2.355,2.633,2.493,2.733,-1.000,0.500,1.757,0.176,1000.000,7.616,-0.967,-0.097,1000.000,7.616
2.422,2.685,2.354,2.635,2.491,2.734,-1.000,0.500,1.681,0.168,1000.000,7.616,-1.043,-0.104,1000.000,7.616
2.421,2.686,2.352,2.637,2.490,2.736,-1.000,0.500,1.605,0.160,1000.000,7.616,-1.119,-0.112,1000.000,7.616
2.420,2.688,2.351,2.638,2.489,2.738,-1.000,0.500,1.529,0.153,1000.000,7.616,-1.195,-0.119,1000.000,7.616
2.418,2.690,2.350,2.640,2.487,2.740,-1.000,0.500,1.453,0.145,1000.000,7.616,-1.271,-0.127,1000.000,7.616
2.417,2.692,2.348,2.642,2.486,2.742,-1.000,0.500,1.377,0.138,1000.000,7.616,-1.347,-0.135,1000.000,7.616
2.416,2.694,2.347,2.644,2.485,2.744,-1.000,0.500,1.301,0.130,1000.000,7.616,-1.423,-0.142,1000.000,7.616
2.414,2.696,2.346,2.646,2.483,2.745,-1.000,0.500,1.225,0.122,1000.000,7.616,-1.499,-0.150,1000.000,7.616
2.413,2.697,2.344,2.648,2.482,2.747,-1.000,0.500,1.149,0.115,1000.000,7.616,-1.575,-0.158,1000.000,7.616
2.412,2.699,2.343,2.650,2.481,2.749,-1.000,0.500,1.072,0.107,1000.000,7.616,-1.651,-0.165,1000.000,7.616
2.410,2.701,2.342,2.651,2.479,2.751,-1.000,0.500,0.996,0.100,1000.000,7.616,-1.727,-0.173,1000.000,7.616
2.409,2.703,2.340,2.653,2.478,2.753,-1.000,0.500,0.920,0.092,1000.000,7.616,-1.803,-0.180,1000.000,7.616
2.408,2.705,2.339,2.655,2.477,2.755,-1.000,0.500,0.844,0.084,1000.000,7.616,-1.879,-0.188,1000.000,7.616
2.406,2.707,2.338,2.657,2.475,2.756,-1.000,0.500,0.768,0.077,1000.000,7.616,-1.955,-0.196,1000.000,7.616
2.405,2.709,2.336,2.659,2.474,2.758,-1.000,0.500,0.692,0.069,1000.000,7.616,-2.032,-0.203,1000.000,7.616
2.404,2.710,2.335,2.661,2.473,2.760,-1.000,0.500,0.616,0.062,1000.000,7.616,-2.108,-0.211,1000.000,7.616
2.402,2.712,2.334,2.662,2.471,2.762,-1.000,0.500,0.540,0.054,1000.000,7.616,-2.184,-0.218,1000.000,7.616
2.401,2.714,2.332,2.664,2.470,2.764,-1.000,0.500,0.464,0.046,1000.000,7.616,-2.260,-0.226,1000.000,7.616
2.400,2.716,2.331,2.666,2.469,2.766,-1.000,0.500,0.388,0.039,1000.000,7.616,-2.336,-0.234,1000.000,7.616
2.398,2.718,2.330,2.668,2.467,2.768,-1.000,0.500,0.312,0.031,1000.000,7.616,-2.412,-0.241,1000.000,7.616
2.397,2.720,2.328,2.670,2.466,2.769,-1.000,0.500,0.236,0.024,1000.000,7.616,-2.488,-0.249,1000.000,7.616
2.396,2.721,2.327,2.672,2.465,2.771,-1.000,0.500,0.160,0.016,1000.000,7.616,-2.564,-0.256,1000.000,7.616
2.394,2.723,2.326,2.673,2.463,2.773,-1.000,0.500,0.084,0.008,1000.000,7.616,-2.640,-0.264,1000.000,7.616
2.393,2.725,2.324,2.675,2.462,2.775,-1.000,0.500,0.008,0.001,1000.000,7.616,-2.716,-0.272,1000.000,7.616
2.392,2.727,2.323,2.677,2.461,2.777,-1.000,0.500,-0.068,-0.007,1000.000,7.616,-2.792,-0.279,1000.000,7.616
2.391,2.729,2.322,2.679,2.459,2.779,-1.000,0.500,-0.144,-0.014,1000.000,7.616,-2.868,-0.287,1000.000,7.616
2.389,2.731,2.320,2.681,2.458,2.780,-1.000,0.500,-0.220,-0.022,1000.000,7.616,-2.944,-0.294,1000.000,7.616
2.388,2.732,2.319,2.683,2.457,2.782,-1.000,0.500,-0.296,-0.030,1000.000,7.616,-3.020,-0.302,1000.000,7.616
2.387,2.734,2.318,2.685,2.455,2.784,-1.000,0.500,-0.372,-0.037,1000.000,7.616,-3.096,-0.310,1000.000,7.616
2.385,2.736,2.316,2.686,2.454,2.786,-1.000,0.500,-0.448,-0.045,1000.000,7.616,3.111,0.311,1000.000,7.616
2.384,2.738,2.315,2.688,2.453,2.788,-1.000,0.500,-0.524,-0.052,1000.000,7.616,3.035,0.303,1000.000,7.616
2.383,2.740,2.314,2.690,2.451,2.790,-1.000,0.500,-0.600,-0.060,1000.000,7.616,2.959,0.296,1000.000,7.616
2.381,2.742,2.312,2.692,2.450,2.792,-1.000,0.500,-0.676,-0.068,1000.000,7.616,2.882,0.288,1000.000,7.616
2.380,2.744,2.311,2.694,2.449,2.793,-1.000,0.500,-0.752,-0.075,1000.000,7.616,2.806,0.281,1000.000,7.616
2.379,2.745,2.310,2.696,2.447,2.795,-1.000,0.500,-0.828,-0.083,1000.000,7.616,2.730,0.273,1000.000,7.616
2.377,2.747,2.308,2.697,2.446,2.797,-1.000,0.500,-0.904,-0.090,1000.000,7.616,2.654,0.265,1000.000,7.616
2.376,2.749,2.307,2.699,2.445,2.799,-1.000,0.500,-0.980,-0.098,1000.000,7.616,2.578,0.258,1000.000,7.616
2.375,2.751,2.306,2.701,2.443,2.801,-1.000,0.500,-1.056,-0.106,1000.000,7.616,2.502,0.250,1000.000,7.616
2.373,2.753,2.304,2.703,2.442,2.803,-1.000,0.500,-1.132,-0.113,1000.000,7.616,2.426,0.243,1000.000,7.616
2.372,2.755,2.303,2.705,2.441,2.804,-1.000,0.500,-1.209,-0.121,1000.000,7.616,2.350,0.235,1000.000,7.616
2.371,2.756,2.302,2.707,2.439,2.806,-1.000,0.500,-1.285,-0.128,1000.000,7.616,2.274,0.227,1000.000,7.616
2.369,2.758,2.300,2.708,2.438,2.808,-1.000,0.500,-1.361,-0.136,1000.000,7.616,2.198,0.220,1000.000,7.616
2.368,2.760,2.299,2.710,2.437,2.810,-1.000,0.500,-1.437,-0.144,1000.000,7.616,2.122,0.212,1000.000,7.616
2.367,2.762,2.298,2.712,2.435,2.812,-1.000,0.500,-1.513,-0.151,1000.000,7.616,2.046,0.205,1000.000,7.616
2.365,2.764,2.296,2.714,2.434,2.814,-1.000,0.500,-1.589,-0.159,1000.000,7.616,1.970,0.197,1000.000,7.616
2.364,2.766,2.295,2.716,2.433,2.815,-1.000,0.500,-1.665,-0.166,1000.000,7.616,1.894,0.189,1000.000,7.616
2.363,2.767,2.294,2.718,2.431,2.817,-1.000,0.500,-1.741,-0.174,1000.000,7.616,1.818,0.182,1000.000,7.616
2.361,2.769,2.292,2.720,2.430,2.819,-1.000,0.500,-1.817,-0.182,1000.000,7.616,1.742,0.174,1000.000,7.616
2.360,2.771,2.291,2.721,2.429,2.821,-1.000,0.500,-1.893,-0.189,1000.000,7.616,1.665,0.167,1000.000,7.616
2.359,2.773,2.290,2.723,2.427,2.823,-1.000,0.500,-1.969,-0.197,1000.000,7.616,1.589,0.159,1000.000,7.616
2.357,2.775,2.288,2.725,2.426,2.825,-1.000,0.500,-2.045,-0.204,1000.000,7.616,1.513,0.151,1000.000,7.616
2.356,2.777,2.287,2.727,2.425,2.827,-1.000,0.500,-2.121,-0.212,1000.000,7.616,1.437,0.144,1000.000,7.616
2.355,2.779,2.286,2.729,2.423,2.828,-1.000,0.500,-2.197,-0.220,1000.000,7.616,1.361,0.136,1000.000,7.616
2.353,2.780,2.284,2.731,2.422,2.830,-1.000,0.500,-2.273,-0.227,1000.000,7.616,1.285,0.129,1000.000,7.616
2.352,2.782,2.283,2.732,2.421,2.832,-1.000,0.500,-2.349,-0.235,1000.000,7.616,1.209,0.121,1000.000,7.616
2.351,2.784,2.282,2.734,2.419,2.834,-1.000,0.500,-2.425,-0.243,1000.000,7.616,1.133,0.113,1000.000,7.616
2.349,2.786,2.280,2.736,2.418,2.836,-1.000,0.500,-2.501,-0.250,1000.000,7.616,1.057,0.106,1000.000,7.616
2.348,2.788,2.279,2.738,2.417,2.838,-1.000,0.500,-2.577,-0.258,1000.000,7.616,0.981,0.098,1000.000,7.616
2.347,2.790,2.278,2.740,2.415,2.839,-1.000,0.500,-2.653,-0.265,1000.000,7.616,0.905,0.090,1000.000,7.616
2.345,2.791,2.276,2.742,2.414,2.841,-1.000,0.500,-2.729,-0.273,1000.000,7.616,0.829,0.083,1000.000,7.616
2.344,2.793,2.275,2.743,2.413,2.843,-1.000,0.500,-2.805,-0.281,1000.000,7.616,0.753,0.075,1000.000,7.616
2.343,2.795,2.274,2.745,2.411,2.845,-1.000,0.500,-2.881,-0.288,1000.000,7.616,0.677,0.068,1000.000,7.616
2.341,2.797,2.272,2.747,2.410,2.847,-1.000,0.500,-2.957,-0.296,1000.000,7.616,0.600,0.060,1000.000,7.616
2.340,2.799,2.271,2.749,2.409,2.849,-1.000,0.500,-3.033,-0.303,1000.000,7.616,0.524,0.052,1000.000,7.616
2.339,2.801,2.270,2.751,2.408,2.850,-1.000,0.500,-3.109,-0.311,1000.000,7.616,0.448,0.045,1000.000,7.616
2.337,2.803,2.268,2.753,2.406,2.852,-1.000,0.500,3.098,0.310,1000.000,7.616,0.372,0.037,1000.000,7.616
2.336,2.804,2.267,2.755,2.405,2.854,-1.000,0.500,3.022,0.302,1000.000,7.616,0.296,0.030,1000.000,7.616
2.335,2.806,2.266,2.756,2.404,2.856,-1.000,0.500,2.946,0.295,1000.000,7.616,0.220,0.022,1000.000,7.616
2.333,2.808,2.264,2.758,2.402,2.858,-1.000,0.500,2.870,0.287,1000.000,7.616,0.144,0.014,1000.000,7.616
2.332,2.810,2.263,2.760,2.401,2.860,-1.000,0.500,2.794,0.279,1000.000,7.616,0.068,0.007,1000.000,7.616
2.331,2.812,2.262,2.762,2.400,2.862,-1.000,0.500,2.718,0.272,1000.000,7.616,-0.008,-0.001,1000.000,7.616
2.329,2.814,2.260,2.764,2.398,2.863,-1.000,0.500,2.641,0.264,1000.000,7.616,-0.084,-0.008,1000.000,7.616
2.328,2.815,2.259,2.766,2.397,2.865,-1.000,0.500,2.566,0.257,1000.000,7.616,-0.160,-0.016,1000.000,7.616
2.327,2.817,2.258,2.767,2.396,2.867,-1.000,0.500,2.489,0.249,1000.000,7.616,-0.236,-0.024,1000.000,7.616
2.325,2.819,2.256,2.769,2.394,2.869,-1.000,0.500,2.413,0.241,1000.000,7.616,-0.312,-0.031,1000.000,7.616
2.324,2.821,2.255,2.771,2.393,2.871,-1.000,0.500,2.337,0.234,1000.000,7.616,-0.388,-0.039,1000.000,7.616
2.323,2.823,2.254,2.773,2.392,2.873,-1.000,0.500,2.261,0.226,1000.000,7.616,-0.464,-0.046,1000.000,7.616
2.321,2.825,2.252,2.775,2.390,2.874,-1.000,0.500,2.185,0.219,1000.000,7.616,-0.540,-0.054,1000.000,7.616
2.320,2.826,2.251,2.777,2.389,2.876,-1.000,0.500,2.109,0.211,1000.000,7.616,-0.617,-0.062,1000.000,7.616
2.319,2.828,2.250,2.778,2.388,2.878,-1.000,0.500,2.033,0.203,1000.000,7.616,-0.693,-0.069,1000.000,7.616
2.317,2.830,2.249,2.780,2.386,2.880,-1.000,0.500,1.957,0.196,1000.000,7.616,-0.769,-0.077,1000.000,7.616
2.316,2.832,2.247,2.782,2.385,2.882,-1.000,0.500,1.881,0.188,1000.000,7.616,-0.845,-0.084,1000.000,7.616
2.315,2.834,2.246,2.784,2.384,2.884,-1.000,0.500,1.805,0.181,1000.000,7.616,-0.921,-0.092,1000.000,7.616
2.313,2.836,2.245,2.786,2.382,2.886,-1.000,0.500,1.729,0.173,1000.000,7.616,-0.997,-0.100,1000.000,7.616
2.312,2.838,2.243,2.788,2.381,2.887,-1.000,0.500,1.653,0.165,1000.000,7.616,-1.073,-0.107,1000.000,7.616
2.311,2.839,2.242,2.790,2.380,2.889,-1.000,0.500,1.577,0.158,1000.000,7.616,-1.149,-0.115,1000.000,7.616
2.309,2.841,2.241,2.791,2.378,2.891,-1.000,0.500,1.501,0.150,1000.000,7.616,-1.225,-0.123,1000.000,7.616
2.308,2.843,2.239,2.793,2.377,2.893,-1.000,0.500,1.425,0.142,1000.000,7.616,-1.301,-0.130,1000.000,7.616
2.307,2.845,2.238,2.795,2.376,2.895,-1.000,0.500,1.349,0.135,1000.000,7.616,-1.377,-0.138,1000.000,7.616
2.305,2.847,2.237,2.797,2.374,2.897,-1.000,0.500,1.273,0.127,1000.000,7.616,-1.453,-0.145,1000.000,7.616
2.304,2.849,2.235,2.799,2.373,2.898,-1.000,0.500,1.197,0.120,1000.000,7.616,-1.529,-0.153,1000.000,7.616
2.303,2.850,2.234,2.801,2.372,2.900,-1.000,0.500,1.121,0.112,1000.000,7.616,-1.605,-0.161,1000.000,7.616
2.301,2.852,2.233,2.802,2.370,2.902,-1.000,0.500,1.045,0.104,1000.000,7.616,-1.682,-0.168,1000.000,7.616
2.300,2.854,2.231,2.804,2.369,2.904,-1.000,0.500,0.969,0.097,1000.000,7.616,-1.758,-0.176,1000.000,7.616
2.299,2.856,2.230,2.806,2.368,2.906,-1.000,0.500,0.893,0.089,1000.000,7.616,-1.834,-0.183,1000.000,7.616
2.297,2.858,2.229,2.808,2.366,2.908,-1.000,0.500,0.817,0.082,1000.000,7.616,-1.910,-0.191,1000.000,7.616
2.296,2.860,2.227,2.810,2.365,2.909,-1.000,0.500,0.741,0.074,1000.000,7.616,-1.986,-0.199,1000.000,7.616
2.295,2.861,2.226,2.812,2.364,2.911,-1.000,0.500,0.665,0.066,1000.000,7.616,-2.062,-0.206,1000.000,7.616
2.293,2.863,2.225,2.813,2.362,2.913,-1.000,0.500,0.589,0.059,1000.000,7.616,-2.138,-0.214,1000.000,7.616
2.292,2.865,2.223,2.815,2.361,2.915,-1.000,0.500,0.513,0.051,1000.000,7.616,-2.214,-0.221,1000.000,7.616
2.291,2.867,2.222,2.817,2.360,2.917,-1.000,0.500,0.436,0.044,1000.000,7.616,-2.290,-0.229,1000.000,7.616
2.289,2.869,2.221,2.819,2.358,2.919,-1.000,0.500,0.360,0.036,1000.000,7.616,-2.366,-0.237,1000.000,7.616
2.288,2.871,2.219,2.821,2.357,2.921,-1.000,0.500,0.284,0.028,1000.000,7.616,-2.442,-0.244,1000.000,7.616
2.287,2.873,2.218,2.823,2.356,2.922,-1.000,0.500,0.208,0.021,1000.000,7.616,-2.518,-0.252,1000.000,7.616
2.285,2.874,2.217,2.825,2.354,2.924,-1.000,0.500,0.132,0.013,1000.000,7.616,-2.594,-0.259,1000.000,7.616
2.284,2.876,2.215,2.826,2.353,2.926,-1.000,0.500,0.056,0.006,1000.000,7.616,-2.670,-0.267,1000.000,7.616
2.283,2.878,2.214,2.828,2.352,2.928,-1.000,0.500,-0.020,-0.002,1000.000,7.616,-2.746,-0.275,1000.000,7.616
2.281,2.880,2.213,2.830,2.350,2.930,-1.000,0.500,-0.096,-0.010,1000.000,7.616,-2.822,-0.282,1000.000,7.616
2.280,2.882,2.211,2.832,2.349,2.932,-1.000,0.500,-0.172,-0.017,1000.000,7.616,-2.899,-0.290,1000.000,7.616
2.279,2.884,2.210,2.834,2.348,2.933,-1.000,0.500,-0.248,-0.025,1000.000,7.616,-2.975,-0.297,1000.000,7.616
2.277,2.885,2.209,2.836,2.346,2.935,-1.000,0.500,-0.324,-0.032,1000.000,7.616,-3.051,-0.305,1000.000,7.616
2.276,2.887,2.207,2.837,2.345,2.937,-1.000,0.500,-0.400,-0.040,1000.000,7.616,-3.127,-0.313,1000.000,7.616
2.275,2.889,2.206,2.839,2.344,2.939,-1.000,0.500,-0.476,-0.048,1000.000,7.616,3.080,0.308,1000.000,7.616
2.273,2.891,2.205,2.841,2.342,2.941,-1.000,0.500,-0.552,-0.055,1000.000,7.616,3.004,0.300,1000.000,7.616
2.272,2.893,2.203,2.843,2.341,2.943,-1.000,0.500,-0.628,-0.063,1000.000,7.616,2.928,0.293,1000.000,7.616
2.271,2.895,2.202,2.845,2.340,2.944,-1.000,0.500,-0.704,-0.070,1000.000,7.616,2.852,0.285,1000.000,7.616
2.269,2.896,2.201,2.847,2.338,2.946,-1.000,0.500,-0.780,-0.078,1000.000,7.616,2.776,0.278,1000.000,7.616
2.268,2.898,2.199,2.848,2.337,2.948,-1.000,0.500,-0.856,-0.086,1000.000,7.616,2.700,0.270,1000.000,7.616
2.267,2.900,2.198,2.850,2.336,2.950,-1.000,0.500,-0.932,-0.093,1000.000,7.616,2.624,0.262,1000.000,7.616
2.265,2.902,2.197,2.852,2.334,2.952,-1.000,0.500,-1.008,-0.101,1000.000,7.616,2.548,0.255,1000.000,7.616
2.264,2.904,2.195,2.854,2.333,2.954,-1.000,0.500,-1.084,-0.108,1000.000,7.616,2.472,0.247,1000.000,7.616
2.263,2.906,2.194,2.856,2.332,2.956,-1.000,0.500,-1.160,-0.116,1000.000,7.616,2.396,0.240,1000.000,7.616
2.261,2.908,2.193,2.858,2.330,2.957,-1.000,0.500,-1.236,-0.124,1000.000,7.616,2.320,0.232,1000.000,7.616
2.260,2.909,2.191,2.859,2.329,2.959,-1.000,0.500,-1.312,-0.131,1000.000,7.616,2.244,0.224,1000.000,7.616
2.259,2.911,2.190,2.861,2.328,2.961,-1.000,0.500,-1.388,-0.139,1000.000,7.616,2.168,0.217,1000.000,7.616
2.257,2.913,2.189,2.863,2.326,2.963,-1.000,0.500,-1.464,-0.146,1000.000,7.616,2.092,0.209,1000.000,7.616
2.256,2.915,2.187,2.865,2.325,2.965,-1.000,0.500,-1.540,-0.154,1000.000,7.616,2.015,0.202,1000.000,7.616
2.255,2.917,2.186,2.867,2.324,2.967,-1.000,0.500,-1.616,-0.162,1000.000,7.616,1.939,0.194,1000.000,7.616
2.253,2.919,2.185,2.869,2.322,2.968,-1.000,0.500,-1.692,-0.169,1000.000,7.616,1.863,0.186,1000.000,7.616
2.252,2.920,2.183,2.871,2.321,2.970,-1.000,0.500,-1.769,-0.177,1000.000,7.616,1.787,0.179,1000.000,7.616
2.251,2.922,2.182,2.872,2.320,2.972,-1.000,0.500,-1.845,-0.184,1000.000,7.616,1.711,0.171,1000.000,7.616
2.249,2.924,2.181,2.874,2.318,2.974,-1.000,0.500,-1.921,-0.192,1000.000,7.616,1.635,0.164,1000.000,7.616
2.248,2.926,2.179,2.876,2.317,2.976,-1.000,0.500,-1.997,-0.200,1000.000,7.616,1.559,0.156,1000.000,7.616
2.247,2.928,2.178,2.878,2.316,2.978,-1.000,0.500,-2.073,-0.207,1000.000,7.616,1.483,0.148,1000.000,7.616
2.245,2.930,2.177,2.880,2.314,2.979,-1.000,0.500,-2.149,-0.215,1000.000,7.616,1.407,0.141,1000.000,7.616
2.244,2.931,2.175,2.882,2.313,2.981,-1.000,0.500,-2.225,-0.222,1000.000,7.616,1.331,0.133,1000.000,7.616
2.243,2.933,2.174,2.883,2.312,2.983,-1.000,0.500,-2.301,-0.230,1000.000,7.616,1.255,0.125,1000.000,7.616
2.241,2.935,2.173,2.885,2.310,2.985,-1.000,0.500,-2.377,-0.238,1000.000,7.616,1.179,0.118,1000.000,7.616
2.240,2.937,2.171,2.887,2.309,2.987,-1.000,0.500,-2.453,-0.245,1000.000,7.616,1.103,0.110,1000.000,7.616
2.239,2.939,2.170,2.889,2.308,2.989,-1.000,0.500,-2.529,-0.253,1000.000,7.616,1.027,0.103,1000.000,7.616
2.238,2.941,2.169,2.891,2.306,2.991,-1.000,0.500,-2.605,-0.260,1000.000,7.616,0.950,0.095,1000.000,7.616
2.236,2.943,2.167,2.893,2.305,2.992,-1.000,0.500,-2.681,-0.268,1000.000,7.616,0.875,0.087,1000.000,7.616
2.235,2.944,2.166,2.894,2.304,2.994,-1.000,0.500,-2.757,-0.276,1000.000,7.616,0.798,0.080,1000.000,7.616
2.234,2.946,2.165,2.896,2.302,2.996,-1.000,0.500,-2.833,-0.283,1000.000,7.616,0.722,0.072,1000.000,7.616
2.232,2.948,2.163,2.898,2.301,2.998,-1.000,0.500,-2.909,-0.291,1000.000,7.616,0.646,0.065,1000.000,7.616
2.231,2.950,2.162,2.900,2.300,3.000,-1.000,0.500,-2.985,-0.299,1000.000,7.616,0.570,0.057,1000.000,7.616
2.230,2.952,2.161,2.902,2.298,3.002,-1.000,0.500,-3.061,-0.306,1000.000,7.616,0.494,0.049,1000.000,7.616
2.228,2.954,2.159,2.904,2.297,3.003,-1.000,0.500,-3.137,-0.314,1000.000,7.616,0.418,0.042,1000.000,7.616
2.227,2.955,2.158,2.906,2.296,3.005,-1.000,0.500,3.070,0.307,1000.000,7.616,0.342,0.034,1000.000,7.616
2.226,2.957,2.157,2.907,2.294,3.007,-1.000,0.500,2.994,0.299,1000.000,7.616,0.266,0.027,1000.000,7.616
2.224,2.959,2.155,2.909,2.293,3.009,-1.000,0.500,2.918,0.292,1000.000,7.616,0.190,0.019,1000.000,7.616
2.223,2.961,2.154,2.911,2.292,3.011,-1.000,0.500,2.842,0.284,1000.000,7.616,0.114,0.011,1000.000,7.616
2.222,2.963,2.153,2.913,2.290,3.013,-1.000,0.500,2.766,0.277,1000.000,7.616,0.038,0.004,1000.000,7.616
2.220,2.965,2.151,2.915,2.289,3.014,-1.000,0.500,2.690,0.269,1000.000,7.616,-0.038,-0.004,1000.000,7.616
2.219,2.966,2.150,2.917,2.288,3.016,-1.000,0.500,2.614,0.261,1000.000,7.616,-0.114,-0.011,1000.000,7.616
2.218,2.968,2.149,2.918,2.286,3.018,-1.000,0.500,2.538,0.254,1000.000,7.616,-0.190,-0.019,1000.000,7.616
2.216,2.970,2.147,2.920,2.285,3.020,-1.000,0.500,2.462,0.246,1000.000,7.616,-0.267,-0.027,1000.000,7.616
2.215,2.972,2.146,2.922,2.284,3.022,-1.000,0.500,2.386,0.239,1000.000,7.616,-0.343,-0.034,1000.000,7.616
2.214,2.974,2.145,2.924,2.282,3.024,-1.000,0.500,2.310,0.231,1000.000,7.616,-0.419,-0.042,1000.000,7.616
2.212,2.976,2.143,2.926,2.281,3.026,-1.000,0.500,2.234,0.223,1000.000,7.616,-0.495,-0.049,1000.000,7.616
2.211,2.977,2.142,2.928,2.280,3.027,-1.000,0.500,2.158,0.216,1000.000,7.616,-0.571,-0.057,1000.000,7.616
2.210,2.979,2.141,2.929,2.278,3.029,-1.000,0.500,2.081,0.208,1000.000,7.616,-0.647,-0.065,1000.000,7.616
2.208,2.981,2.139,2.931,2.277,3.031,-1.000,0.500,2.006,0.201,1000.000,7.616,-0.723,-0.072,1000.000,7.616
2.207,2.983,2.138,2.933,2.276,3.033,-1.000,0.500,1.929,0.193,1000.000,7.616,-0.799,-0.080,1000.000,7.616
2.206,2.985,2.137,2.935,2.274,3.035,-1.000,0.500,1.853,0.185,1000.000,7.616,-0.875,-0.088,1000.000,7.616
2.204,2.987,2.135,2.937,2.273,3.037,-1.000,0.500,1.777,0.178,1000.000,7.616,-0.951,-0.095,1000.000,7.616
2.203,2.989,2.134,2.939,2.272,3.038,-1.000,0.500,1.701,0.170,1000.000,7.616,-1.027,-0.103,1000.000,7.616
2.202,2.990,2.133,2.940,2.270,3.040,-1.000,0.500,1.625,0.163,1000.000,7.616,-1.103,-0.110,1000.000,7.616
2.200,2.992,2.131,2.942,2.269,3.042,-1.000,0.500,1.549,0.155,1000.000,7.616,-1.179,-0.118,1000.000,7.616
2.199,2.994,2.130,2.944,2.268,3.044,-1.000,0.500,1.473,0.147,1000.000,7.616,-1.255,-0.126,1000.000,7.616
2.198,2.996,2.129,2.946,2.266,3.046,-1.000,0.500,1.397,0.140,1000.000,7.616,-1.332,-0.133,1000.000,7.616
2.196,2.998,2.127,2.948,2.265,3.048,-1.000,0.500,1.321,0.132,1000.000,7.616,-1.407,-0.141,1000.000,7.616
2.195,3.000,2.126,2.950,2.264,3.049,-1.000,0.500,1.245,0.125,1000.000,7.616,-1.484,-0.148,1000.000,7.616
2.194,3.001,2.125,2.952,2.262,3.051,-1.000,0.500,1.169,0.117,1000.000,7.616,-1.560,-0.156,1000.000,7.616
2.192,3.003,2.123,2.953,2.261,3.053,-1.000,0.500,1.093,0.109,1000.000,7.616,-1.636,-0.164,1000.000,7.616
2.191,3.005,2.122,2.955,2.260,3.055,-1.000,0.500,1.017,0.102,1000.000,7.616,-1.712,-0.171,1000.000,7.616
2.190,3.007,2.121,2.957,2.258,3.057,-1.000,0.500,0.941,0.094,1000.000,7.616,-1.788,-0.179,1000.000,7.616
2.188,3.009,2.119,2.959,2.257,3.059,-1.000,0.500,0.865,0.086,1000.000,7.616,-1.864,-0.186,1000.000,7.616
2.187,3.011,2.118,2.961,2.256,3.061,-1.000,0.500,0.789,0.079,1000.000,7.616,-1.940,-0.194,1000.000,7.616
2.186,3.012,2.117,2.963,2.254,3.062,-1.000,0.500,0.713,0.071,1000.000,7.616,-2.016,-0.202,1000.000,7.616
2.184,3.014,2.115,2.964,2.253,3.064,-1.000,0.500,0.637,0.064,1000.000,7.616,-2.092,-0.209,1000.000,7.616
2.183,3.016,2.114,2.966,2.252,3.066,-1.000,0.500,0.561,0.056,1000.000,7.616,-2.168,-0.217,1000.000,7.616
2.182,3.018,2.113,2.968,2.250,3.068,-1.000,0.500,0.485,0.048,1000.000,7.616,-2.244,-0.224,1000.000,7.616
2.180,3.020,2.111,2.970,2.249,3.070,-1.000,0.500,0.409,0.041,1000.000,7.616,-2.320,-0.232,1000.000,7.616
2.179,3.022,2.110,2.972,2.248,3.072,-1.000,0.500,0.333,0.033,1000.000,7.616,-2.396,-0.240,1000.000,7.616
2.178,3.024,2.109,2.974,2.246,3.073,-1.000,0.500,0.257,0.026,1000.000,7.616,-2.472,-0.247,1000.000,7.616
2.176,3.025,2.107,2.975,2.245,3.075,-1.000,0.500,0.181,0.018,1000.000,7.616,-2.549,-0.255,1000.000,7.616
2.175,3.027,2.106,2.977,2.244,3.077,-1.000,0.500,0.105,0.010,1000.000,7.616,-2.625,-0.262,1000.000,7.616
2.174,3.029,2.105,2.979,2.242,3.079,-1.000,0.500,0.029,0.003,1000.000,7.616,-2.701,-0.270,1000.000,7.616
2.172,3.031,2.103,2.981,2.241,3.081,-1.000,0.500,-0.047,-0.005,1000.000,7.616,-2.777,-0.278,1000.000,7.616
2.171,3.033,2.102,2.983,2.240,3.083,-1.000,0.500,-0.123,-0.012,1000.000,7.616,-2.853,-0.285,1000.000,7.616
2.170,3.035,2.101,2.985,2.238,3.084,-1.000,0.500,-0.200,-0.020,1000.000,7.616,-2.929,-0.293,1000.000,7.616
2.168,3.036,2.099,2.987,2.237,3.086,-1.000,0.500,-0.275,-0.028,1000.000,7.616,-3.005,-0.300,1000.000,7.616
2.167,3.038,2.098,2.988,2.236,3.088,-1.000,0.500,-0.352,-0.035,1000.000,7.616,-3.081,-0.308,1000.000,7.616
2.166,3.040,2.097,2.990,2.234,3.090,-1.000,0.500,-0.428,-0.043,1000.000,7.616,3.126,0.313,1000.000,7.616
2.164,3.042,2.095,2.992,2.233,3.092,-1.000,0.500,-0.504,-0.050,1000.000,7.616,3.050,0.305,1000.000,7.616
2.163,3.044,2.094,2.994,2.232,3.094,-1.000,0.500,-0.580,-0.058,1000.000,7.616,2.974,0.297,1000.000,7.616
2.162,3.046,2.093,2.996,2.230,3.096,-1.000,0.500,-0.656,-0.066,1000.000,7.616,2.898,0.290,1000.000,7.616
2.160,3.047,2.091,2.998,2.229,3.097,-1.000,0.500,-0.732,-0.073,1000.000,7.616,2.822,0.282,1000.000,7.616
2.159,3.049,2.090,2.999,2.228,3.099,-1.000,0.500,-0.808,-0.081,1000.000,7.616,2.746,0.275,1000.000,7.616
2.158,3.051,2.089,3.001,2.226,3.101,-1.000,0.500,-0.884,-0.088,1000.000,7.616,2.670,0.267,1000.000,7.616
2.156,3.053,2.087,3.003,2.225,3.103,-1.000,0.500,-0.960,-0.096,1000.000,7.616,2.594,0.259,1000.000,7.616
2.155,3.055,2.086,3.005,2.224,3.105,-1.000,0.500,-1.036,-0.104,1000.000,7.616,2.518,0.252,1000.000,7.616
2.154,3.057,2.085,3.007,2.222,3.107,-1.000,0.500,-1.112,-0.111,1000.000,7.616,2.442,0.244,1000.000,7.616
2.152,3.059,2.083,3.009,2.221,3.108,-1.000,0.500,-1.188,-0.119,1000.000,7.616,2.365,0.237,1000.000,7.616
2.151,3.060,2.082,3.010,2.220,3.110,-1.000,0.500,-1.264,-0.126,1000.000,7.616,2.289,0.229,1000.000,7.616
2.150,3.062,2.081,3.012,2.218,3.112,-1.000,0.500,-1.340,-0.134,1000.000,7.616,2.213,0.221,1000.000,7.616
2.148,3.064,2.079,3.014,2.217,3.114,-1.000,0.500,-1.416,-0.142,1000.000,7.616,2.137,0.214,1000.000,7.616
2.147,3.066,2.078,3.016,2.216,3.116,-1.000,0.500,-1.492,-0.149,1000.000,7.616,2.061,0.206,1000.000,7.616
2.146,3.068,2.077,3.018,2.214,3.118,-1.000,0.500,-1.568,-0.157,1000.000,7.616,1.985,0.199,1000.000,7.616
2.144,3.070,2.075,3.020,2.213,3.119,-1.000,0.500,-1.644,-0.164,1000.000,7.616,1.909,0.191,1000.000,7.616
2.143,3.071,2.074,3.021,2.212,3.121,-1.000,0.500,-1.720,-0.172,1000.000,7.616,1.833,0.183,1000.000,7.616
2.142,3.073,2.073,3.023,2.210,3.123,-1.000,0.500,-1.796,-0.180,1000.000,7.616,1.757,0.176,1000.000,7.616
2.140,3.075,2.071,3.025,2.209,3.125,-1.000,0.500,-1.872,-0.187,1000.000,7.616,1.681,0.168,1000.000,7.616
2.139,3.077,2.070,3.027,2.208,3.127,-1.000,0.500,-1.948,-0.195,1000.000,7.616,1.605,0.160,1000.000,7.616
2.138,3.079,2.069,3.029,2.206,3.129,-1.000,0.500,-2.024,-0.202,1000.000,7.616,1.529,0.153,1000.000,7.616
2.136,3.081,2.067,3.031,2.205,3.131,-1.000,0.500,-2.100,-0.210,1000.000,7.616,1.453,0.145,1000.000,7.616
2.135,3.082,2.066,3.033,2.204,3.132,-1.000,0.500,-2.176,-0.218,1000.000,7.616,1.377,0.138,1000.000,7.616
2.134,3.084,2.065,3.034,2.202,3.134,-1.000,0.500,-2.252,-0.225,1000.000,7.616,1.301,0.130,1000.000,7.616
2.132,3.086,2.063,3.036,2.201,3.136,-1.000,0.500,-2.328,-0.233,1000.000,7.616,1.225,0.122,1000.000,7.616
2.131,3.088,2.062,3.038,2.200,3.138,-1.000,0.500,-2.404,-0.240,1000.000,7.616,1.148,0.115,1000.000,7.616
2.130,3.090,2.061,3.040,2.198,3.140,-1.000,0.500,-2.481,-0.248,1000.000,7.616,1.072,0.107,1000.000,7.616
2.128,3.092,2.059,3.042,2.197,3.142,-1.000,0.500,-2.556,-0.256,1000.000,7.616,0.996,0.100,1000.000,7.616
2.127,3.093,2.058,3.044,2.196,3.143,-1.000,0.500,-2.633,-0.263,1000.000,7.616,0.920,0.092,1000.000,7.616
2.126,3.095,2.057,3.045,2.194,3.145,-1.000,0.500,-2.709,-0.271,1000.000,7.616,0.844,0.084,1000.000,7.616
2.124,3.097,2.055,3.047,2.193,3.147,-1.000,0.500,-2.785,-0.278,1000.000,7.616,0.768,0.077,1000.000,7.616
2.123,3.099,2.054,3.049,2.192,3.149,-1.000,0.500,-2.861,-0.286,1000.000,7.616,0.692,0.069,1000.000,7.616
2.122,3.101,2.053,3.051,2.190,3.151,-1.000,0.500,-2.937,-0.294,1000.000,7.616,0.616,0.062,1000.000,7.616
2.120,3.103,2.051,3.053,2.189,3.153,-1.000,0.500,-3.013,-0.301,1000.000,7.616,0.540,0.054,1000.000,7.616
2.119,3.105,2.050,3.055,2.188,3.154,-1.000,0.500,-3.089,-0.309,1000.000,7.616,0.464,0.046,1000.000,7.616
2.118,3.106,2.049,3.056,2.186,3.156,-1.000,0.500,3.118,0.312,1000.000,7.616,0.388,0.039,1000.000,7.616
2.116,3.108,2.047,3.058,2.185,3.158,-1.000,0.500,3.042,0.304,1000.000,7.616,0.312,0.031,1000.000,7.616
2.115,3.110,2.046,3.060,2.184,3.160,-1.000,0.500,2.966,0.297,1000.000,7.616,0.236,0.024,1000.000,7.616
2.114,3.112,2.045,3.062,2.182,3.162,-1.000,0.500,2.890,0.289,1000.000,7.616,0.160,0.016,1000.000,7.616
2.112,3.114,2.043,3.064,2.181,3.164,-1.000,0.500,2.814,0.281,1000.000,7.616,0.083,0.008,1000.000,7.616
2.111,3.116,2.042,3.066,2.180,3.166,-1.000,0.500,2.738,0.274,1000.000,7.616,0.007,0.001,1000.000,7.616
2.110,3.117,2.041,3.067,2.178,3.167,-1.000,0.500,2.662,0.266,1000.000,7.616,-0.069,-0.007,1000.000,7.616
2.108,3.119,2.039,3.069,2.177,3.169,-1.000,0.500,2.586,0.259,1000.000,7.616,-0.145,-0.014,1000.000,7.616
2.107,3.121,2.038,3.071,2.176,3.171,-1.000,0.500,2.510,0.251,1000.000,7.616,-0.221,-0.022,1000.000,7.616
2.106,3.123,2.037,3.073,2.174,3.173,-1.000,0.500,2.434,0.243,1000.000,7.616,-0.297,-0.030,1000.000,7.616
2.104,3.125,2.035,3.075,2.173,3.175,-1.000,0.500,2.358,0.236,1000.000,7.616,-0.373,-0.037,1000.000,7.616
2.103,3.127,2.034,3.077,2.172,3.177,-1.000,0.500,2.282,0.228,1000.000,7.616,-0.449,-0.045,1000.000,7.616
2.102,3.128,2.033,3.079,2.170,3.178,-1.000,0.500,2.206,0.221,1000.000,7.616,-0.525,-0.053,1000.000,7.616
2.100,3.130,2.031,3.080,2.169,3.180,-1.000,0.500,2.130,0.213,1000.000,7.616,-0.601,-0.060,1000.000,7.616
2.099,3.132,2.030,3.082,2.168,3.182,-1.000,0.500,2.054,0.205,1000.000,7.616,-0.677,-0.068,1000.000,7.616
2.098,3.134,2.029,3.084,2.166,3.184,-1.000,0.500,1.978,0.198,1000.000,7.616,-0.753,-0.075,1000.000,7.616
2.096,3.136,2.028,3.086,2.165,3.186,-1.000,0.500,1.902,0.190,1000.000,7.616,-0.829,-0.083,1000.000,7.616
2.095,3.138,2.026,3.088,2.164,3.188,-1.000,0.500,1.826,0.183,1000.000,7.616,-0.905,-0.091,1000.000,7.616
2.094,3.139,2.025,3.090,2.162,3.189,-1.000,0.500,1.750,0.175,1000.000,7.616,-0.981,-0.098,1000.000,7.616
2.092,3.141,2.024,3.091,2.161,3.191,-1.000,0.500,1.674,0.167,1000.000,7.616,-1.057,-0.106,1000.000,7.616
2.091,3.143,2.022,3.093,2.160,3.193,-1.000,0.500,1.598,0.160,1000.000,7.616,-1.134,-0.113,1000.000,7.616
2.090,3.145,2.021,3.095,2.158,3.195,-1.000,0.500,1.522,0.152,1000.000,7.616,-1.210,-0.121,1000.000,7.616
2.088,3.147,2.020,3.097,2.157,3.197,-1.000,0.500,1.446,0.145,1000.000,7.616,-1.286,-0.129,1000.000,7.616
2.087,3.149,2.018,3.099,2.156,3.199,-1.000,0.500,1.370,0.137,1000.000,7.616,-1.362,-0.136,1000.000,7.616
2.086,3.151,2.017,3.101,2.154,3.200,-1.000,0.500,1.294,0.129,1000.000,7.616,-1.438,-0.144,1000.000,7.616
2.084,3.152,2.016,3.102,2.153,3.202,-1.000,0.500,1.217,0.122,1000.000,7.616,-1.514,-0.151,1000.000,7.616
2.083,3.154,2.014,3.104,2.152,3.204,-1.000,0.500,1.141,0.114,1000.000,7.616,-1.590,-0.159,1000.000,7.616
2.082,3.156,2.013,3.106,2.150,3.206,-1.000,0.500,1.065,0.107,1000.000,7.616,-1.666,-0.167,1000.000,7.616
2.080,3.158,2.012,3.108,2.149,3.208,-1.000,0.500,0.989,0.099,1000.000,7.616,-1.742,-0.174,1000.000,7.616
2.079,3.160,2.010,3.110,2.148,3.210,-1.000,0.500,0.913,0.091,1000.000,7.616,-1.818,-0.182,1000.000,7.616
2.078,3.162,2.009,3.112,2.146,3.212,-1.000,0.500,0.837,0.084,1000.000,7.616,-1.894,-0.189,1000.000,7.616
2.076,3.163,2.008,3.113,2.145,3.213,-1.000,0.500,0.761,0.076,1000.000,7.616,-1.970,-0.197,1000.000,7.616
2.075,3.165,2.006,3.115,2.144,3.215,-1.000,0.500,0.685,0.069,1000.000,7.616,-2.046,-0.205,1000.000,7.616
2.074,3.167,2.005,3.117,2.142,3.217,-1.000,0.500,0.609,0.061,1000.000,7.616,-2.122,-0.212,1000.000,7.616
2.072,3.169,2.004,3.119,2.141,3.219,-1.000,0.500,0.533,0.053,1000.000,7.616,-2.198,-0.220,1000.000,7.616
2.071,3.171,2.002,3.121,2.140,3.221,-1.000,0.500,0.457,0.046,1000.000,7.616,-2.275,-0.227,1000.000,7.616
2.070,3.173,2.001,3.123,2.138,3.223,-1.000,0.500,0.381,0.038,1000.000,7.616,-2.351,-0.235,1000.000,7.616
2.068,3.174,2.000,3.125,2.137,3.224,-1.000,0.500,0.305,0.031,1000.000,7.616,-2.427,-0.243,1000.000,7.616
2.067,3.176,1.998,3.126,2.136,3.226,-1.000,0.500,0.229,0.023,1000.000,7.616,-2.503,-0.250,1000.000,7.616
2.066,3.178,1.997,3.128,2.134,3.228,-1.000,0.500,0.153,0.015,1000.000,7.616,-2.579,-0.258,1000.000,7.616
2.064,3.180,1.996,3.130,2.133,3.230,-1.000,0.500,0.077,0.008,1000.000,7.616,-2.655,-0.265,1000.000,7.616
2.063,3.182,1.994,3.132,2.132,3.232,-1.000,0.500,0.001,0.000,1000.000,7.616,-2.731,-0.273,1000.000,7.616
2.062,3.184,1.993,3.134,2.130,3.234,-1.000,0.500,-0.075,-0.008,1000.000,7.616,-2.807,-0.281,1000.000,7.616
2.060,3.186,1.992,3.136,2.129,3.235,-1.000,0.500,-0.151,-0.015,1000.000,7.616,-2.883,-0.288,1000.000,7.616
2.059,3.187,1.990,3.137,2.128,3.237,-1.000,0.500,-0.227,-0.023,1000.000,7.616,-2.959,-0.296,1000.000,7.616
2.058,3.189,1.989,3.139,2.126,3.239,-1.000,0.500,-0.303,-0.030,1000.000,7.616,-3.035,-0.304,1000.000,7.616
2.056,3.191,1.988,3.141,2.125,3.241,-1.000,0.500,-0.379,-0.038,1000.000,7.616,-3.111,-0.311,1000.000,7.616
2.055,3.193,1.986,3.143,2.124,3.243,-1.000,0.500,-0.455,-0.046,1000.000,7.616,3.096,0.310,1000.000,7.616
2.054,3.195,1.985,3.145,2.122,3.245,-1.000,0.500,-0.531,-0.053,1000.000,7.616,3.020,0.302,1000.000,7.616
2.052,3.197,1.984,3.147,2.121,3.247,-1.000,0.500,-0.607,-0.061,1000.000,7.616,2.944,0.294,1000.000,7.616
2.051,3.198,1.982,3.148,2.120,3.248,-1.000,0.500,-0.683,-0.068,1000.000,7.616,2.868,0.287,1000.000,7.616
2.050,3.200,1.981,3.150,2.118,3.250,-1.000,0.500,-0.759,-0.076,1000.000,7.616,2.792,0.279,1000.000,7.616
2.048,3.202,1.980,3.152,2.117,3.252,-1.000,0.500,-0.835,-0.084,1000.000,7.616,2.716,0.272,1000.000,7.616
2.047,3.204,1.978,3.154,2.116,3.254,-1.000,0.500,-0.911,-0.091,1000.000,7.616,2.639,0.264,1000.000,7.616
2.046,3.206,1.977,3.156,2.114,3.256,-1.000,0.500,-0.987,-0.099,1000.000,7.616,2.563,0.256,1000.000,7.616
2.044,3.208,1.976,3.158,2.113,3.258,-1.000,0.500,-1.064,-0.106,1000.000,7.616,2.487,0.249,1000.000,7.616
2.043,3.209,1.974,3.159,2.112,3.259,-1.000,0.500,-1.140,-0.114,1000.000,7.616,2.411,0.241,1000.000,7.616
2.042,3.211,1.973,3.161,2.110,3.261,-1.000,0.500,-1.216,-0.122,1000.000,7.616,2.335,0.234,1000.000,7.616
2.040,3.213,1.972,3.163,2.109,3.263,-1.000,0.500,-1.292,-0.129,1000.000,7.616,2.259,0.226,1000.000,7.616
2.039,3.215,1.970,3.165,2.108,3.265,-1.000,0.500,-1.368,-0.137,1000.000,7.616,2.183,0.218,1000.000,7.616
2.038,3.217,1.969,3.167,2.106,3.267,-1.000,0.500,-1.444,-0.144,1000.000,7.616,2.107,0.211,1000.000,7.616
2.036,3.219,1.968,3.169,2.105,3.269,-1.000,0.500,-1.520,-0.152,1000.000,7.616,2.031,0.203,1000.000,7.616
2.035,3.220,1.966,3.171,2.104,3.270,-1.000,0.500,-1.596,-0.160,1000.000,7.616,1.955,0.195,1000.000,7.616
2.034,3.222,1.965,3.172,2.102,3.272,-1.000,0.500,-1.672,-0.167,1000.000,7.616,1.879,0.188,1000.000,7.616
2.032,3.224,1.964,3.174,2.101,3.274,-1.000,0.500,-1.748,-0.175,1000.000,7.616,1.803,0.180,1000.000,7.616
2.031,3.226,1.962,3.176,2.100,3.276,-1.000,0.500,-1.824,-0.182,1000.000,7.616,1.727,0.173,1000.000,7.616
2.030,3.228,1.961,3.178,2.098,3.278,-1.000,0.500,-1.900,-0.190,1000.000,7.616,1.651,0.165,1000.000,7.616
2.028,3.230,1.960,3.180,2.097,3.280,-1.000,0.500,-1.976,-0.198,1000.000,7.616,1.575,0.157,1000.000,7.616
2.027,3.232,1.958,3.182,2.096,3.281,-1.000,0.500,-2.052,-0.205,1000.000,7.616,1.499,0.150,1000.000,7.616
2.026,3.233,1.957,3.183,2.094,3.283,-1.000,0.500,-2.128,-0.213,1000.000,7.616,1.422,0.142,1000.000,7.616
2.024,3.235,1.956,3.185,2.093,3.285,-1.000,0.500,-2.204,-0.220,1000.000,7.616,1.346,0.135,1000.000,7.616
2.023,3.237,1.954,3.187,2.092,3.287,-1.000,0.500,-2.280,-0.228,1000.000,7.616,1.270,0.127,1000.000,7.616
2.022,3.239,1.953,3.189,2.090,3.289,-1.000,0.500,-2.356,-0.236,1000.000,7.616,1.194,0.119,1000.000,7.616
2.020,3.241,1.952,3.191,2.089,3.291,-1.000,0.500,-2.432,-0.243,1000.000,7.616,1.118,0.112,1000.000,7.616
2.019,3.243,1.950,3.193,2.088,3.293,-1.000,0.500,-2.508,-0.251,1000.000,7.616,1.042,0.104,1000.000,7.616
2.018,3.244,1.949,3.194,2.086,3.294,-1.000,0.500,-2.584,-0.258,1000.000,7.616,0.966,0.097,1000.000,7.616
2.016,3.246,1.948,3.196,2.085,3.296,-1.000,0.500,-2.660,-0.266,1000.000,7.616,0.890,0.089,1000.000,7.616
2.015,3.248,1.946,3.198,2.084,3.298,-1.000,0.500,-2.736,-0.274,1000.000,7.616,0.814,0.081,1000.000,7.616
2.014,3.250,1.945,3.200,2.082,3.300,-1.000,0.500,-2.812,-0.281,1000.000,7.616,0.738,0.074,1000.000,7.616
2.012,3.252,1.944,3.202,2.081,3.302,-1.000,0.500,-2.888,-0.289,1000.000,7.616,0.662,0.066,1000.000,7.616
2.011,3.254,1.942,3.204,2.080,3.304,-1.000,0.500,-2.964,-0.296,1000.000,7.616,0.586,0.059,1000.000,7.616
2.010,3.255,1.941,3.205,2.078,3.305,-1.000,0.500,-3.041,-0.304,1000.000,7.616,0.510,0.051,1000.000,7.616
2.008,3.257,1.940,3.207,2.077,3.307,-1.000,0.500,-3.116,-0.312,1000.000,7.616,0.434,0.043,1000.000,7.616
2.007,3.259,1.938,3.209,2.076,3.309,-1.000,0.500,3.091,0.309,1000.000,7.616,0.357,0.036,1000.000,7.616
2.006,3.261,1.937,3.211,2.074,3.311,-1.000,0.500,3.015,0.301,1000.000,7.616,0.281,0.028,1000.000,7.616
2.004,3.263,1.936,3.213,2.073,3.313,-1.000,0.500,2.939,0.294,1000.000,7.616,0.205,0.021,1000.000,7.616
2.003,3.265,1.934,3.215,2.072,3.315,-1.000,0.500,2.863,0.286,1000.000,7.616,0.129,0.013,1000.000,7.616
2.002,3.266,1.933,3.216,2.070,3.316,-1.000,0.500,2.786,0.279,1000.000,7.616,0.053,0.005,1000.000,7.616
2.000,3.268,1.932,3.218,2.069,3.318,-1.000,0.500,2.710,0.271,1000.000,7.616,-0.023,-0.002,1000.000,7.616
1.999,3.270,1.930,3.220,2.068,3.320,-1.000,0.500,2.634,0.263,1000.000,7.616,-0.099,-0.010,1000.000,7.616
1.998,3.272,1.929,3.222,2.066,3.322,-1.000,0.500,2.558,0.256,1000.000,7.616,-0.175,-0.018,1000.000,7.616
1.996,3.274,1.928,3.224,2.065,3.324,-1.000,0.500,2.482,0.248,1000.000,7.616,-0.251,-0.025,1000.000,7.616
1.995,3.276,1.926,3.226,2.064,3.326,-1.000,0.500,2.406,0.241,1000.000,7.616,-0.327,-0.033,1000.000,7.616
1.994,3.277,1.925,3.228,2.062,3.327,-1.000,0.500,2.330,0.233,1000.000,7.616,-0.403,-0.040,1000.000,7.616
