# main x,main y,main z,head x,head y,head z,tail x,tail y,tail z
0.000,0.000,1.195,0.000,1.312,0.828,0.000,-1.612,0.730
-0.000,0.000,1.194,0.000,1.312,0.827,0.000,-1.612,0.729
0.001,0.001,1.192,0.000,1.313,0.827,-0.000,-1.611,0.726
0.002,0.001,1.191,0.000,1.314,0.829,-0.000,-1.609,0.722
0.002,0.001,1.191,0.000,1.315,0.834,-0.000,-1.608,0.716
0.003,0.000,1.193,-0.000,1.317,0.842,-0.000,-1.606,0.708
0.003,-0.001,1.195,-0.000,1.318,0.854,-0.000,-1.603,0.699
0.003,-0.002,1.198,-0.000,1.319,0.868,-0.000,-1.601,0.689
0.003,-0.004,1.201,-0.000,1.321,0.884,-0.000,-1.598,0.677
0.003,-0.006,1.204,-0.001,1.322,0.900,-0.000,-1.594,0.664
0.003,-0.008,1.207,-0.001,1.323,0.917,-0.000,-1.591,0.650
0.003,-0.010,1.209,-0.001,1.324,0.933,-0.000,-1.587,0.635
0.002,-0.013,1.210,-0.001,1.324,0.948,-0.000,-1.583,0.619
0.002,-0.015,1.210,-0.001,1.325,0.963,-0.000,-1.578,0.602
0.002,-0.017,1.208,-0.001,1.326,0.976,-0.000,-1.574,0.584
0.002,-0.019,1.206,-0.001,1.326,0.989,-0.000,-1.569,0.565
0.002,-0.021,1.204,-0.001,1.326,1.001,-0.001,-1.564,0.545
0.002,-0.024,1.200,-0.001,1.325,1.012,-0.002,-1.559,0.524
0.002,-0.027,1.195,-0.001,1.325,1.022,-0.002,-1.554,0.502
0.003,-0.026,1.198,-0.000,1.325,1.024,-0.002,-1.554,0.506
0.003,-0.025,1.201,-0.000,1.326,1.027,-0.002,-1.554,0.509
0.003,-0.025,1.204,-0.000,1.326,1.030,-0.002,-1.554,0.512
0.003,-0.025,1.207,-0.000,1.326,1.034,-0.002,-1.553,0.515
0.003,-0.026,1.210,-0.000,1.325,1.038,-0.002,-1.554,0.517
0.004,-0.027,1.213,-0.000,1.324,1.042,-0.002,-1.554,0.518
0.004,-0.028,1.215,-0.000,1.324,1.045,-0.001,-1.554,0.520
0.004,-0.028,1.218,-0.001,1.323,1.048,-0.001,-1.554,0.521
0.004,-0.029,1.220,-0.001,1.323,1.051,-0.001,-1.555,0.522
0.004,-0.030,1.221,-0.001,1.322,1.053,-0.002,-1.555,0.523
0.003,-0.030,1.222,-0.001,1.322,1.055,-0.002,-1.555,0.523
0.003,-0.030,1.223,-0.001,1.322,1.056,-0.003,-1.555,0.524
0.003,-0.031,1.223,-0.001,1.321,1.056,-0.003,-1.555,0.524
0.003,-0.030,1.223,-0.001,1.321,1.056,-0.003,-1.555,0.524
0.003,-0.030,1.223,-0.001,1.322,1.056,-0.003,-1.555,0.524
0.003,-0.030,1.223,-0.001,1.322,1.055,-0.003,-1.555,0.525
0.003,-0.030,1.223,-0.002,1.322,1.055,-0.003,-1.555,0.525
0.003,-0.029,1.222,-0.002,1.322,1.054,-0.003,-1.555,0.525
0.003,-0.029,1.222,-0.001,1.323,1.053,-0.003,-1.555,0.524
0.003,-0.029,1.221,-0.001,1.323,1.052,-0.003,-1.555,0.524
0.003,-0.028,1.221,-0.001,1.324,1.051,-0.003,-1.554,0.524
0.003,-0.028,1.220,-0.001,1.324,1.050,-0.003,-1.554,0.524
0.004,-0.027,1.220,-0.001,1.324,1.050,-0.003,-1.554,0.524
0.003,-0.027,1.220,-0.001,1.324,1.050,-0.004,-1.554,0.524
0.004,-0.027,1.220,-0.001,1.325,1.049,-0.004,-1.554,0.524
0.005,-0.025,1.220,-0.002,1.326,1.049,-0.002,-1.552,0.525
0.004,-0.025,1.220,-0.002,1.326,1.049,-0.003,-1.552,0.525
0.002,-0.025,1.220,-0.001,1.326,1.049,-0.004,-1.552,0.524
0.002,-0.025,1.220,-0.000,1.326,1.049,-0.005,-1.552,0.524
0.001,-0.025,1.220,0.001,1.326,1.049,-0.006,-1.552,0.524
0.001,-0.026,1.220,0.001,1.326,1.049,-0.007,-1.552,0.524
0.001,-0.026,1.220,0.001,1.326,1.049,-0.007,-1.552,0.524
0.001,-0.025,1.220,0.001,1.326,1.049,-0.007,-1.552,0.524
0.001,-0.025,1.220,0.001,1.326,1.050,-0.007,-1.552,0.524
0.002,-0.025,1.220,0.001,1.326,1.049,-0.006,-1.552,0.524
0.002,-0.025,1.220,0.000,1.327,1.050,-0.006,-1.552,0.524
0.002,-0.025,1.220,0.000,1.327,1.049,-0.006,-1.552,0.524
0.004,-0.024,1.220,-0.002,1.328,1.049,-0.003,-1.551,0.525
0.003,-0.024,1.220,-0.003,1.328,1.049,-0.002,-1.551,0.524
0.002,-0.024,1.220,-0.002,1.328,1.050,-0.003,-1.550,0.524
0.002,-0.024,1.220,-0.002,1.327,1.050,-0.003,-1.551,0.524
0.001,-0.024,1.220,-0.002,1.328,1.050,-0.004,-1.551,0.524
0.001,-0.024,1.220,-0.002,1.328,1.050,-0.004,-1.551,0.524
0.001,-0.024,1.220,-0.002,1.328,1.050,-0.004,-1.551,0.524
0.001,-0.024,1.220,-0.002,1.328,1.049,-0.004,-1.550,0.524
0.001,-0.024,1.220,-0.003,1.328,1.049,-0.003,-1.550,0.524
0.001,-0.023,1.220,-0.003,1.328,1.049,-0.003,-1.550,0.524
0.002,-0.023,1.220,-0.004,1.328,1.049,-0.003,-1.550,0.524
0.002,-0.023,1.220,-0.004,1.328,1.049,-0.002,-1.550,0.524
0.002,-0.023,1.220,-0.005,1.329,1.049,-0.002,-1.550,0.524
0.003,-0.022,1.219,-0.006,1.329,1.048,0.001,-1.549,0.525
0.002,-0.022,1.219,-0.007,1.329,1.048,0.001,-1.549,0.524
0.002,-0.022,1.219,-0.007,1.329,1.048,0.001,-1.549,0.524
0.001,-0.022,1.219,-0.007,1.330,1.048,0.001,-1.549,0.524
0.001,-0.022,1.219,-0.007,1.330,1.049,0.000,-1.549,0.524
0.000,-0.022,1.219,-0.007,1.330,1.048,0.000,-1.549,0.524
-0.000,-0.021,1.219,-0.007,1.330,1.048,0.000,-1.548,0.524
-0.000,-0.021,1.219,-0.008,1.330,1.048,0.000,-1.548,0.524
0.000,-0.021,1.219,-0.008,1.330,1.047,0.000,-1.548,0.524
0.000,-0.021,1.219,-0.008,1.330,1.047,0.001,-1.548,0.524
0.000,-0.021,1.219,-0.009,1.331,1.047,0.001,-1.548,0.524
0.001,-0.021,1.218,-0.009,1.331,1.047,0.001,-1.548,0.524
0.001,-0.020,1.218,-0.009,1.331,1.047,0.001,-1.548,0.524
0.001,-0.020,1.218,-0.009,1.331,1.047,0.001,-1.548,0.524
0.001,-0.020,1.218,-0.009,1.331,1.046,0.001,-1.547,0.524
0.001,-0.020,1.218,-0.009,1.331,1.046,0.001,-1.547,0.524
0.002,-0.019,1.218,-0.010,1.332,1.046,0.002,-1.547,0.524
0.001,-0.019,1.218,-0.010,1.332,1.046,0.002,-1.547,0.524
0.001,-0.019,1.218,-0.010,1.332,1.046,0.001,-1.547,0.524
0.000,-0.019,1.218,-0.010,1.332,1.046,0.001,-1.547,0.524
-0.000,-0.019,1.218,-0.009,1.332,1.046,0.000,-1.546,0.524
-0.001,-0.019,1.218,-0.009,1.332,1.046,-0.000,-1.546,0.524
-0.001,-0.019,1.218,-0.009,1.332,1.045,-0.000,-1.546,0.524
-0.001,-0.019,1.217,-0.009,1.333,1.045,-0.000,-1.546,0.524
-0.000,-0.019,1.217,-0.008,1.333,1.045,-0.000,-1.546,0.524
-0.000,-0.018,1.217,-0.008,1.333,1.045,-0.000,-1.546,0.524
0.000,-0.018,1.217,-0.008,1.333,1.044,-0.000,-1.546,0.524
0.000,-0.018,1.217,-0.008,1.333,1.044,0.000,-1.546,0.524
0.001,-0.018,1.217,-0.008,1.333,1.044,0.000,-1.546,0.524
0.001,-0.018,1.217,-0.008,1.333,1.044,0.000,-1.546,0.524
0.001,-0.018,1.217,-0.007,1.333,1.044,0.001,-1.546,0.524
0.001,-0.018,1.216,-0.007,1.333,1.043,0.001,-1.546,0.524
0.002,-0.017,1.216,-0.007,1.334,1.043,0.002,-1.545,0.524
0.002,-0.017,1.216,-0.007,1.334,1.043,0.001,-1.545,0.524
0.002,-0.017,1.216,-0.007,1.334,1.043,0.001,-1.545,0.524
0.002,-0.017,1.216,-0.006,1.334,1.043,0.001,-1.545,0.524
0.002,-0.017,1.216,-0.006,1.334,1.043,0.001,-1.545,0.524
0.002,-0.017,1.216,-0.006,1.334,1.042,0.000,-1.545,0.524
0.002,-0.017,1.215,-0.005,1.334,1.042,0.000,-1.545,0.523
0.002,-0.017,1.215,-0.005,1.334,1.042,0.000,-1.545,0.523
0.002,-0.017,1.215,-0.004,1.334,1.042,0.000,-1.545,0.523
0.002,-0.016,1.215,-0.004,1.335,1.041,0.000,-1.545,0.523
0.003,-0.016,1.215,-0.004,1.335,1.041,0.001,-1.544,0.523
0.003,-0.016,1.215,-0.003,1.335,1.041,0.001,-1.544,0.523
0.003,-0.016,1.215,-0.003,1.335,1.041,0.001,-1.544,0.523
0.004,-0.015,1.215,-0.002,1.336,1.040,0.001,-1.544,0.523
0.004,-0.015,1.214,-0.002,1.336,1.040,0.001,-1.544,0.523
0.004,-0.015,1.214,-0.001,1.336,1.040,0.001,-1.544,0.523
0.005,-0.015,1.214,-0.001,1.336,1.040,0.001,-1.543,0.523
0.005,-0.015,1.214,-0.000,1.336,1.039,0.001,-1.543,0.523
0.005,-0.014,1.214,0.000,1.337,1.039,0.001,-1.543,0.523
0.005,-0.014,1.214,0.001,1.337,1.039,0.001,-1.543,0.523
0.006,-0.014,1.214,0.001,1.337,1.038,0.002,-1.543,0.523
0.007,-0.013,1.213,0.002,1.338,1.038,0.003,-1.542,0.523
0.007,-0.013,1.213,0.002,1.338,1.038,0.003,-1.542,0.523
0.007,-0.013,1.213,0.003,1.338,1.037,0.002,-1.542,0.523
0.007,-0.013,1.213,0.003,1.338,1.037,0.002,-1.542,0.523
0.007,-0.013,1.213,0.004,1.338,1.037,0.002,-1.542,0.523
0.007,-0.012,1.213,0.005,1.338,1.037,0.002,-1.542,0.523
0.008,-0.012,1.212,0.005,1.339,1.036,0.002,-1.542,0.523
0.008,-0.012,1.212,0.006,1.339,1.036,0.002,-1.541,0.523
0.008,-0.012,1.212,0.007,1.339,1.036,0.002,-1.541,0.523
0.009,-0.011,1.212,0.007,1.339,1.035,0.002,-1.541,0.523
0.009,-0.011,1.212,0.008,1.340,1.035,0.002,-1.541,0.523
0.010,-0.011,1.211,0.009,1.340,1.034,0.003,-1.541,0.523
0.010,-0.011,1.211,0.009,1.340,1.034,0.003,-1.541,0.523
0.011,-0.010,1.211,0.010,1.340,1.034,0.003,-1.540,0.523
0.011,-0.010,1.211,0.011,1.341,1.033,0.003,-1.540,0.523
0.012,-0.010,1.210,0.012,1.341,1.033,0.003,-1.540,0.523
0.012,-0.010,1.210,0.012,1.341,1.032,0.003,-1.540,0.523
0.012,-0.009,1.210,0.013,1.341,1.032,0.003,-1.540,0.523
0.012,-0.009,1.210,0.014,1.341,1.032,0.003,-1.540,0.523
0.013,-0.009,1.209,0.015,1.342,1.031,0.003,-1.539,0.523
0.013,-0.009,1.209,0.015,1.342,1.031,0.003,-1.539,0.523
0.014,-0.008,1.209,0.016,1.342,1.030,0.003,-1.539,0.522
0.014,-0.008,1.209,0.017,1.342,1.030,0.003,-1.539,0.522
0.015,-0.008,1.208,0.018,1.343,1.029,0.003,-1.539,0.522
0.015,-0.008,1.208,0.019,1.343,1.029,0.003,-1.539,0.522
0.016,-0.007,1.208,0.020,1.343,1.028,0.003,-1.538,0.522
0.016,-0.007,1.208,0.021,1.343,1.028,0.003,-1.538,0.522
0.017,-0.007,1.207,0.021,1.344,1.027,0.004,-1.538,0.522
0.017,-0.006,1.207,0.022,1.344,1.027,0.004,-1.538,0.522
0.017,-0.006,1.206,0.023,1.344,1.026,0.004,-1.538,0.521
0.017,-0.006,1.206,0.024,1.344,1.026,0.003,-1.538,0.521
0.017,-0.006,1.206,0.025,1.345,1.025,0.003,-1.537,0.521
0.017,-0.005,1.205,0.026,1.345,1.025,0.003,-1.537,0.521
0.018,-0.005,1.205,0.027,1.345,1.024,0.003,-1.537,0.521
0.018,-0.005,1.205,0.028,1.345,1.023,0.003,-1.537,0.521
0.019,-0.004,1.204,0.029,1.346,1.023,0.003,-1.536,0.521
0.019,-0.004,1.204,0.029,1.346,1.022,0.003,-1.536,0.521
0.020,-0.003,1.204,0.031,1.346,1.021,0.003,-1.536,0.521
0.021,-0.003,1.203,0.031,1.347,1.021,0.003,-1.536,0.521
0.021,-0.003,1.203,0.032,1.347,1.020,0.004,-1.536,0.521
0.022,-0.002,1.202,0.033,1.347,1.019,0.004,-1.535,0.521
0.022,-0.002,1.202,0.035,1.348,1.018,0.004,-1.535,0.521
0.023,-0.002,1.202,0.035,1.348,1.018,0.004,-1.535,0.521
0.023,-0.001,1.201,0.037,1.349,1.017,0.004,-1.535,0.521
0.023,-0.001,1.201,0.038,1.349,1.016,0.004,-1.534,0.521
0.024,-0.000,1.200,0.039,1.349,1.015,0.004,-1.534,0.521
0.024,0.000,1.200,0.040,1.350,1.014,0.004,-1.534,0.521
0.025,0.001,1.199,0.041,1.350,1.013,0.004,-1.534,0.521
0.025,0.001,1.199,0.042,1.350,1.012,0.004,-1.533,0.521
0.026,0.001,1.198,0.043,1.351,1.012,0.004,-1.533,0.521
0.026,0.002,1.198,0.044,1.351,1.011,0.004,-1.533,0.520
0.027,0.002,1.197,0.045,1.351,1.010,0.004,-1.533,0.520
0.027,0.003,1.196,0.047,1.352,1.009,0.004,-1.532,0.520
0.028,0.003,1.196,0.048,1.352,1.008,0.004,-1.532,0.520
0.028,0.004,1.195,0.049,1.353,1.007,0.004,-1.532,0.520
0.029,0.004,1.194,0.050,1.353,1.005,0.004,-1.532,0.520
0.029,0.005,1.194,0.051,1.354,1.004,0.004,-1.531,0.520
0.030,0.005,1.193,0.052,1.354,1.003,0.004,-1.531,0.520
0.030,0.006,1.192,0.054,1.354,1.002,0.004,-1.531,0.519
0.030,0.006,1.192,0.055,1.355,1.001,0.004,-1.530,0.519
0.031,0.007,1.191,0.056,1.355,0.999,0.004,-1.530,0.519
0.031,0.008,1.190,0.057,1.356,0.998,0.004,-1.530,0.519
0.031,0.008,1.189,0.059,1.356,0.997,0.004,-1.530,0.519
0.032,0.009,1.188,0.060,1.357,0.995,0.004,-1.529,0.519
0.032,0.009,1.188,0.061,1.357,0.994,0.004,-1.529,0.519
0.033,0.010,1.187,0.063,1.358,0.992,0.004,-1.529,0.518
0.033,0.011,1.186,0.064,1.358,0.991,0.004,-1.528,0.518
0.034,0.011,1.185,0.065,1.359,0.989,0.004,-1.528,0.518
0.034,0.012,1.184,0.066,1.360,0.987,0.003,-1.528,0.518
0.034,0.013,1.183,0.068,1.360,0.986,0.003,-1.527,0.518
0.034,0.013,1.182,0.069,1.361,0.984,0.003,-1.527,0.518
0.035,0.014,1.181,0.070,1.361,0.982,0.003,-1.526,0.517
0.035,0.015,1.180,0.071,1.362,0.980,0.003,-1.526,0.517
0.036,0.016,1.179,0.072,1.362,0.979,0.003,-1.526,0.517
0.036,0.016,1.178,0.072,1.363,0.977,0.003,-1.525,0.517
0.036,0.017,1.177,0.073,1.364,0.975,0.003,-1.525,0.517
0.036,0.018,1.176,0.073,1.364,0.974,0.003,-1.525,0.517
0.036,0.018,1.175,0.074,1.365,0.972,0.003,-1.524,0.516
0.036,0.019,1.174,0.073,1.365,0.971,0.003,-1.524,0.516
0.036,0.019,1.173,0.073,1.366,0.969,0.003,-1.524,0.516
0.035,0.020,1.173,0.073,1.366,0.968,0.003,-1.523,0.516
0.035,0.021,1.172,0.072,1.367,0.966,0.003,-1.523,0.516
0.035,0.021,1.171,0.071,1.367,0.965,0.003,-1.523,0.516
0.034,0.022,1.170,0.071,1.368,0.964,0.003,-1.522,0.515
0.034,0.022,1.170,0.069,1.368,0.963,0.003,-1.522,0.515
0.033,0.023,1.169,0.068,1.369,0.962,0.003,-1.522,0.515
0.033,0.023,1.168,0.066,1.369,0.960,0.003,-1.522,0.515
0.032,0.024,1.168,0.065,1.370,0.959,0.003,-1.521,0.515
0.031,0.024,1.167,0.062,1.370,0.958,0.003,-1.521,0.515
0.030,0.025,1.166,0.060,1.371,0.957,0.003,-1.521,0.515
0.029,0.025,1.165,0.058,1.371,0.956,0.004,-1.521,0.515
0.028,0.026,1.165,0.056,1.372,0.954,0.004,-1.520,0.514
0.028,0.027,1.164,0.053,1.372,0.953,0.005,-1.520,0.514
0.026,0.028,1.163,0.050,1.373,0.952,0.005,-1.519,0.514
0.026,0.028,1.163,0.046,1.373,0.951,0.005,-1.519,0.514
0.025,0.028,1.162,0.042,1.374,0.950,0.005,-1.519,0.514
0.022,0.029,1.162,0.039,1.374,0.949,0.005,-1.519,0.514
0.020,0.029,1.161,0.036,1.375,0.948,0.004,-1.518,0.514
0.018,0.030,1.160,0.033,1.375,0.947,0.004,-1.518,0.514
0.016,0.030,1.159,0.030,1.376,0.945,0.003,-1.518,0.513
0.015,0.031,1.158,0.026,1.376,0.943,0.003,-1.518,0.513
0.013,0.032,1.157,0.023,1.377,0.941,0.003,-1.517,0.513
0.012,0.032,1.156,0.020,1.377,0.939,0.003,-1.517,0.513
0.011,0.033,1.155,0.016,1.378,0.937,0.004,-1.517,0.513
0.009,0.034,1.154,0.013,1.378,0.935,0.004,-1.517,0.512
0.008,0.034,1.152,0.010,1.379,0.933,0.004,-1.516,0.512
0.007,0.035,1.151,0.006,1.380,0.931,0.004,-1.516,0.512
0.006,0.036,1.150,0.003,1.380,0.929,0.004,-1.516,0.512
0.004,0.037,1.149,-0.000,1.381,0.927,0.004,-1.515,0.512
0.003,0.037,1.148,-0.003,1.381,0.925,0.004,-1.515,0.511
0.001,0.038,1.146,-0.006,1.382,0.923,0.004,-1.515,0.511
0.000,0.039,1.145,-0.008,1.383,0.921,0.004,-1.514,0.511
-0.001,0.040,1.144,-0.011,1.383,0.919,0.004,-1.514,0.511
-0.002,0.040,1.143,-0.013,1.384,0.917,0.004,-1.514,0.511
-0.003,0.041,1.142,-0.016,1.384,0.916,0.004,-1.513,0.510
-0.004,0.042,1.141,-0.018,1.385,0.914,0.004,-1.513,0.510
-0.006,0.042,1.140,-0.020,1.385,0.912,0.004,-1.513,0.510
-0.006,0.043,1.139,-0.021,1.386,0.910,0.004,-1.512,0.510
-0.007,0.043,1.138,-0.023,1.386,0.909,0.004,-1.512,0.510
-0.008,0.044,1.137,-0.025,1.387,0.907,0.004,-1.512,0.509
-0.009,0.045,1.136,-0.026,1.387,0.906,0.004,-1.512,0.509
-0.010,0.045,1.135,-0.027,1.387,0.904,0.004,-1.511,0.509
-0.011,0.046,1.134,-0.029,1.388,0.903,0.003,-1.511,0.509
-0.011,0.046,1.134,-0.030,1.388,0.901,0.003,-1.511,0.509
-0.012,0.047,1.133,-0.031,1.389,0.900,0.003,-1.511,0.509
-0.012,0.047,1.132,-0.032,1.389,0.899,0.003,-1.510,0.508
-0.013,0.047,1.131,-0.033,1.389,0.897,0.003,-1.510,0.508
-0.013,0.048,1.131,-0.034,1.390,0.896,0.003,-1.510,0.508
-0.014,0.048,1.130,-0.034,1.390,0.895,0.003,-1.510,0.508
-0.014,0.049,1.129,-0.035,1.390,0.894,0.003,-1.510,0.508
-0.015,0.049,1.129,-0.036,1.391,0.893,0.003,-1.509,0.508
-0.015,0.049,1.128,-0.036,1.391,0.892,0.003,-1.509,0.508
-0.015,0.050,1.128,-0.037,1.391,0.891,0.003,-1.509,0.508
-0.016,0.050,1.127,-0.038,1.391,0.890,0.003,-1.509,0.508
-0.016,0.050,1.126,-0.038,1.392,0.889,0.003,-1.509,0.507
-0.016,0.051,1.126,-0.039,1.392,0.888,0.003,-1.509,0.507
-0.017,0.051,1.125,-0.039,1.392,0.887,0.003,-1.508,0.507
-0.017,0.051,1.125,-0.040,1.392,0.886,0.003,-1.508,0.507
-0.017,0.052,1.124,-0.040,1.393,0.886,0.003,-1.508,0.507
-0.017,0.052,1.124,-0.041,1.393,0.885,0.003,-1.508,0.507
-0.018,0.052,1.123,-0.042,1.393,0.884,0.003,-1.508,0.507
-0.018,0.053,1.123,-0.042,1.393,0.883,0.003,-1.508,0.507
-0.018,0.053,1.122,-0.043,1.394,0.882,0.003,-1.507,0.507
-0.018,0.053,1.122,-0.043,1.394,0.882,0.003,-1.507,0.507
-0.019,0.054,1.121,-0.044,1.394,0.881,0.003,-1.507,0.507
-0.019,0.054,1.121,-0.044,1.394,0.880,0.003,-1.507,0.506
-0.019,0.054,1.120,-0.045,1.395,0.879,0.003,-1.507,0.506
-0.019,0.054,1.120,-0.046,1.395,0.878,0.003,-1.507,0.506
-0.020,0.055,1.119,-0.046,1.395,0.877,0.003,-1.507,0.506
-0.020,0.055,1.119,-0.047,1.395,0.876,0.003,-1.507,0.506
-0.020,0.055,1.118,-0.047,1.395,0.875,0.003,-1.506,0.506
-0.020,0.056,1.118,-0.048,1.396,0.874,0.003,-1.506,0.506
-0.021,0.056,1.117,-0.049,1.396,0.873,0.003,-1.506,0.506
-0.021,0.056,1.117,-0.049,1.396,0.872,0.003,-1.506,0.506
-0.021,0.057,1.116,-0.050,1.396,0.871,0.003,-1.506,0.505
-0.022,0.057,1.115,-0.051,1.397,0.870,0.003,-1.506,0.505
-0.022,0.057,1.115,-0.052,1.397,0.869,0.003,-1.505,0.505
-0.022,0.058,1.114,-0.052,1.397,0.868,0.003,-1.505,0.505
-0.023,0.058,1.113,-0.053,1.398,0.867,0.003,-1.505,0.505
-0.023,0.059,1.113,-0.054,1.398,0.866,0.003,-1.505,0.505
-0.023,0.059,1.112,-0.054,1.398,0.865,0.003,-1.505,0.505
-0.023,0.059,1.111,-0.055,1.398,0.864,0.003,-1.505,0.505
-0.024,0.060,1.111,-0.056,1.399,0.862,0.003,-1.504,0.504
-0.024,0.060,1.110,-0.056,1.399,0.861,0.003,-1.504,0.504
-0.025,0.060,1.109,-0.057,1.399,0.860,0.003,-1.504,0.504
-0.025,0.061,1.108,-0.058,1.399,0.859,0.003,-1.504,0.504
-0.025,0.061,1.108,-0.058,1.400,0.857,0.003,-1.504,0.504
-0.025,0.062,1.107,-0.059,1.400,0.856,0.003,-1.504,0.504
-0.026,0.062,1.106,-0.059,1.400,0.855,0.003,-1.503,0.504
-0.026,0.063,1.105,-0.060,1.401,0.853,0.003,-1.503,0.504
-0.026,0.063,1.105,-0.060,1.401,0.852,0.003,-1.503,0.503
-0.026,0.063,1.104,-0.061,1.402,0.851,0.003,-1.503,0.503
-0.027,0.064,1.103,-0.061,1.402,0.849,0.003,-1.503,0.503
-0.027,0.064,1.102,-0.062,1.402,0.848,0.003,-1.502,0.503
-0.027,0.065,1.101,-0.062,1.403,0.846,0.003,-1.502,0.503
-0.027,0.065,1.100,-0.062,1.403,0.845,0.003,-1.502,0.503
-0.028,0.066,1.099,-0.063,1.403,0.843,0.002,-1.502,0.502
-0.028,0.067,1.098,-0.063,1.404,0.841,0.002,-1.501,0.502
-0.028,0.067,1.097,-0.063,1.404,0.840,0.002,-1.501,0.502
-0.028,0.068,1.096,-0.064,1.405,0.838,0.002,-1.501,0.502
-0.028,0.068,1.095,-0.064,1.405,0.836,0.002,-1.500,0.502
-0.029,0.069,1.094,-0.064,1.406,0.835,0.002,-1.500,0.501
-0.029,0.070,1.093,-0.064,1.406,0.833,0.002,-1.500,0.501
-0.029,0.070,1.092,-0.064,1.407,0.831,0.002,-1.500,0.501
-0.029,0.071,1.091,-0.065,1.407,0.829,0.002,-1.499,0.501
-0.029,0.072,1.090,-0.065,1.408,0.827,0.002,-1.499,0.501
-0.029,0.072,1.089,-0.065,1.408,0.825,0.002,-1.498,0.500
-0.029,0.073,1.088,-0.065,1.409,0.823,0.002,-1.498,0.500
-0.030,0.074,1.086,-0.065,1.409,0.821,0.002,-1.498,0.500
-0.030,0.074,1.085,-0.066,1.410,0.819,0.002,-1.498,0.500
-0.030,0.075,1.084,-0.066,1.410,0.817,0.001,-1.497,0.499
-0.030,0.076,1.083,-0.066,1.411,0.815,0.001,-1.497,0.499
-0.030,0.076,1.081,-0.066,1.412,0.813,0.001,-1.496,0.499
-0.030,0.077,1.080,-0.067,1.412,0.811,0.001,-1.496,0.499
-0.031,0.078,1.079,-0.067,1.413,0.808,0.001,-1.496,0.498
-0.031,0.079,1.077,-0.067,1.413,0.806,0.001,-1.495,0.498
-0.031,0.080,1.076,-0.067,1.414,0.804,0.001,-1.495,0.498
-0.031,0.080,1.074,-0.067,1.414,0.801,0.001,-1.495,0.498
-0.031,0.081,1.073,-0.068,1.415,0.798,0.001,-1.494,0.497
-0.031,0.082,1.071,-0.068,1.416,0.796,0.001,-1.494,0.497
-0.031,0.083,1.070,-0.068,1.416,0.793,0.001,-1.493,0.497
-0.032,0.084,1.068,-0.068,1.417,0.791,0.001,-1.493,0.496
-0.032,0.085,1.067,-0.068,1.418,0.788,0.001,-1.493,0.496
-0.032,0.086,1.065,-0.069,1.418,0.785,0.001,-1.492,0.496
-0.032,0.087,1.063,-0.069,1.419,0.782,0.001,-1.492,0.496
-0.032,0.088,1.061,-0.069,1.420,0.779,0.000,-1.491,0.495
-0.032,0.089,1.060,-0.069,1.421,0.776,0.000,-1.491,0.495
-0.033,0.090,1.058,-0.069,1.421,0.773,0.000,-1.490,0.494
-0.033,0.091,1.056,-0.070,1.422,0.770,0.000,-1.490,0.494
-0.033,0.092,1.054,-0.070,1.423,0.766,0.000,-1.489,0.494
-0.033,0.093,1.052,-0.070,1.424,0.763,0.000,-1.489,0.493
-0.033,0.094,1.050,-0.070,1.425,0.760,0.000,-1.488,0.493
-0.033,0.095,1.048,-0.070,1.426,0.756,-0.000,-1.487,0.493
-0.034,0.096,1.045,-0.071,1.426,0.752,-0.000,-1.487,0.492
-0.034,0.098,1.043,-0.071,1.427,0.749,-0.000,-1.486,0.492
-0.034,0.099,1.041,-0.071,1.428,0.745,-0.000,-1.486,0.491
-0.034,0.100,1.039,-0.072,1.429,0.741,-0.000,-1.485,0.491
-0.034,0.101,1.036,-0.072,1.430,0.737,-0.000,-1.484,0.490
-0.035,0.103,1.034,-0.072,1.431,0.733,-0.000,-1.484,0.490
-0.035,0.104,1.032,-0.072,1.432,0.729,-0.001,-1.483,0.489
-0.035,0.105,1.029,-0.073,1.433,0.724,-0.001,-1.483,0.489
-0.036,0.107,1.026,-0.073,1.434,0.720,-0.001,-1.482,0.488
-0.036,0.109,1.023,-0.074,1.435,0.715,-0.001,-1.481,0.488
-0.036,0.110,1.020,-0.074,1.436,0.710,-0.001,-1.480,0.487
-0.036,0.111,1.018,-0.074,1.437,0.706,-0.001,-1.480,0.487
-0.035,0.113,1.015,-0.074,1.438,0.701,-0.001,-1.479,0.486
-0.035,0.114,1.013,-0.074,1.439,0.697,-0.001,-1.478,0.486
-0.034,0.116,1.010,-0.073,1.440,0.693,-0.000,-1.478,0.486
-0.033,0.117,1.008,-0.073,1.441,0.689,0.000,-1.477,0.486
-0.032,0.118,1.006,-0.072,1.442,0.686,0.001,-1.476,0.485
-0.031,0.120,1.004,-0.071,1.443,0.682,0.001,-1.476,0.485
-0.029,0.121,1.002,-0.070,1.443,0.679,0.002,-1.475,0.485
-0.028,0.122,1.000,-0.069,1.444,0.675,0.002,-1.474,0.485
-0.027,0.123,0.998,-0.068,1.445,0.672,0.003,-1.474,0.485
-0.026,0.124,0.996,-0.067,1.446,0.669,0.003,-1.473,0.484
-0.024,0.126,0.994,-0.065,1.447,0.665,0.004,-1.472,0.484
-0.023,0.127,0.992,-0.064,1.448,0.662,0.004,-1.471,0.484
-0.021,0.128,0.990,-0.062,1.449,0.659,0.004,-1.471,0.484
-0.020,0.129,0.988,-0.060,1.450,0.655,0.005,-1.470,0.483
-0.018,0.131,0.986,-0.058,1.451,0.652,0.005,-1.470,0.483
-0.017,0.132,0.984,-0.056,1.452,0.648,0.006,-1.469,0.483
-0.015,0.133,0.982,-0.054,1.452,0.645,0.006,-1.468,0.482
-0.013,0.135,0.980,-0.052,1.453,0.641,0.007,-1.467,0.482
-0.012,0.136,0.978,-0.049,1.454,0.637,0.007,-1.467,0.482
-0.010,0.137,0.975,-0.047,1.455,0.633,0.008,-1.466,0.481
-0.008,0.139,0.973,-0.045,1.456,0.629,0.008,-1.465,0.481
-0.007,0.140,0.970,-0.043,1.457,0.625,0.008,-1.464,0.480
-0.005,0.142,0.968,-0.040,1.458,0.620,0.009,-1.463,0.480
-0.003,0.143,0.965,-0.038,1.460,0.616,0.009,-1.462,0.480
-0.001,0.145,0.962,-0.035,1.461,0.611,0.010,-1.462,0.479
0.001,0.147,0.959,-0.033,1.462,0.607,0.010,-1.461,0.479
0.002,0.148,0.957,-0.030,1.463,0.602,0.011,-1.460,0.478
0.004,0.150,0.954,-0.027,1.464,0.597,0.011,-1.459,0.478
0.006,0.152,0.951,-0.025,1.465,0.592,0.012,-1.458,0.477
0.008,0.153,0.947,-0.022,1.467,0.587,0.012,-1.457,0.477
0.009,0.153,0.948,-0.021,1.467,0.587,0.013,-1.457,0.477
0.010,0.153,0.948,-0.021,1.467,0.587,0.013,-1.457,0.477
0.011,0.153,0.948,-0.020,1.467,0.587,0.014,-1.457,0.477
0.012,0.153,0.948,-0.019,1.467,0.587,0.014,-1.457,0.477
0.013,0.154,0.948,-0.019,1.467,0.587,0.015,-1.457,0.477
0.013,0.154,0.948,-0.018,1.467,0.587,0.015,-1.457,0.477
0.014,0.154,0.948,-0.018,1.467,0.587,0.015,-1.457,0.477
0.014,0.154,0.948,-0.018,1.467,0.587,0.016,-1.457,0.478
0.015,0.154,0.948,-0.017,1.467,0.588,0.016,-1.457,0.478
0.015,0.154,0.948,-0.017,1.467,0.588,0.016,-1.457,0.478
0.015,0.154,0.948,-0.017,1.467,0.588,0.016,-1.456,0.478
0.015,0.154,0.948,-0.017,1.467,0.588,0.016,-1.456,0.478
0.015,0.154,0.948,-0.017,1.467,0.588,0.016,-1.456,0.478
0.015,0.154,0.948,-0.017,1.467,0.588,0.016,-1.456,0.478
0.014,0.154,0.948,-0.018,1.467,0.588,0.016,-1.456,0.478
0.014,0.154,0.948,-0.018,1.467,0.588,0.016,-1.456,0.477
0.014,0.154,0.948,-0.018,1.467,0.588,0.015,-1.456,0.477
0.013,0.154,0.948,-0.018,1.467,0.587,0.015,-1.456,0.477
0.013,0.154,0.948,-0.019,1.467,0.587,0.015,-1.456,0.477
0.013,0.154,0.948,-0.019,1.467,0.587,0.015,-1.456,0.477
0.012,0.154,0.948,-0.019,1.467,0.587,0.015,-1.456,0.477
0.012,0.154,0.948,-0.019,1.467,0.587,0.014,-1.456,0.477
0.012,0.154,0.948,-0.019,1.467,0.587,0.014,-1.456,0.477
0.012,0.154,0.948,-0.019,1.467,0.587,0.014,-1.456,0.477
0.012,0.154,0.948,-0.019,1.467,0.587,0.014,-1.456,0.477
0.012,0.154,0.948,-0.019,1.467,0.587,0.014,-1.456,0.477
0.012,0.154,0.948,-0.019,1.467,0.587,0.014,-1.456,0.477
0.012,0.154,0.948,-0.019,1.467,0.587,0.014,-1.456,0.477
0.012,0.154,0.948,-0.019,1.467,0.587,0.014,-1.456,0.477
0.012,0.154,0.948,-0.019,1.467,0.587,0.014,-1.456,0.477
0.012,0.154,0.948,-0.019,1.467,0.587,0.014,-1.456,0.477
0.012,0.154,0.948,-0.019,1.467,0.587,0.014,-1.456,0.477
0.012,0.154,0.948,-0.019,1.467,0.587,0.014,-1.456,0.477
0.012,0.154,0.948,-0.019,1.467,0.587,0.014,-1.456,0.477
0.012,0.154,0.948,-0.019,1.467,0.587,0.014,-1.456,0.477
0.012,0.154,0.948,-0.018,1.467,0.587,0.014,-1.456,0.477
0.012,0.154,0.948,-0.018,1.467,0.587,0.014,-1.456,0.477
0.011,0.154,0.948,-0.018,1.467,0.587,0.014,-1.456,0.477
0.012,0.154,0.948,-0.018,1.467,0.587,0.014,-1.456,0.477
0.012,0.154,0.948,-0.018,1.467,0.587,0.014,-1.456,0.477
0.012,0.154,0.948,-0.018,1.467,0.587,0.014,-1.456,0.477
0.012,0.154,0.948,-0.018,1.467,0.587,0.014,-1.456,0.477
0.012,0.154,0.948,-0.018,1.467,0.587,0.013,-1.456,0.477
0.012,0.154,0.948,-0.018,1.467,0.587,0.013,-1.456,0.477
0.011,0.154,0.948,-0.018,1.467,0.587,0.013,-1.456,0.477
0.011,0.154,0.948,-0.018,1.467,0.587,0.013,-1.456,0.477
0.011,0.154,0.948,-0.018,1.467,0.587,0.013,-1.456,0.477
0.011,0.154,0.948,-0.018,1.467,0.587,0.013,-1.456,0.477
0.011,0.154,0.948,-0.018,1.467,0.587,0.013,-1.456,0.477
0.011,0.154,0.948,-0.018,1.467,0.587,0.013,-1.456,0.477
0.011,0.154,0.948,-0.018,1.467,0.587,0.013,-1.456,0.477
0.011,0.154,0.948,-0.018,1.467,0.587,0.013,-1.456,0.477
0.011,0.154,0.948,-0.018,1.467,0.587,0.013,-1.456,0.477
0.011,0.154,0.948,-0.018,1.467,0.587,0.013,-1.456,0.477
0.011,0.154,0.948,-0.018,1.467,0.587,0.013,-1.456,0.477
0.011,0.154,0.948,-0.018,1.467,0.587,0.013,-1.456,0.477
0.011,0.154,0.948,-0.018,1.467,0.587,0.013,-1.456,0.477
0.011,0.154,0.948,-0.018,1.467,0.587,0.013,-1.456,0.477
0.011,0.154,0.948,-0.018,1.467,0.587,0.012,-1.456,0.477
0.011,0.154,0.948,-0.018,1.467,0.587,0.012,-1.456,0.477
0.011,0.154,0.948,-0.018,1.467,0.587,0.012,-1.456,0.477
0.011,0.154,0.948,-0.018,1.467,0.587,0.012,-1.456,0.477
0.010,0.154,0.948,-0.018,1.467,0.587,0.012,-1.456,0.477
0.010,0.154,0.948,-0.018,1.467,0.587,0.012,-1.456,0.477
0.010,0.154,0.948,-0.018,1.467,0.587,0.012,-1.456,0.477
0.010,0.154,0.948,-0.019,1.467,0.587,0.012,-1.456,0.477
0.010,0.154,0.948,-0.019,1.467,0.587,0.012,-1.456,0.477
0.009,0.154,0.948,-0.019,1.467,0.587,0.011,-1.456,0.477
0.009,0.154,0.948,-0.019,1.467,0.587,0.011,-1.456,0.477
0.009,0.154,0.948,-0.019,1.467,0.587,0.011,-1.456,0.476
0.009,0.154,0.948,-0.019,1.467,0.587,0.011,-1.456,0.476
0.009,0.154,0.948,-0.019,1.467,0.587,0.011,-1.456,0.476
0.008,0.154,0.948,-0.019,1.467,0.587,0.011,-1.456,0.476
0.008,0.154,0.948,-0.019,1.467,0.587,0.011,-1.456,0.476
0.008,0.154,0.948,-0.019,1.467,0.587,0.011,-1.456,0.476
0.008,0.154,0.948,-0.020,1.468,0.587,0.011,-1.456,0.476
0.008,0.154,0.948,-0.020,1.468,0.587,0.010,-1.456,0.476
0.008,0.154,0.948,-0.020,1.468,0.587,0.010,-1.456,0.476
0.008,0.154,0.948,-0.020,1.468,0.587,0.010,-1.456,0.476
0.008,0.154,0.948,-0.020,1.468,0.587,0.010,-1.456,0.476
0.008,0.155,0.948,-0.020,1.468,0.587,0.010,-1.456,0.476
0.007,0.155,0.948,-0.020,1.468,0.587,0.010,-1.456,0.476
0.007,0.155,0.948,-0.020,1.468,0.587,0.010,-1.455,0.476
0.007,0.155,0.948,-0.020,1.468,0.587,0.010,-1.455,0.476
0.007,0.155,0.947,-0.020,1.468,0.586,0.010,-1.455,0.476
0.007,0.155,0.947,-0.020,1.468,0.587,0.010,-1.455,0.476
0.007,0.155,0.947,-0.020,1.468,0.587,0.010,-1.455,0.476
0.007,0.155,0.947,-0.020,1.468,0.587,0.009,-1.455,0.476
0.007,0.155,0.947,-0.020,1.468,0.587,0.009,-1.455,0.476
0.007,0.155,0.947,-0.020,1.468,0.587,0.009,-1.455,0.476
0.007,0.155,0.948,-0.020,1.468,0.587,0.009,-1.455,0.476
0.007,0.155,0.948,-0.020,1.468,0.587,0.009,-1.455,0.476
0.007,0.155,0.948,-0.020,1.468,0.587,0.009,-1.455,0.476
0.007,0.155,0.948,-0.020,1.468,0.587,0.009,-1.455,0.476
0.007,0.155,0.948,-0.020,1.468,0.587,0.009,-1.455,0.476
0.007,0.155,0.948,-0.020,1.468,0.587,0.009,-1.455,0.476
0.006,0.155,0.948,-0.020,1.468,0.587,0.009,-1.455,0.476
0.006,0.155,0.947,-0.020,1.468,0.587,0.009,-1.455,0.476
0.006,0.155,0.947,-0.020,1.468,0.587,0.009,-1.455,0.476
0.006,0.155,0.947,-0.021,1.468,0.587,0.009,-1.455,0.476
0.005,0.155,0.947,-0.021,1.468,0.587,0.009,-1.455,0.476
0.005,0.155,0.947,-0.021,1.468,0.587,0.008,-1.455,0.476
0.005,0.155,0.947,-0.021,1.468,0.587,0.008,-1.455,0.476
0.005,0.155,0.947,-0.021,1.468,0.587,0.008,-1.455,0.476
0.005,0.155,0.947,-0.021,1.468,0.587,0.008,-1.455,0.476
0.005,0.155,0.947,-0.021,1.468,0.587,0.008,-1.455,0.476
0.005,0.155,0.947,-0.021,1.468,0.587,0.008,-1.455,0.476
0.005,0.155,0.947,-0.021,1.468,0.587,0.008,-1.455,0.476
0.005,0.155,0.947,-0.021,1.468,0.587,0.008,-1.455,0.476
0.004,0.155,0.947,-0.021,1.468,0.587,0.008,-1.455,0.476
0.004,0.155,0.947,-0.021,1.468,0.587,0.008,-1.455,0.476
0.004,0.155,0.947,-0.021,1.468,0.587,0.008,-1.455,0.476
0.004,0.155,0.947,-0.021,1.468,0.587,0.008,-1.455,0.476
0.004,0.155,0.947,-0.021,1.468,0.587,0.008,-1.455,0.476
0.004,0.155,0.947,-0.021,1.468,0.587,0.008,-1.455,0.476
0.004,0.155,0.947,-0.021,1.468,0.587,0.008,-1.455,0.476
0.004,0.155,0.947,-0.021,1.468,0.587,0.008,-1.455,0.476
0.004,0.155,0.947,-0.021,1.468,0.587,0.008,-1.455,0.476
0.004,0.155,0.947,-0.021,1.469,0.586,0.008,-1.455,0.476
0.004,0.155,0.947,-0.021,1.469,0.586,0.008,-1.455,0.476
0.004,0.155,0.947,-0.021,1.469,0.586,0.008,-1.455,0.476
0.004,0.155,0.947,-0.021,1.469,0.586,0.007,-1.455,0.476
0.004,0.155,0.947,-0.021,1.469,0.587,0.007,-1.455,0.476
0.004,0.155,0.947,-0.021,1.469,0.587,0.007,-1.455,0.476
0.004,0.155,0.947,-0.022,1.469,0.587,0.007,-1.455,0.476
0.003,0.155,0.947,-0.022,1.469,0.587,0.007,-1.455,0.476
0.003,0.155,0.947,-0.022,1.469,0.587,0.007,-1.455,0.475
0.003,0.155,0.947,-0.022,1.469,0.587,0.007,-1.455,0.475
0.002,0.155,0.947,-0.022,1.469,0.587,0.007,-1.455,0.475
0.002,0.155,0.947,-0.023,1.469,0.587,0.006,-1.455,0.475
0.002,0.155,0.947,-0.023,1.469,0.587,0.006,-1.455,0.475
0.002,0.155,0.947,-0.023,1.469,0.587,0.006,-1.455,0.475
0.002,0.155,0.947,-0.023,1.469,0.587,0.006,-1.455,0.475
0.001,0.155,0.947,-0.023,1.469,0.587,0.006,-1.455,0.475
0.001,0.155,0.947,-0.023,1.469,0.587,0.006,-1.455,0.475
0.001,0.155,0.947,-0.023,1.469,0.587,0.006,-1.455,0.475
0.001,0.155,0.947,-0.024,1.469,0.587,0.006,-1.455,0.475
0.001,0.155,0.947,-0.024,1.469,0.587,0.006,-1.455,0.475
0.001,0.155,0.947,-0.024,1.469,0.587,0.006,-1.455,0.475
0.001,0.155,0.947,-0.024,1.469,0.586,0.006,-1.455,0.475
0.001,0.155,0.947,-0.024,1.469,0.586,0.006,-1.455,0.475
0.001,0.155,0.947,-0.024,1.469,0.586,0.006,-1.455,0.475
0.001,0.155,0.947,-0.024,1.469,0.586,0.006,-1.455,0.475
0.001,0.155,0.947,-0.024,1.469,0.586,0.006,-1.455,0.475
0.001,0.155,0.947,-0.024,1.469,0.586,0.006,-1.455,0.475
0.000,0.155,0.947,-0.024,1.469,0.586,0.006,-1.455,0.475
0.000,0.155,0.947,-0.024,1.469,0.586,0.005,-1.455,0.475
0.000,0.155,0.947,-0.024,1.469,0.587,0.005,-1.455,0.475
0.000,0.155,0.947,-0.024,1.469,0.587,0.005,-1.455,0.475
0.000,0.155,0.947,-0.024,1.469,0.587,0.005,-1.455,0.475
0.000,0.155,0.947,-0.024,1.469,0.587,0.005,-1.455,0.475
0.000,0.155,0.947,-0.024,1.469,0.587,0.005,-1.455,0.475
0.000,0.155,0.947,-0.024,1.469,0.587,0.005,-1.455,0.475
0.000,0.155,0.947,-0.025,1.469,0.587,0.005,-1.455,0.475
-0.000,0.155,0.947,-0.025,1.469,0.587,0.005,-1.455,0.475
-0.000,0.156,0.947,-0.025,1.469,0.587,0.005,-1.454,0.475
-0.001,0.156,0.947,-0.025,1.469,0.587,0.005,-1.454,0.475
-0.001,0.156,0.947,-0.025,1.469,0.587,0.005,-1.454,0.475
-0.001,0.156,0.947,-0.025,1.469,0.587,0.004,-1.454,0.475
-0.002,0.156,0.947,-0.026,1.469,0.586,0.004,-1.454,0.475
-0.002,0.156,0.947,-0.026,1.469,0.586,0.004,-1.454,0.475
-0.002,0.156,0.947,-0.026,1.469,0.586,0.004,-1.454,0.475
-0.002,0.156,0.947,-0.026,1.469,0.586,0.004,-1.454,0.475
-0.002,0.156,0.947,-0.026,1.469,0.586,0.004,-1.454,0.475
-0.002,0.156,0.947,-0.026,1.469,0.586,0.004,-1.454,0.475
-0.002,0.156,0.947,-0.026,1.469,0.586,0.004,-1.454,0.475
-0.002,0.156,0.947,-0.026,1.469,0.586,0.004,-1.454,0.475
-0.003,0.156,0.947,-0.026,1.469,0.586,0.003,-1.454,0.475
-0.003,0.156,0.947,-0.026,1.469,0.586,0.003,-1.454,0.475
-0.003,0.156,0.947,-0.026,1.469,0.586,0.003,-1.454,0.475
-0.003,0.156,0.947,-0.026,1.469,0.586,0.003,-1.454,0.475
-0.003,0.156,0.947,-0.026,1.469,0.586,0.003,-1.454,0.475
-0.003,0.156,0.947,-0.026,1.469,0.586,0.003,-1.454,0.475
-0.003,0.156,0.947,-0.026,1.469,0.586,0.003,-1.454,0.475
-0.003,0.156,0.947,-0.026,1.469,0.586,0.003,-1.454,0.475
-0.003,0.156,0.947,-0.026,1.469,0.586,0.003,-1.454,0.475
-0.003,0.156,0.947,-0.026,1.469,0.586,0.003,-1.454,0.475
-0.003,0.156,0.947,-0.026,1.469,0.586,0.003,-1.454,0.475
-0.003,0.156,0.947,-0.026,1.469,0.586,0.003,-1.454,0.475
-0.003,0.156,0.947,-0.026,1.469,0.586,0.003,-1.454,0.475
-0.003,0.156,0.947,-0.026,1.469,0.586,0.003,-1.454,0.475
-0.003,0.156,0.946,-0.026,1.469,0.586,0.003,-1.454,0.474
-0.004,0.156,0.946,-0.026,1.469,0.586,0.003,-1.454,0.474
-0.004,0.156,0.946,-0.026,1.469,0.586,0.003,-1.454,0.474
-0.004,0.156,0.946,-0.026,1.469,0.586,0.002,-1.454,0.475
-0.004,0.156,0.946,-0.026,1.469,0.586,0.003,-1.454,0.475
-0.004,0.156,0.946,-0.026,1.469,0.586,0.003,-1.454,0.475
-0.004,0.156,0.946,-0.026,1.469,0.586,0.002,-1.454,0.475
-0.004,0.156,0.946,-0.027,1.469,0.586,0.002,-1.454,0.475
-0.004,0.156,0.946,-0.027,1.469,0.586,0.002,-1.454,0.474
-0.004,0.156,0.946,-0.027,1.469,0.586,0.002,-1.454,0.474
-0.005,0.155,0.946,-0.027,1.469,0.586,0.002,-1.454,0.474
-0.005,0.155,0.946,-0.027,1.469,0.586,0.002,-1.454,0.474
-0.005,0.155,0.946,-0.027,1.469,0.586,0.002,-1.454,0.474
-0.005,0.155,0.946,-0.027,1.469,0.586,0.002,-1.454,0.474
-0.005,0.155,0.946,-0.027,1.469,0.586,0.002,-1.454,0.474
-0.005,0.155,0.946,-0.027,1.469,0.586,0.001,-1.454,0.474
-0.006,0.155,0.946,-0.027,1.469,0.586,0.001,-1.454,0.474
-0.006,0.155,0.946,-0.027,1.469,0.586,0.001,-1.454,0.474
-0.006,0.155,0.946,-0.028,1.469,0.586,0.001,-1.454,0.474
-0.006,0.155,0.946,-0.027,1.469,0.586,0.001,-1.454,0.474
-0.006,0.155,0.946,-0.028,1.469,0.586,0.001,-1.454,0.474
-0.006,0.155,0.946,-0.027,1.469,0.586,0.001,-1.454,0.474
-0.006,0.155,0.946,-0.028,1.469,0.586,0.001,-1.454,0.474
-0.006,0.155,0.946,-0.027,1.469,0.586,0.001,-1.454,0.474
-0.006,0.155,0.946,-0.027,1.469,0.586,0.001,-1.454,0.474
-0.006,0.155,0.946,-0.027,1.469,0.586,0.001,-1.454,0.474
-0.006,0.155,0.946,-0.027,1.469,0.586,0.001,-1.454,0.474
-0.006,0.155,0.946,-0.027,1.469,0.586,0.001,-1.454,0.474
-0.006,0.155,0.946,-0.027,1.469,0.586,0.001,-1.454,0.474
-0.006,0.155,0.946,-0.027,1.469,0.585,0.001,-1.454,0.474
-0.006,0.155,0.946,-0.027,1.469,0.586,0.001,-1.454,0.474
-0.006,0.155,0.946,-0.027,1.469,0.586,0.001,-1.454,0.474
-0.006,0.155,0.946,-0.027,1.469,0.586,0.001,-1.455,0.474
-0.006,0.155,0.946,-0.027,1.469,0.586,0.000,-1.455,0.474
-0.007,0.155,0.946,-0.027,1.469,0.586,0.000,-1.455,0.474
-0.006,0.155,0.946,-0.027,1.469,0.586,0.001,-1.455,0.474
-0.006,0.155,0.946,-0.027,1.469,0.586,0.001,-1.455,0.474
-0.006,0.155,0.946,-0.027,1.469,0.586,0.001,-1.455,0.474
-0.006,0.155,0.946,-0.027,1.469,0.586,0.001,-1.455,0.474
-0.006,0.155,0.946,-0.027,1.469,0.586,0.001,-1.455,0.474
-0.007,0.155,0.946,-0.027,1.469,0.586,0.000,-1.455,0.474
-0.007,0.155,0.946,-0.027,1.469,0.586,0.000,-1.455,0.474
-0.007,0.155,0.946,-0.027,1.469,0.586,0.000,-1.455,0.474
-0.007,0.155,0.946,-0.028,1.469,0.586,0.000,-1.455,0.474
-0.008,0.155,0.946,-0.028,1.469,0.586,-0.000,-1.455,0.474
-0.008,0.155,0.946,-0.028,1.469,0.586,-0.000,-1.455,0.474
-0.008,0.155,0.946,-0.028,1.469,0.586,-0.000,-1.455,0.474
-0.008,0.155,0.946,-0.028,1.469,0.586,-0.000,-1.455,0.474
-0.008,0.155,0.946,-0.028,1.469,0.586,-0.001,-1.455,0.474
-0.009,0.155,0.946,-0.029,1.469,0.586,-0.001,-1.455,0.474
-0.009,0.155,0.946,-0.028,1.469,0.586,-0.001,-1.454,0.474
-0.009,0.155,0.946,-0.029,1.469,0.586,-0.001,-1.454,0.474
-0.009,0.155,0.946,-0.029,1.469,0.586,-0.001,-1.454,0.474
-0.009,0.155,0.946,-0.029,1.469,0.586,-0.001,-1.454,0.474
-0.009,0.156,0.945,-0.029,1.469,0.585,-0.001,-1.454,0.473
-0.009,0.155,0.946,-0.029,1.469,0.585,-0.001,-1.454,0.473
-0.010,0.155,0.946,-0.029,1.469,0.585,-0.001,-1.454,0.473
-0.010,0.155,0.946,-0.029,1.469,0.585,-0.002,-1.454,0.473
-0.010,0.155,0.946,-0.029,1.469,0.586,-0.002,-1.454,0.473
-0.010,0.155,0.946,-0.029,1.469,0.586,-0.002,-1.454,0.473
-0.010,0.155,0.946,-0.029,1.469,0.586,-0.002,-1.454,0.473
-0.010,0.155,0.946,-0.029,1.469,0.586,-0.002,-1.454,0.473
-0.010,0.156,0.946,-0.029,1.469,0.586,-0.002,-1.454,0.473
-0.010,0.156,0.946,-0.029,1.469,0.586,-0.002,-1.454,0.473
-0.010,0.156,0.946,-0.029,1.469,0.586,-0.002,-1.454,0.473
-0.010,0.156,0.946,-0.029,1.469,0.586,-0.002,-1.454,0.473
-0.010,0.156,0.946,-0.029,1.469,0.586,-0.002,-1.454,0.473
-0.010,0.156,0.946,-0.029,1.469,0.586,-0.002,-1.454,0.473
-0.010,0.156,0.946,-0.029,1.469,0.586,-0.002,-1.454,0.473
-0.010,0.156,0.946,-0.029,1.469,0.586,-0.002,-1.454,0.473
-0.010,0.156,0.946,-0.029,1.469,0.586,-0.002,-1.454,0.473
-0.010,0.156,0.946,-0.029,1.469,0.586,-0.002,-1.454,0.473
-0.011,0.156,0.946,-0.029,1.469,0.586,-0.002,-1.454,0.473
-0.011,0.156,0.946,-0.030,1.469,0.586,-0.003,-1.454,0.473
-0.011,0.156,0.946,-0.030,1.469,0.586,-0.003,-1.454,0.473
-0.011,0.156,0.946,-0.030,1.469,0.586,-0.003,-1.454,0.473
-0.011,0.156,0.946,-0.030,1.469,0.586,-0.003,-1.454,0.473
-0.012,0.156,0.946,-0.030,1.469,0.586,-0.003,-1.454,0.473
-0.012,0.156,0.946,-0.030,1.469,0.586,-0.003,-1.454,0.473
-0.012,0.156,0.946,-0.030,1.469,0.586,-0.003,-1.454,0.473
-0.012,0.156,0.946,-0.030,1.469,0.586,-0.004,-1.454,0.473
-0.013,0.156,0.945,-0.030,1.469,0.586,-0.004,-1.454,0.473
-0.013,0.156,0.945,-0.030,1.469,0.586,-0.004,-1.454,0.473
-0.013,0.156,0.945,-0.031,1.469,0.586,-0.004,-1.454,0.473
-0.013,0.156,0.945,-0.031,1.469,0.586,-0.004,-1.454,0.473
-0.013,0.156,0.945,-0.031,1.469,0.586,-0.004,-1.454,0.473
-0.013,0.156,0.945,-0.031,1.469,0.586,-0.004,-1.454,0.473
-0.013,0.156,0.945,-0.031,1.470,0.586,-0.004,-1.454,0.473
-0.013,0.156,0.945,-0.031,1.470,0.585,-0.004,-1.454,0.473
-0.013,0.156,0.945,-0.031,1.470,0.585,-0.004,-1.454,0.473
-0.013,0.156,0.945,-0.031,1.469,0.585,-0.004,-1.454,0.473
-0.013,0.156,0.945,-0.031,1.469,0.585,-0.004,-1.454,0.473
-0.013,0.156,0.945,-0.031,1.469,0.585,-0.004,-1.454,0.473
-0.014,0.156,0.945,-0.031,1.469,0.585,-0.005,-1.454,0.473
-0.014,0.156,0.945,-0.031,1.469,0.585,-0.005,-1.454,0.473
-0.014,0.156,0.945,-0.031,1.469,0.585,-0.005,-1.454,0.473
-0.014,0.156,0.945,-0.031,1.469,0.585,-0.005,-1.454,0.473
-0.014,0.156,0.945,-0.031,1.469,0.585,-0.005,-1.454,0.473
-0.014,0.156,0.945,-0.031,1.470,0.585,-0.005,-1.454,0.473
-0.014,0.156,0.945,-0.031,1.470,0.585,-0.005,-1.454,0.473
-0.014,0.156,0.945,-0.031,1.470,0.585,-0.005,-1.454,0.473
-0.014,0.156,0.945,-0.031,1.470,0.585,-0.005,-1.454,0.473
-0.014,0.156,0.945,-0.031,1.470,0.585,-0.005,-1.454,0.473
-0.014,0.156,0.945,-0.031,1.470,0.585,-0.005,-1.454,0.473
-0.014,0.156,0.945,-0.031,1.470,0.585,-0.005,-1.454,0.473
-0.015,0.156,0.945,-0.031,1.470,0.585,-0.005,-1.454,0.473
-0.015,0.156,0.945,-0.031,1.470,0.585,-0.005,-1.453,0.473
-0.015,0.156,0.945,-0.031,1.470,0.585,-0.005,-1.453,0.473
-0.015,0.156,0.945,-0.031,1.470,0.585,-0.005,-1.453,0.473
-0.015,0.156,0.945,-0.031,1.470,0.585,-0.005,-1.453,0.473
-0.015,0.156,0.945,-0.031,1.470,0.585,-0.005,-1.453,0.473
-0.014,0.156,0.945,-0.031,1.470,0.585,-0.005,-1.453,0.473
-0.014,0.156,0.945,-0.031,1.470,0.585,-0.005,-1.453,0.473
-0.014,0.156,0.945,-0.031,1.470,0.585,-0.005,-1.453,0.473
-0.014,0.156,0.945,-0.031,1.470,0.585,-0.005,-1.453,0.473
-0.014,0.156,0.945,-0.031,1.470,0.585,-0.005,-1.453,0.473
-0.014,0.156,0.945,-0.031,1.470,0.585,-0.005,-1.453,0.473
-0.014,0.156,0.945,-0.031,1.470,0.585,-0.005,-1.453,0.473
-0.014,0.156,0.945,-0.031,1.470,0.585,-0.005,-1.453,0.473
-0.014,0.156,0.945,-0.031,1.470,0.585,-0.005,-1.453,0.473
-0.014,0.156,0.945,-0.031,1.470,0.585,-0.005,-1.453,0.473
-0.014,0.156,0.945,-0.031,1.470,0.585,-0.005,-1.453,0.473
-0.014,0.156,0.945,-0.031,1.470,0.585,-0.005,-1.453,0.473
-0.014,0.156,0.945,-0.031,1.470,0.585,-0.005,-1.453,0.473
-0.014,0.156,0.945,-0.031,1.470,0.585,-0.005,-1.453,0.473
-0.014,0.156,0.945,-0.031,1.470,0.585,-0.005,-1.453,0.472
-0.014,0.156,0.945,-0.031,1.470,0.585,-0.005,-1.453,0.472
-0.014,0.156,0.945,-0.031,1.470,0.585,-0.005,-1.453,0.472
-0.014,0.156,0.945,-0.031,1.470,0.585,-0.005,-1.453,0.472
-0.014,0.156,0.945,-0.031,1.470,0.585,-0.005,-1.453,0.473
-0.014,0.156,0.945,-0.031,1.470,0.585,-0.005,-1.453,0.473
-0.014,0.156,0.945,-0.031,1.470,0.585,-0.005,-1.453,0.473
-0.014,0.156,0.945,-0.031,1.470,0.585,-0.005,-1.453,0.473
-0.014,0.156,0.945,-0.031,1.470,0.585,-0.005,-1.453,0.473
-0.014,0.156,0.945,-0.031,1.470,0.585,-0.005,-1.453,0.473
-0.014,0.156,0.945,-0.031,1.470,0.585,-0.006,-1.453,0.473
-0.014,0.156,0.945,-0.031,1.470,0.585,-0.006,-1.453,0.473
-0.014,0.156,0.945,-0.031,1.470,0.585,-0.006,-1.453,0.473
-0.014,0.156,0.945,-0.031,1.470,0.585,-0.006,-1.453,0.473
-0.014,0.156,0.945,-0.031,1.470,0.585,-0.006,-1.453,0.473
-0.014,0.156,0.945,-0.031,1.470,0.585,-0.006,-1.453,0.473
-0.014,0.156,0.945,-0.031,1.470,0.585,-0.006,-1.453,0.473
-0.014,0.156,0.945,-0.031,1.470,0.585,-0.006,-1.453,0.473
-0.014,0.156,0.945,-0.031,1.470,0.585,-0.006,-1.453,0.473
-0.014,0.156,0.945,-0.031,1.470,0.585,-0.006,-1.453,0.473
-0.014,0.156,0.945,-0.031,1.470,0.585,-0.006,-1.453,0.473
-0.014,0.156,0.945,-0.031,1.470,0.585,-0.006,-1.453,0.473
-0.014,0.156,0.945,-0.031,1.470,0.585,-0.006,-1.453,0.473
-0.014,0.156,0.945,-0.031,1.470,0.585,-0.006,-1.453,0.473
-0.014,0.156,0.945,-0.031,1.470,0.585,-0.006,-1.453,0.473
-0.014,0.156,0.945,-0.031,1.470,0.585,-0.006,-1.453,0.473
-0.014,0.156,0.945,-0.031,1.470,0.585,-0.006,-1.453,0.473
-0.014,0.156,0.945,-0.031,1.470,0.585,-0.006,-1.453,0.473
-0.014,0.156,0.945,-0.031,1.470,0.585,-0.006,-1.453,0.473
-0.014,0.157,0.945,-0.031,1.470,0.585,-0.006,-1.453,0.473
-0.015,0.157,0.945,-0.031,1.470,0.585,-0.006,-1.453,0.473
-0.015,0.157,0.945,-0.031,1.470,0.585,-0.006,-1.453,0.473
-0.015,0.156,0.945,-0.031,1.470,0.585,-0.006,-1.453,0.473
-0.015,0.156,0.945,-0.031,1.470,0.585,-0.006,-1.453,0.473
-0.015,0.156,0.945,-0.031,1.470,0.585,-0.006,-1.453,0.473
-0.015,0.156,0.945,-0.031,1.470,0.585,-0.006,-1.453,0.473
-0.015,0.156,0.945,-0.031,1.470,0.585,-0.006,-1.453,0.473
-0.015,0.157,0.945,-0.031,1.470,0.585,-0.006,-1.453,0.472
-0.015,0.157,0.945,-0.031,1.470,0.585,-0.007,-1.453,0.472
-0.015,0.157,0.945,-0.031,1.470,0.585,-0.007,-1.453,0.472
-0.015,0.156,0.945,-0.031,1.470,0.585,-0.007,-1.453,0.472
-0.015,0.156,0.945,-0.031,1.470,0.585,-0.007,-1.453,0.472
-0.015,0.156,0.945,-0.031,1.470,0.585,-0.007,-1.453,0.473
-0.015,0.156,0.945,-0.031,1.470,0.585,-0.007,-1.453,0.473
-0.015,0.156,0.945,-0.031,1.470,0.585,-0.007,-1.453,0.473
-0.015,0.156,0.945,-0.031,1.470,0.585,-0.007,-1.453,0.473
-0.015,0.156,0.945,-0.031,1.470,0.585,-0.007,-1.453,0.473
-0.015,0.156,0.945,-0.031,1.470,0.585,-0.007,-1.453,0.473
-0.015,0.156,0.945,-0.032,1.470,0.585,-0.007,-1.453,0.473
-0.016,0.156,0.945,-0.032,1.470,0.585,-0.007,-1.453,0.473
-0.016,0.156,0.945,-0.032,1.470,0.585,-0.007,-1.453,0.473
-0.016,0.156,0.945,-0.032,1.470,0.585,-0.007,-1.453,0.473
-0.016,0.157,0.945,-0.032,1.470,0.585,-0.007,-1.453,0.473
-0.016,0.157,0.945,-0.032,1.470,0.585,-0.007,-1.453,0.473
-0.016,0.157,0.945,-0.032,1.470,0.585,-0.007,-1.453,0.473
-0.016,0.157,0.945,-0.032,1.470,0.585,-0.007,-1.453,0.473
-0.016,0.157,0.945,-0.032,1.470,0.585,-0.007,-1.453,0.473
-0.016,0.157,0.945,-0.032,1.470,0.585,-0.007,-1.453,0.473
-0.016,0.157,0.945,-0.032,1.470,0.585,-0.007,-1.453,0.473
-0.016,0.157,0.945,-0.032,1.470,0.585,-0.007,-1.453,0.473
-0.016,0.157,0.945,-0.032,1.470,0.585,-0.007,-1.453,0.473
-0.016,0.157,0.945,-0.032,1.470,0.585,-0.007,-1.453,0.473
-0.016,0.157,0.945,-0.032,1.470,0.585,-0.007,-1.453,0.473
-0.016,0.157,0.945,-0.032,1.470,0.585,-0.007,-1.453,0.473
-0.016,0.157,0.945,-0.032,1.470,0.585,-0.007,-1.453,0.473
-0.016,0.157,0.945,-0.032,1.470,0.585,-0.007,-1.453,0.473
-0.016,0.157,0.945,-0.032,1.470,0.585,-0.007,-1.453,0.473
-0.016,0.157,0.945,-0.032,1.470,0.585,-0.007,-1.453,0.473
-0.016,0.157,0.945,-0.032,1.470,0.585,-0.007,-1.453,0.473
-0.016,0.157,0.945,-0.032,1.470,0.585,-0.007,-1.453,0.472
-0.016,0.157,0.945,-0.032,1.471,0.585,-0.007,-1.453,0.472
-0.016,0.157,0.945,-0.032,1.471,0.585,-0.008,-1.453,0.472
-0.016,0.157,0.945,-0.032,1.471,0.585,-0.008,-1.453,0.472
-0.016,0.157,0.945,-0.032,1.471,0.585,-0.008,-1.453,0.472
-0.016,0.157,0.945,-0.032,1.471,0.585,-0.007,-1.453,0.473
-0.016,0.157,0.945,-0.032,1.471,0.585,-0.007,-1.453,0.473
-0.016,0.157,0.945,-0.032,1.471,0.585,-0.007,-1.453,0.473
-0.016,0.157,0.945,-0.031,1.471,0.585,-0.007,-1.453,0.473
-0.016,0.157,0.945,-0.031,1.471,0.585,-0.007,-1.453,0.473
-0.015,0.157,0.945,-0.031,1.471,0.585,-0.007,-1.453,0.473
-0.015,0.157,0.945,-0.031,1.471,0.585,-0.007,-1.453,0.473
-0.015,0.157,0.945,-0.031,1.471,0.585,-0.007,-1.453,0.473
-0.015,0.157,0.945,-0.031,1.471,0.585,-0.007,-1.452,0.473
-0.015,0.157,0.945,-0.031,1.471,0.585,-0.007,-1.453,0.473
-0.015,0.157,0.945,-0.031,1.471,0.585,-0.007,-1.452,0.473
-0.015,0.157,0.945,-0.031,1.471,0.585,-0.007,-1.453,0.473
-0.015,0.157,0.945,-0.031,1.471,0.585,-0.007,-1.452,0.473
-0.015,0.157,0.945,-0.031,1.471,0.585,-0.007,-1.453,0.473
-0.015,0.157,0.945,-0.031,1.471,0.585,-0.007,-1.453,0.473
-0.015,0.157,0.945,-0.031,1.471,0.585,-0.007,-1.453,0.473
-0.015,0.157,0.945,-0.031,1.471,0.585,-0.007,-1.453,0.473
-0.015,0.157,0.945,-0.031,1.471,0.585,-0.007,-1.453,0.473
-0.015,0.157,0.945,-0.031,1.471,0.585,-0.007,-1.453,0.473
-0.015,0.157,0.945,-0.031,1.471,0.585,-0.007,-1.453,0.473
-0.015,0.157,0.945,-0.031,1.471,0.585,-0.007,-1.453,0.472
-0.015,0.157,0.945,-0.031,1.471,0.585,-0.007,-1.453,0.472
-0.015,0.157,0.945,-0.031,1.471,0.585,-0.007,-1.453,0.472
-0.015,0.157,0.945,-0.031,1.471,0.585,-0.007,-1.453,0.472
-0.015,0.157,0.945,-0.031,1.471,0.585,-0.007,-1.453,0.472
-0.015,0.157,0.945,-0.031,1.470,0.585,-0.007,-1.453,0.473
-0.015,0.157,0.945,-0.031,1.470,0.585,-0.007,-1.453,0.473
-0.015,0.157,0.945,-0.031,1.470,0.585,-0.007,-1.453,0.473
-0.015,0.157,0.945,-0.031,1.470,0.585,-0.007,-1.453,0.473
-0.015,0.157,0.945,-0.031,1.470,0.585,-0.007,-1.453,0.473
-0.015,0.157,0.945,-0.031,1.470,0.585,-0.007,-1.453,0.473
-0.015,0.157,0.945,-0.031,1.470,0.585,-0.007,-1.453,0.473
-0.015,0.157,0.945,-0.031,1.470,0.585,-0.007,-1.453,0.473
-0.015,0.157,0.945,-0.031,1.470,0.585,-0.007,-1.453,0.473
-0.016,0.157,0.945,-0.031,1.470,0.585,-0.007,-1.453,0.473
-0.016,0.157,0.945,-0.031,1.470,0.585,-0.007,-1.453,0.473
-0.016,0.157,0.945,-0.031,1.470,0.585,-0.007,-1.453,0.473
-0.016,0.157,0.945,-0.031,1.470,0.585,-0.007,-1.453,0.473
-0.016,0.157,0.945,-0.031,1.470,0.585,-0.007,-1.453,0.473
-0.016,0.157,0.945,-0.031,1.470,0.585,-0.007,-1.453,0.473
-0.016,0.157,0.945,-0.031,1.470,0.585,-0.007,-1.453,0.473
-0.016,0.157,0.945,-0.031,1.470,0.585,-0.007,-1.453,0.473
-0.016,0.157,0.945,-0.031,1.470,0.585,-0.007,-1.453,0.473
-0.016,0.157,0.945,-0.031,1.470,0.585,-0.007,-1.453,0.473
-0.016,0.157,0.945,-0.031,1.470,0.585,-0.007,-1.453,0.473
-0.016,0.157,0.945,-0.031,1.470,0.585,-0.007,-1.453,0.473
-0.016,0.157,0.945,-0.031,1.470,0.585,-0.007,-1.453,0.473
-0.016,0.157,0.945,-0.031,1.470,0.585,-0.007,-1.453,0.473
-0.016,0.157,0.945,-0.031,1.470,0.585,-0.007,-1.453,0.473
-0.016,0.157,0.945,-0.031,1.470,0.585,-0.007,-1.453,0.473
-0.015,0.157,0.945,-0.031,1.470,0.585,-0.007,-1.453,0.473
-0.015,0.157,0.945,-0.031,1.470,0.585,-0.007,-1.453,0.473
-0.015,0.157,0.945,-0.031,1.470,0.585,-0.007,-1.453,0.473
-0.015,0.157,0.945,-0.031,1.470,0.585,-0.007,-1.453,0.473
-0.015,0.157,0.945,-0.031,1.470,0.585,-0.007,-1.453,0.473
-0.015,0.157,0.945,-0.031,1.470,0.585,-0.007,-1.453,0.473
-0.015,0.157,0.945,-0.031,1.470,0.585,-0.007,-1.453,0.473
-0.015,0.157,0.945,-0.031,1.470,0.585,-0.007,-1.453,0.473
-0.015,0.157,0.945,-0.031,1.470,0.585,-0.007,-1.453,0.473
-0.015,0.157,0.945,-0.031,1.470,0.585,-0.007,-1.453,0.473
-0.015,0.157,0.945,-0.031,1.470,0.585,-0.007,-1.453,0.473
-0.015,0.157,0.945,-0.031,1.471,0.585,-0.007,-1.453,0.472
-0.015,0.157,0.945,-0.031,1.471,0.585,-0.007,-1.453,0.472
-0.015,0.157,0.945,-0.031,1.470,0.585,-0.007,-1.453,0.472
-0.015,0.157,0.945,-0.031,1.470,0.585,-0.007,-1.453,0.472
-0.015,0.157,0.945,-0.031,1.470,0.585,-0.007,-1.453,0.472
-0.015,0.157,0.945,-0.031,1.470,0.585,-0.007,-1.453,0.473
-0.015,0.157,0.945,-0.031,1.470,0.585,-0.007,-1.453,0.473
-0.015,0.157,0.945,-0.031,1.470,0.585,-0.007,-1.453,0.473
-0.015,0.157,0.945,-0.031,1.470,0.585,-0.007,-1.453,0.473
-0.015,0.157,0.945,-0.031,1.470,0.585,-0.007,-1.453,0.473
-0.016,0.157,0.945,-0.031,1.470,0.585,-0.007,-1.453,0.473
-0.016,0.157,0.945,-0.031,1.470,0.585,-0.007,-1.453,0.473
-0.016,0.157,0.945,-0.032,1.470,0.585,-0.007,-1.453,0.473
-0.016,0.157,0.945,-0.032,1.470,0.585,-0.007,-1.453,0.473
-0.016,0.157,0.945,-0.031,1.470,0.585,-0.007,-1.453,0.473
-0.015,0.157,0.945,-0.031,1.470,0.585,-0.007,-1.453,0.473
-0.015,0.157,0.945,-0.031,1.470,0.585,-0.007,-1.453,0.473
-0.015,0.157,0.945,-0.031,1.470,0.585,-0.007,-1.453,0.473
-0.015,0.157,0.945,-0.031,1.470,0.585,-0.007,-1.453,0.473
-0.015,0.157,0.945,-0.031,1.470,0.585,-0.007,-1.453,0.473
-0.015,0.157,0.945,-0.031,1.470,0.585,-0.007,-1.453,0.473
-0.015,0.157,0.945,-0.031,1.470,0.585,-0.007,-1.453,0.473
-0.015,0.157,0.945,-0.031,1.470,0.585,-0.007,-1.453,0.473
-0.015,0.157,0.945,-0.031,1.470,0.585,-0.007,-1.453,0.472
-0.015,0.157,0.945,-0.031,1.470,0.585,-0.007,-1.453,0.472
-0.015,0.157,0.945,-0.031,1.470,0.585,-0.007,-1.453,0.472
-0.016,0.157,0.945,-0.031,1.470,0.585,-0.007,-1.453,0.472
-0.016,0.157,0.945,-0.031,1.470,0.585,-0.007,-1.453,0.473
-0.016,0.157,0.945,-0.031,1.470,0.585,-0.007,-1.453,0.473
-0.016,0.157,0.945,-0.031,1.470,0.585,-0.007,-1.453,0.473
-0.016,0.157,0.945,-0.031,1.470,0.585,-0.007,-1.453,0.473
-0.016,0.157,0.945,-0.031,1.470,0.585,-0.007,-1.453,0.473
-0.016,0.157,0.945,-0.031,1.470,0.585,-0.007,-1.453,0.473
-0.016,0.157,0.945,-0.031,1.470,0.585,-0.007,-1.453,0.473
-0.016,0.157,0.945,-0.031,1.470,0.585,-0.007,-1.453,0.473
-0.016,0.157,0.945,-0.031,1.470,0.585,-0.007,-1.453,0.473
-0.016,0.157,0.945,-0.032,1.470,0.585,-0.007,-1.453,0.473
-0.016,0.157,0.945,-0.032,1.470,0.585,-0.007,-1.453,0.473
-0.016,0.157,0.945,-0.032,1.470,0.585,-0.007,-1.453,0.473
-0.016,0.157,0.945,-0.032,1.470,0.585,-0.007,-1.453,0.473
-0.016,0.157,0.945,-0.032,1.470,0.585,-0.007,-1.453,0.473
-0.016,0.157,0.945,-0.032,1.470,0.585,-0.007,-1.453,0.473
-0.016,0.157,0.945,-0.032,1.470,0.585,-0.007,-1.453,0.473
-0.016,0.157,0.945,-0.032,1.470,0.585,-0.007,-1.453,0.473
-0.016,0.157,0.945,-0.031,1.470,0.585,-0.007,-1.453,0.473
-0.016,0.157,0.945,-0.031,1.470,0.585,-0.007,-1.453,0.473
-0.015,0.157,0.945,-0.031,1.470,0.585,-0.007,-1.453,0.473
-0.015,0.157,0.945,-0.031,1.470,0.585,-0.007,-1.453,0.473
-0.015,0.157,0.945,-0.031,1.470,0.585,-0.007,-1.453,0.473
-0.016,0.157,0.945,-0.031,1.470,0.585,-0.007,-1.453,0.473
-0.016,0.157,0.945,-0.032,1.470,0.585,-0.007,-1.453,0.473
-0.016,0.157,0.945,-0.032,1.470,0.585,-0.007,-1.453,0.472
-0.016,0.157,0.945,-0.032,1.470,0.585,-0.007,-1.453,0.472
-0.016,0.157,0.945,-0.032,1.470,0.585,-0.007,-1.453,0.472
-0.016,0.157,0.945,-0.032,1.470,0.585,-0.007,-1.453,0.472
-0.016,0.156,0.945,-0.032,1.470,0.585,-0.007,-1.453,0.473
-0.015,0.156,0.945,-0.031,1.470,0.585,-0.007,-1.453,0.473
-0.015,0.156,0.945,-0.031,1.470,0.585,-0.007,-1.453,0.473
-0.015,0.156,0.945,-0.031,1.470,0.585,-0.007,-1.453,0.473
-0.015,0.156,0.945,-0.031,1.470,0.585,-0.007,-1.453,0.473
-0.015,0.156,0.945,-0.031,1.470,0.585,-0.007,-1.453,0.473
-0.015,0.156,0.945,-0.031,1.470,0.585,-0.007,-1.453,0.473
-0.015,0.156,0.945,-0.031,1.470,0.585,-0.007,-1.453,0.473
-0.015,0.156,0.945,-0.031,1.470,0.585,-0.007,-1.453,0.473
-0.015,0.156,0.945,-0.031,1.470,0.585,-0.007,-1.453,0.473
-0.015,0.156,0.945,-0.031,1.470,0.585,-0.007,-1.453,0.473
-0.015,0.156,0.945,-0.031,1.470,0.585,-0.007,-1.453,0.473
-0.015,0.156,0.945,-0.031,1.470,0.585,-0.007,-1.453,0.473
-0.015,0.156,0.945,-0.031,1.470,0.585,-0.007,-1.453,0.473
-0.015,0.156,0.945,-0.031,1.470,0.585,-0.007,-1.453,0.473
-0.015,0.156,0.945,-0.031,1.470,0.585,-0.007,-1.453,0.473
-0.015,0.156,0.945,-0.031,1.470,0.585,-0.007,-1.453,0.473
-0.015,0.156,0.945,-0.031,1.470,0.585,-0.007,-1.453,0.473
-0.015,0.156,0.945,-0.031,1.470,0.585,-0.007,-1.453,0.473
-0.015,0.156,0.945,-0.031,1.470,0.585,-0.007,-1.453,0.473
-0.015,0.156,0.945,-0.031,1.470,0.585,-0.007,-1.453,0.473
-0.015,0.156,0.945,-0.031,1.470,0.585,-0.007,-1.453,0.473
-0.015,0.156,0.945,-0.031,1.470,0.585,-0.007,-1.453,0.473
-0.015,0.156,0.945,-0.031,1.470,0.585,-0.007,-1.453,0.473
-0.015,0.156,0.945,-0.031,1.470,0.585,-0.007,-1.453,0.472
-0.015,0.156,0.945,-0.031,1.470,0.585,-0.007,-1.453,0.472
-0.015,0.156,0.945,-0.031,1.470,0.585,-0.007,-1.453,0.472
-0.015,0.156,0.945,-0.031,1.470,0.585,-0.007,-1.453,0.472
-0.015,0.156,0.945,-0.031,1.470,0.585,-0.007,-1.453,0.473
-0.015,0.156,0.945,-0.031,1.470,0.585,-0.007,-1.453,0.473
-0.015,0.156,0.945,-0.031,1.470,0.585,-0.007,-1.453,0.473
-0.015,0.156,0.945,-0.031,1.470,0.585,-0.007,-1.453,0.473
-0.015,0.156,0.945,-0.031,1.470,0.585,-0.007,-1.453,0.473
-0.015,0.156,0.945,-0.031,1.470,0.585,-0.007,-1.453,0.473
-0.015,0.156,0.945,-0.031,1.470,0.585,-0.007,-1.453,0.473
-0.015,0.156,0.945,-0.031,1.470,0.585,-0.007,-1.453,0.473
-0.015,0.156,0.945,-0.031,1.470,0.585,-0.007,-1.453,0.473
-0.015,0.156,0.945,-0.031,1.470,0.585,-0.007,-1.453,0.473
-0.015,0.156,0.945,-0.031,1.470,0.585,-0.007,-1.453,0.473
-0.015,0.156,0.945,-0.031,1.470,0.585,-0.007,-1.453,0.473
-0.015,0.156,0.945,-0.031,1.470,0.585,-0.007,-1.453,0.473
-0.015,0.156,0.945,-0.031,1.470,0.585,-0.007,-1.453,0.473
-0.015,0.156,0.945,-0.031,1.470,0.585,-0.007,-1.453,0.473
-0.015,0.156,0.945,-0.031,1.470,0.585,-0.006,-1.453,0.473
-0.015,0.156,0.945,-0.031,1.470,0.585,-0.006,-1.453,0.473
-0.015,0.156,0.945,-0.031,1.470,0.585,-0.006,-1.453,0.473
-0.015,0.156,0.945,-0.031,1.470,0.585,-0.006,-1.453,0.473
-0.015,0.156,0.945,-0.031,1.470,0.585,-0.006,-1.453,0.473
-0.015,0.156,0.945,-0.031,1.470,0.585,-0.006,-1.453,0.473
-0.015,0.156,0.945,-0.031,1.470,0.585,-0.006,-1.453,0.473
-0.015,0.156,0.945,-0.031,1.470,0.585,-0.006,-1.453,0.472
-0.015,0.156,0.945,-0.031,1.470,0.585,-0.006,-1.453,0.472
-0.015,0.156,0.945,-0.031,1.470,0.585,-0.006,-1.453,0.472
-0.015,0.156,0.945,-0.031,1.470,0.585,-0.006,-1.453,0.472
-0.015,0.156,0.945,-0.031,1.470,0.585,-0.006,-1.453,0.473
-0.015,0.156,0.945,-0.031,1.470,0.585,-0.006,-1.453,0.473
-0.015,0.156,0.945,-0.031,1.470,0.585,-0.006,-1.453,0.473
-0.015,0.156,0.945,-0.031,1.470,0.585,-0.006,-1.453,0.473
-0.015,0.156,0.945,-0.031,1.470,0.585,-0.006,-1.453,0.473
-0.015,0.156,0.945,-0.031,1.470,0.585,-0.006,-1.453,0.473
-0.015,0.156,0.945,-0.031,1.470,0.585,-0.006,-1.453,0.473
-0.015,0.156,0.945,-0.031,1.470,0.585,-0.006,-1.453,0.473
-0.015,0.156,0.945,-0.030,1.470,0.585,-0.006,-1.453,0.473
-0.015,0.156,0.945,-0.030,1.470,0.585,-0.006,-1.453,0.473
-0.015,0.156,0.945,-0.030,1.470,0.585,-0.006,-1.453,0.473
-0.015,0.156,0.945,-0.030,1.470,0.585,-0.006,-1.453,0.473
-0.015,0.156,0.945,-0.030,1.470,0.585,-0.006,-1.453,0.473
-0.015,0.156,0.945,-0.030,1.470,0.585,-0.006,-1.453,0.473
-0.015,0.156,0.945,-0.030,1.470,0.585,-0.006,-1.453,0.473
-0.015,0.156,0.945,-0.030,1.470,0.585,-0.006,-1.453,0.473
-0.015,0.156,0.945,-0.030,1.470,0.585,-0.006,-1.453,0.473
-0.015,0.156,0.945,-0.030,1.470,0.585,-0.006,-1.453,0.473
-0.015,0.156,0.945,-0.030,1.470,0.585,-0.006,-1.453,0.473
-0.015,0.156,0.945,-0.030,1.470,0.585,-0.006,-1.453,0.473
-0.015,0.156,0.945,-0.030,1.470,0.585,-0.006,-1.453,0.473
-0.015,0.156,0.945,-0.030,1.470,0.585,-0.006,-1.453,0.473
-0.015,0.156,0.945,-0.030,1.470,0.585,-0.006,-1.453,0.473
-0.015,0.156,0.945,-0.030,1.470,0.585,-0.006,-1.453,0.473
-0.015,0.156,0.945,-0.030,1.470,0.585,-0.006,-1.453,0.473
-0.015,0.156,0.945,-0.030,1.470,0.585,-0.006,-1.453,0.473
-0.015,0.156,0.945,-0.030,1.470,0.585,-0.006,-1.453,0.473
-0.015,0.156,0.945,-0.030,1.470,0.585,-0.006,-1.453,0.473
-0.015,0.156,0.945,-0.030,1.470,0.585,-0.006,-1.453,0.473
-0.015,0.156,0.945,-0.030,1.470,0.585,-0.006,-1.453,0.472
-0.015,0.157,0.945,-0.030,1.470,0.585,-0.007,-1.453,0.472
-0.015,0.157,0.945,-0.030,1.470,0.585,-0.007,-1.453,0.472
-0.015,0.157,0.945,-0.030,1.470,0.585,-0.007,-1.453,0.473
-0.015,0.157,0.945,-0.030,1.470,0.585,-0.006,-1.453,0.473
-0.015,0.157,0.945,-0.030,1.470,0.585,-0.007,-1.453,0.472
-0.015,0.157,0.945,-0.031,1.470,0.585,-0.007,-1.453,0.473
-0.015,0.157,0.945,-0.031,1.470,0.585,-0.007,-1.453,0.473
-0.015,0.157,0.945,-0.031,1.470,0.585,-0.007,-1.453,0.473
-0.015,0.157,0.945,-0.031,1.470,0.585,-0.007,-1.453,0.473
-0.015,0.157,0.945,-0.031,1.470,0.585,-0.007,-1.453,0.473
-0.015,0.157,0.945,-0.031,1.470,0.585,-0.007,-1.453,0.473
-0.015,0.157,0.945,-0.031,1.470,0.585,-0.007,-1.453,0.473
-0.015,0.157,0.945,-0.031,1.470,0.585,-0.007,-1.453,0.473
-0.015,0.157,0.945,-0.030,1.470,0.585,-0.007,-1.453,0.473
-0.015,0.157,0.945,-0.030,1.470,0.585,-0.007,-1.453,0.473
-0.015,0.157,0.945,-0.030,1.470,0.585,-0.006,-1.453,0.473
-0.015,0.157,0.945,-0.030,1.470,0.585,-0.006,-1.453,0.473
-0.015,0.157,0.945,-0.030,1.470,0.585,-0.006,-1.453,0.473
-0.015,0.157,0.945,-0.030,1.470,0.585,-0.006,-1.453,0.473
-0.015,0.157,0.945,-0.030,1.470,0.585,-0.006,-1.453,0.473
-0.015,0.157,0.945,-0.030,1.470,0.585,-0.006,-1.453,0.473
-0.015,0.157,0.945,-0.030,1.470,0.585,-0.006,-1.453,0.473
-0.015,0.157,0.945,-0.030,1.470,0.585,-0.006,-1.453,0.473
-0.015,0.157,0.945,-0.030,1.470,0.585,-0.006,-1.453,0.473
-0.015,0.156,0.945,-0.030,1.470,0.585,-0.006,-1.453,0.473
-0.015,0.156,0.945,-0.030,1.470,0.585,-0.006,-1.453,0.473
-0.015,0.156,0.945,-0.030,1.470,0.585,-0.006,-1.453,0.473
-0.014,0.156,0.945,-0.030,1.470,0.585,-0.006,-1.453,0.473
-0.014,0.156,0.945,-0.030,1.470,0.585,-0.006,-1.453,0.473
-0.014,0.156,0.945,-0.030,1.470,0.585,-0.006,-1.453,0.473
-0.014,0.156,0.945,-0.030,1.470,0.585,-0.006,-1.453,0.473
-0.014,0.156,0.945,-0.030,1.470,0.585,-0.006,-1.453,0.473
-0.014,0.156,0.945,-0.030,1.470,0.585,-0.006,-1.453,0.473
-0.014,0.156,0.945,-0.030,1.470,0.585,-0.006,-1.453,0.472
-0.014,0.157,0.945,-0.030,1.470,0.585,-0.006,-1.453,0.472
-0.014,0.157,0.945,-0.030,1.470,0.585,-0.006,-1.453,0.472
-0.014,0.156,0.945,-0.030,1.470,0.585,-0.006,-1.453,0.472
-0.014,0.156,0.945,-0.030,1.470,0.585,-0.006,-1.453,0.472
-0.014,0.156,0.945,-0.030,1.470,0.585,-0.006,-1.453,0.473
-0.014,0.156,0.945,-0.030,1.470,0.585,-0.006,-1.453,0.473
-0.014,0.156,0.945,-0.030,1.470,0.585,-0.006,-1.453,0.473
-0.014,0.156,0.945,-0.030,1.470,0.585,-0.006,-1.453,0.473
-0.014,0.156,0.945,-0.030,1.470,0.585,-0.006,-1.453,0.473
-0.014,0.156,0.945,-0.030,1.470,0.585,-0.007,-1.453,0.473
-0.015,0.156,0.945,-0.030,1.470,0.585,-0.007,-1.453,0.473
-0.015,0.156,0.945,-0.030,1.470,0.585,-0.007,-1.453,0.473
-0.015,0.156,0.945,-0.030,1.470,0.585,-0.007,-1.453,0.473
-0.015,0.156,0.945,-0.030,1.470,0.585,-0.007,-1.453,0.473
-0.015,0.156,0.945,-0.030,1.470,0.585,-0.007,-1.453,0.473
-0.015,0.156,0.945,-0.030,1.470,0.585,-0.007,-1.453,0.473
-0.015,0.156,0.945,-0.030,1.470,0.585,-0.007,-1.454,0.473
-0.015,0.156,0.945,-0.030,1.470,0.585,-0.007,-1.454,0.473
-0.015,0.156,0.945,-0.030,1.470,0.585,-0.007,-1.454,0.473
-0.015,0.156,0.945,-0.030,1.470,0.585,-0.007,-1.454,0.473
-0.015,0.156,0.945,-0.030,1.470,0.585,-0.007,-1.454,0.473
-0.015,0.156,0.945,-0.030,1.470,0.585,-0.007,-1.454,0.473
-0.015,0.156,0.945,-0.030,1.470,0.585,-0.007,-1.454,0.473
-0.015,0.156,0.945,-0.030,1.470,0.585,-0.007,-1.454,0.473
-0.015,0.156,0.945,-0.030,1.470,0.585,-0.007,-1.453,0.472
-0.015,0.156,0.945,-0.030,1.470,0.585,-0.007,-1.453,0.472
-0.015,0.156,0.945,-0.030,1.470,0.585,-0.007,-1.453,0.472
-0.015,0.156,0.945,-0.030,1.470,0.585,-0.007,-1.453,0.472
-0.015,0.156,0.945,-0.030,1.470,0.585,-0.007,-1.454,0.473
-0.015,0.156,0.945,-0.030,1.470,0.585,-0.007,-1.454,0.473
-0.015,0.156,0.945,-0.030,1.470,0.585,-0.007,-1.454,0.473
-0.015,0.156,0.945,-0.030,1.470,0.585,-0.007,-1.454,0.473
-0.015,0.156,0.945,-0.030,1.470,0.585,-0.007,-1.454,0.473
-0.015,0.156,0.945,-0.030,1.470,0.585,-0.007,-1.454,0.473
-0.015,0.156,0.945,-0.030,1.470,0.585,-0.007,-1.454,0.473
-0.015,0.156,0.945,-0.030,1.470,0.585,-0.007,-1.454,0.473
-0.015,0.156,0.945,-0.030,1.470,0.585,-0.007,-1.454,0.473
-0.015,0.156,0.945,-0.030,1.470,0.585,-0.007,-1.454,0.473
-0.015,0.156,0.945,-0.030,1.470,0.585,-0.007,-1.454,0.473
-0.015,0.156,0.945,-0.030,1.470,0.585,-0.007,-1.454,0.473
-0.015,0.156,0.945,-0.030,1.470,0.585,-0.007,-1.454,0.473
-0.015,0.156,0.945,-0.030,1.470,0.585,-0.007,-1.453,0.473
-0.015,0.156,0.945,-0.030,1.470,0.585,-0.007,-1.454,0.473
-0.015,0.156,0.945,-0.031,1.470,0.585,-0.007,-1.454,0.473
-0.015,0.156,0.945,-0.031,1.470,0.585,-0.007,-1.454,0.473
-0.015,0.156,0.945,-0.031,1.470,0.585,-0.007,-1.454,0.473
-0.015,0.156,0.945,-0.031,1.470,0.585,-0.007,-1.454,0.473
-0.016,0.156,0.945,-0.031,1.470,0.585,-0.007,-1.454,0.473
-0.016,0.156,0.945,-0.031,1.470,0.585,-0.007,-1.454,0.473
-0.016,0.156,0.945,-0.031,1.470,0.585,-0.007,-1.454,0.473
-0.015,0.156,0.945,-0.031,1.470,0.585,-0.007,-1.454,0.472
-0.015,0.156,0.945,-0.031,1.470,0.585,-0.007,-1.454,0.472
-0.015,0.156,0.945,-0.031,1.470,0.585,-0.007,-1.454,0.472
-0.015,0.156,0.945,-0.031,1.470,0.585,-0.007,-1.454,0.473
-0.015,0.156,0.945,-0.031,1.470,0.585,-0.007,-1.454,0.473
-0.015,0.156,0.945,-0.031,1.470,0.585,-0.007,-1.454,0.473
-0.015,0.156,0.945,-0.031,1.470,0.585,-0.007,-1.454,0.473
-0.015,0.156,0.945,-0.031,1.470,0.585,-0.007,-1.454,0.473
-0.015,0.156,0.945,-0.031,1.470,0.585,-0.007,-1.454,0.473
-0.015,0.156,0.945,-0.031,1.470,0.585,-0.007,-1.454,0.473
-0.015,0.156,0.945,-0.031,1.470,0.585,-0.007,-1.454,0.473
-0.015,0.156,0.945,-0.031,1.470,0.585,-0.007,-1.454,0.473
-0.015,0.156,0.945,-0.031,1.470,0.585,-0.007,-1.454,0.473
-0.015,0.156,0.945,-0.031,1.470,0.585,-0.007,-1.454,0.473
-0.015,0.156,0.945,-0.031,1.470,0.585,-0.007,-1.454,0.473
-0.015,0.156,0.945,-0.031,1.470,0.585,-0.007,-1.454,0.473
-0.015,0.156,0.945,-0.031,1.470,0.585,-0.007,-1.454,0.473
-0.015,0.156,0.945,-0.031,1.470,0.585,-0.007,-1.454,0.473
-0.015,0.156,0.945,-0.031,1.470,0.585,-0.007,-1.454,0.473
-0.015,0.156,0.945,-0.031,1.470,0.585,-0.007,-1.454,0.473
-0.015,0.156,0.945,-0.031,1.470,0.585,-0.007,-1.454,0.473
-0.015,0.156,0.945,-0.031,1.470,0.585,-0.007,-1.454,0.473
-0.015,0.156,0.945,-0.031,1.470,0.585,-0.007,-1.454,0.473
-0.015,0.156,0.945,-0.031,1.470,0.585,-0.007,-1.454,0.473
-0.015,0.156,0.945,-0.031,1.470,0.585,-0.007,-1.454,0.473
-0.015,0.156,0.945,-0.031,1.470,0.585,-0.007,-1.454,0.473
-0.015,0.156,0.945,-0.030,1.470,0.585,-0.007,-1.454,0.473
-0.015,0.156,0.945,-0.030,1.470,0.585,-0.007,-1.454,0.473
-0.015,0.156,0.945,-0.030,1.470,0.585,-0.007,-1.454,0.473
-0.015,0.156,0.945,-0.030,1.470,0.585,-0.007,-1.454,0.473
-0.015,0.156,0.945,-0.030,1.470,0.585,-0.007,-1.454,0.473
-0.015,0.156,0.945,-0.030,1.470,0.585,-0.007,-1.454,0.473
-0.015,0.156,0.945,-0.030,1.470,0.585,-0.007,-1.454,0.473
-0.015,0.156,0.945,-0.030,1.470,0.585,-0.007,-1.454,0.472
-0.015,0.156,0.945,-0.030,1.470,0.585,-0.007,-1.454,0.472
-0.015,0.156,0.945,-0.030,1.470,0.585,-0.007,-1.454,0.472
-0.015,0.156,0.945,-0.030,1.470,0.585,-0.007,-1.454,0.472
-0.015,0.156,0.945,-0.030,1.470,0.585,-0.007,-1.454,0.473
-0.015,0.156,0.945,-0.030,1.470,0.585,-0.007,-1.454,0.473
-0.015,0.156,0.945,-0.030,1.470,0.585,-0.007,-1.454,0.473
-0.015,0.156,0.945,-0.030,1.470,0.585,-0.007,-1.454,0.473
-0.015,0.156,0.945,-0.030,1.470,0.585,-0.007,-1.454,0.473
-0.015,0.156,0.945,-0.030,1.470,0.585,-0.007,-1.454,0.473
-0.015,0.156,0.945,-0.030,1.470,0.585,-0.007,-1.454,0.473
-0.015,0.156,0.945,-0.030,1.470,0.585,-0.007,-1.454,0.473
-0.015,0.156,0.945,-0.030,1.470,0.585,-0.007,-1.454,0.473
-0.015,0.156,0.945,-0.030,1.470,0.585,-0.007,-1.454,0.473
-0.015,0.156,0.945,-0.030,1.470,0.585,-0.007,-1.454,0.473
-0.015,0.156,0.945,-0.030,1.470,0.585,-0.007,-1.454,0.473
-0.015,0.156,0.945,-0.030,1.470,0.585,-0.007,-1.454,0.473
-0.015,0.156,0.945,-0.030,1.470,0.585,-0.007,-1.454,0.473
-0.015,0.156,0.945,-0.030,1.470,0.585,-0.007,-1.454,0.473
-0.015,0.156,0.945,-0.030,1.470,0.585,-0.007,-1.454,0.473
-0.015,0.156,0.945,-0.030,1.470,0.585,-0.007,-1.454,0.473
-0.015,0.156,0.945,-0.030,1.470,0.585,-0.007,-1.454,0.473
-0.015,0.156,0.945,-0.030,1.470,0.585,-0.007,-1.454,0.473
-0.015,0.156,0.945,-0.030,1.470,0.585,-0.007,-1.454,0.473
-0.015,0.156,0.945,-0.030,1.470,0.585,-0.007,-1.454,0.473
-0.015,0.156,0.945,-0.030,1.470,0.585,-0.007,-1.454,0.473
-0.015,0.156,0.945,-0.030,1.470,0.585,-0.007,-1.454,0.473
-0.015,0.156,0.945,-0.030,1.470,0.585,-0.007,-1.454,0.473
-0.015,0.156,0.945,-0.030,1.470,0.585,-0.007,-1.454,0.473
-0.015,0.156,0.945,-0.030,1.470,0.585,-0.007,-1.454,0.473
-0.015,0.156,0.945,-0.030,1.470,0.585,-0.007,-1.454,0.473
-0.015,0.156,0.945,-0.030,1.470,0.585,-0.007,-1.454,0.472
-0.015,0.156,0.945,-0.030,1.470,0.585,-0.007,-1.454,0.472
-0.015,0.156,0.945,-0.030,1.470,0.585,-0.007,-1.454,0.472
-0.015,0.156,0.945,-0.030,1.470,0.585,-0.007,-1.454,0.472
-0.015,0.156,0.945,-0.030,1.470,0.585,-0.007,-1.453,0.473
-0.015,0.156,0.945,-0.030,1.470,0.585,-0.007,-1.453,0.473
-0.015,0.156,0.945,-0.030,1.470,0.585,-0.007,-1.453,0.473
-0.015,0.156,0.945,-0.030,1.470,0.585,-0.007,-1.453,0.473
-0.015,0.156,0.945,-0.030,1.470,0.585,-0.007,-1.453,0.473
-0.015,0.156,0.945,-0.031,1.470,0.585,-0.007,-1.453,0.473
-0.015,0.156,0.945,-0.030,1.470,0.585,-0.007,-1.453,0.473
-0.015,0.156,0.945,-0.031,1.470,0.585,-0.007,-1.453,0.473
-0.016,0.156,0.945,-0.031,1.470,0.585,-0.008,-1.453,0.473
-0.016,0.156,0.945,-0.031,1.470,0.585,-0.008,-1.453,0.473
-0.016,0.156,0.945,-0.031,1.470,0.585,-0.008,-1.453,0.473
-0.016,0.156,0.945,-0.031,1.470,0.585,-0.008,-1.453,0.473
-0.016,0.156,0.945,-0.031,1.470,0.585,-0.008,-1.453,0.473
-0.016,0.156,0.945,-0.031,1.470,0.585,-0.008,-1.453,0.473
-0.015,0.156,0.945,-0.031,1.470,0.585,-0.008,-1.453,0.473
-0.015,0.156,0.945,-0.031,1.470,0.585,-0.007,-1.453,0.473
-0.015,0.156,0.945,-0.031,1.470,0.585,-0.007,-1.453,0.473
-0.015,0.156,0.945,-0.031,1.470,0.585,-0.007,-1.453,0.473
-0.015,0.156,0.945,-0.031,1.470,0.585,-0.007,-1.453,0.473
-0.015,0.156,0.945,-0.031,1.470,0.585,-0.008,-1.453,0.473
-0.015,0.156,0.945,-0.031,1.470,0.585,-0.008,-1.453,0.473
-0.015,0.156,0.945,-0.031,1.470,0.585,-0.008,-1.453,0.473
-0.015,0.156,0.945,-0.031,1.470,0.585,-0.008,-1.453,0.473
-0.015,0.156,0.945,-0.031,1.470,0.585,-0.008,-1.453,0.473
-0.015,0.157,0.945,-0.031,1.470,0.585,-0.008,-1.453,0.473
-0.015,0.157,0.945,-0.031,1.470,0.585,-0.008,-1.453,0.473
-0.015,0.157,0.945,-0.031,1.470,0.585,-0.008,-1.453,0.472
-0.015,0.157,0.945,-0.031,1.470,0.585,-0.008,-1.453,0.472
-0.015,0.157,0.945,-0.031,1.470,0.585,-0.008,-1.453,0.472
-0.015,0.157,0.945,-0.031,1.470,0.585,-0.008,-1.453,0.472
-0.015,0.157,0.945,-0.031,1.470,0.585,-0.008,-1.453,0.473
-0.016,0.157,0.945,-0.031,1.470,0.585,-0.008,-1.453,0.473
-0.016,0.157,0.945,-0.031,1.470,0.585,-0.008,-1.453,0.473
-0.016,0.157,0.945,-0.031,1.470,0.585,-0.008,-1.453,0.473
-0.016,0.157,0.945,-0.031,1.470,0.585,-0.008,-1.453,0.473
-0.016,0.157,0.945,-0.031,1.470,0.585,-0.008,-1.453,0.473
-0.016,0.157,0.945,-0.031,1.470,0.585,-0.008,-1.453,0.473
-0.016,0.157,0.945,-0.031,1.470,0.585,-0.008,-1.453,0.473
-0.016,0.157,0.945,-0.031,1.470,0.585,-0.008,-1.453,0.473
-0.016,0.157,0.945,-0.031,1.470,0.585,-0.008,-1.453,0.473
-0.016,0.157,0.945,-0.031,1.470,0.585,-0.008,-1.453,0.473
-0.016,0.157,0.945,-0.031,1.470,0.585,-0.008,-1.453,0.473
-0.016,0.157,0.945,-0.031,1.470,0.585,-0.008,-1.453,0.473
-0.016,0.157,0.945,-0.031,1.470,0.585,-0.008,-1.453,0.473
-0.016,0.157,0.945,-0.031,1.470,0.585,-0.008,-1.453,0.473
-0.016,0.157,0.945,-0.031,1.470,0.585,-0.008,-1.453,0.473
-0.016,0.157,0.945,-0.031,1.470,0.585,-0.008,-1.453,0.473
-0.016,0.157,0.945,-0.031,1.470,0.585,-0.008,-1.453,0.473
-0.016,0.157,0.945,-0.031,1.470,0.585,-0.008,-1.453,0.473
-0.016,0.157,0.945,-0.031,1.470,0.585,-0.008,-1.453,0.473
-0.016,0.157,0.945,-0.031,1.470,0.585,-0.008,-1.453,0.473
-0.016,0.157,0.945,-0.031,1.470,0.585,-0.008,-1.453,0.473
-0.016,0.157,0.945,-0.031,1.470,0.585,-0.008,-1.453,0.473
-0.016,0.157,0.945,-0.031,1.470,0.585,-0.008,-1.453,0.473
-0.016,0.157,0.945,-0.031,1.470,0.585,-0.008,-1.453,0.473
-0.016,0.157,0.945,-0.031,1.470,0.585,-0.008,-1.453,0.473
-0.016,0.157,0.945,-0.031,1.470,0.585,-0.008,-1.453,0.473
-0.016,0.157,0.945,-0.031,1.470,0.585,-0.008,-1.453,0.473
-0.016,0.157,0.945,-0.031,1.471,0.585,-0.008,-1.453,0.472
-0.016,0.157,0.945,-0.031,1.471,0.585,-0.008,-1.453,0.472
-0.016,0.157,0.945,-0.031,1.470,0.585,-0.008,-1.453,0.472
-0.016,0.157,0.945,-0.031,1.470,0.585,-0.008,-1.453,0.472
-0.016,0.157,0.945,-0.031,1.470,0.585,-0.008,-1.453,0.472
-0.016,0.157,0.945,-0.031,1.470,0.585,-0.008,-1.453,0.473
-0.016,0.157,0.945,-0.031,1.470,0.585,-0.008,-1.453,0.473
-0.016,0.157,0.945,-0.031,1.470,0.585,-0.008,-1.453,0.473
-0.016,0.157,0.945,-0.031,1.470,0.585,-0.008,-1.453,0.473
-0.016,0.157,0.945,-0.031,1.470,0.585,-0.008,-1.453,0.473
-0.016,0.157,0.945,-0.031,1.470,0.585,-0.008,-1.453,0.473
-0.016,0.157,0.945,-0.031,1.470,0.585,-0.008,-1.453,0.473
-0.016,0.157,0.945,-0.031,1.470,0.585,-0.008,-1.453,0.473
-0.016,0.157,0.945,-0.031,1.470,0.585,-0.008,-1.453,0.473
-0.016,0.157,0.945,-0.031,1.470,0.585,-0.008,-1.453,0.473
-0.016,0.157,0.945,-0.031,1.470,0.585,-0.008,-1.453,0.473
-0.016,0.157,0.945,-0.031,1.470,0.585,-0.008,-1.453,0.473
-0.015,0.157,0.945,-0.031,1.470,0.585,-0.008,-1.453,0.473
-0.016,0.157,0.945,-0.031,1.470,0.585,-0.008,-1.453,0.473
-0.016,0.156,0.945,-0.031,1.470,0.585,-0.008,-1.453,0.473
-0.016,0.157,0.945,-0.031,1.470,0.585,-0.008,-1.453,0.473
-0.015,0.157,0.945,-0.030,1.470,0.585,-0.008,-1.453,0.473
-0.015,0.157,0.945,-0.030,1.470,0.585,-0.008,-1.453,0.473
-0.015,0.157,0.945,-0.030,1.470,0.585,-0.008,-1.453,0.473
-0.015,0.157,0.945,-0.030,1.470,0.585,-0.008,-1.453,0.473
-0.015,0.157,0.945,-0.030,1.470,0.585,-0.008,-1.453,0.473
-0.016,0.157,0.945,-0.031,1.470,0.585,-0.008,-1.453,0.473
-0.015,0.157,0.945,-0.031,1.470,0.585,-0.008,-1.453,0.473
-0.016,0.157,0.945,-0.031,1.470,0.585,-0.008,-1.453,0.473
-0.016,0.157,0.945,-0.031,1.470,0.585,-0.008,-1.453,0.473
-0.016,0.157,0.945,-0.031,1.470,0.585,-0.008,-1.453,0.473
-0.015,0.157,0.945,-0.031,1.470,0.585,-0.008,-1.453,0.473
-0.016,0.157,0.945,-0.031,1.470,0.585,-0.008,-1.453,0.473
-0.015,0.157,0.945,-0.031,1.470,0.585,-0.008,-1.453,0.473
-0.016,0.157,0.945,-0.031,1.470,0.585,-0.008,-1.453,0.473
-0.015,0.157,0.945,-0.031,1.470,0.585,-0.008,-1.453,0.473
-0.016,0.157,0.945,-0.031,1.470,0.585,-0.008,-1.453,0.472
-0.016,0.157,0.945,-0.031,1.470,0.585,-0.008,-1.453,0.472
-0.016,0.157,0.945,-0.031,1.470,0.585,-0.008,-1.453,0.472
-0.016,0.157,0.945,-0.031,1.470,0.585,-0.008,-1.453,0.472
-0.016,0.157,0.945,-0.031,1.470,0.585,-0.008,-1.453,0.472
-0.016,0.157,0.945,-0.031,1.470,0.585,-0.008,-1.453,0.473
-0.016,0.157,0.945,-0.031,1.470,0.585,-0.008,-1.453,0.473
-0.016,0.157,0.945,-0.031,1.470,0.585,-0.009,-1.453,0.473
-0.016,0.157,0.945,-0.031,1.470,0.585,-0.009,-1.453,0.473
-0.016,0.157,0.945,-0.031,1.470,0.585,-0.009,-1.453,0.473
-0.016,0.157,0.945,-0.031,1.470,0.585,-0.009,-1.453,0.473
-0.017,0.157,0.945,-0.032,1.470,0.585,-0.009,-1.453,0.473
-0.017,0.157,0.945,-0.032,1.470,0.585,-0.009,-1.453,0.473
-0.017,0.157,0.945,-0.032,1.470,0.585,-0.009,-1.453,0.473
-0.016,0.157,0.945,-0.031,1.470,0.585,-0.009,-1.453,0.473
-0.016,0.157,0.945,-0.031,1.470,0.585,-0.009,-1.453,0.473
-0.016,0.157,0.945,-0.031,1.470,0.585,-0.009,-1.453,0.473
-0.016,0.157,0.945,-0.031,1.470,0.585,-0.008,-1.453,0.473
-0.016,0.157,0.945,-0.032,1.470,0.585,-0.009,-1.453,0.473
-0.016,0.157,0.945,-0.032,1.470,0.585,-0.009,-1.453,0.473
-0.017,0.157,0.945,-0.032,1.470,0.585,-0.009,-1.453,0.473
-0.017,0.157,0.945,-0.032,1.470,0.585,-0.009,-1.453,0.473
-0.017,0.157,0.945,-0.032,1.470,0.585,-0.009,-1.453,0.473
-0.017,0.157,0.945,-0.032,1.470,0.585,-0.009,-1.453,0.473
-0.017,0.157,0.945,-0.032,1.470,0.585,-0.009,-1.453,0.473
-0.017,0.157,0.945,-0.032,1.470,0.585,-0.009,-1.453,0.473
-0.017,0.157,0.945,-0.032,1.470,0.585,-0.009,-1.453,0.473
-0.017,0.157,0.945,-0.032,1.470,0.585,-0.009,-1.453,0.473
-0.017,0.157,0.945,-0.032,1.470,0.585,-0.009,-1.453,0.473
-0.017,0.157,0.945,-0.032,1.470,0.585,-0.009,-1.453,0.473
-0.017,0.157,0.945,-0.032,1.470,0.585,-0.009,-1.453,0.473
-0.017,0.157,0.945,-0.032,1.470,0.585,-0.009,-1.453,0.473
-0.017,0.157,0.945,-0.032,1.471,0.585,-0.009,-1.453,0.473
-0.017,0.157,0.945,-0.032,1.471,0.585,-0.009,-1.453,0.473
-0.017,0.157,0.945,-0.032,1.471,0.585,-0.009,-1.453,0.473
-0.017,0.157,0.945,-0.032,1.471,0.585,-0.009,-1.453,0.473
-0.017,0.157,0.945,-0.032,1.471,0.585,-0.009,-1.453,0.473
-0.017,0.157,0.945,-0.032,1.471,0.585,-0.009,-1.453,0.473
-0.017,0.157,0.945,-0.032,1.471,0.585,-0.009,-1.453,0.473
-0.017,0.157,0.945,-0.032,1.471,0.585,-0.009,-1.453,0.473
-0.017,0.157,0.945,-0.032,1.471,0.585,-0.009,-1.453,0.473
-0.017,0.157,0.945,-0.032,1.471,0.585,-0.009,-1.453,0.473
-0.017,0.157,0.945,-0.032,1.471,0.585,-0.009,-1.453,0.473
-0.017,0.157,0.945,-0.032,1.471,0.585,-0.009,-1.453,0.473
-0.017,0.157,0.945,-0.032,1.471,0.585,-0.009,-1.453,0.472
-0.017,0.157,0.945,-0.032,1.471,0.585,-0.009,-1.453,0.472
-0.017,0.157,0.945,-0.032,1.471,0.585,-0.009,-1.453,0.472
-0.017,0.157,0.945,-0.032,1.471,0.585,-0.009,-1.453,0.472
-0.017,0.157,0.945,-0.032,1.471,0.585,-0.009,-1.453,0.473
-0.017,0.157,0.945,-0.032,1.471,0.585,-0.009,-1.453,0.473
-0.017,0.157,0.945,-0.032,1.471,0.585,-0.009,-1.453,0.473
-0.017,0.157,0.945,-0.032,1.471,0.585,-0.009,-1.453,0.473
-0.017,0.157,0.945,-0.033,1.471,0.585,-0.009,-1.453,0.473
-0.017,0.157,0.945,-0.033,1.471,0.585,-0.009,-1.453,0.473
-0.017,0.157,0.945,-0.033,1.471,0.585,-0.009,-1.453,0.473
-0.017,0.157,0.945,-0.033,1.471,0.585,-0.009,-1.453,0.473
-0.017,0.157,0.945,-0.033,1.471,0.585,-0.009,-1.453,0.473
-0.017,0.157,0.945,-0.033,1.471,0.585,-0.009,-1.453,0.473
-0.017,0.157,0.945,-0.033,1.471,0.585,-0.009,-1.453,0.473
-0.017,0.157,0.945,-0.032,1.471,0.585,-0.009,-1.453,0.473
-0.017,0.157,0.945,-0.032,1.471,0.585,-0.009,-1.453,0.473
-0.017,0.157,0.945,-0.032,1.471,0.585,-0.009,-1.453,0.473
-0.017,0.157,0.945,-0.032,1.471,0.585,-0.009,-1.453,0.473
-0.017,0.157,0.945,-0.032,1.471,0.585,-0.009,-1.453,0.473
-0.017,0.157,0.945,-0.032,1.471,0.585,-0.009,-1.453,0.473
-0.017,0.157,0.945,-0.032,1.471,0.585,-0.009,-1.453,0.473
-0.017,0.157,0.945,-0.032,1.471,0.585,-0.009,-1.453,0.473
-0.017,0.157,0.945,-0.032,1.471,0.585,-0.009,-1.453,0.473
-0.017,0.157,0.945,-0.032,1.471,0.585,-0.009,-1.453,0.473
-0.017,0.157,0.945,-0.032,1.471,0.585,-0.009,-1.453,0.473
-0.017,0.157,0.945,-0.032,1.471,0.585,-0.009,-1.453,0.473
-0.017,0.157,0.945,-0.032,1.471,0.585,-0.009,-1.453,0.473
-0.017,0.157,0.945,-0.032,1.471,0.585,-0.009,-1.453,0.473
-0.017,0.157,0.945,-0.032,1.471,0.585,-0.009,-1.453,0.473
-0.017,0.157,0.945,-0.032,1.471,0.585,-0.009,-1.453,0.473
-0.017,0.157,0.945,-0.032,1.471,0.585,-0.009,-1.452,0.473
-0.017,0.157,0.945,-0.033,1.471,0.585,-0.009,-1.452,0.473
-0.017,0.157,0.945,-0.033,1.471,0.585,-0.009,-1.452,0.473
-0.017,0.157,0.945,-0.033,1.471,0.585,-0.009,-1.452,0.473
-0.017,0.157,0.945,-0.033,1.471,0.585,-0.009,-1.452,0.473
-0.017,0.157,0.945,-0.033,1.471,0.585,-0.009,-1.452,0.473
-0.017,0.157,0.945,-0.033,1.471,0.585,-0.010,-1.452,0.473
-0.017,0.157,0.945,-0.033,1.471,0.585,-0.009,-1.452,0.473
-0.017,0.157,0.945,-0.033,1.471,0.585,-0.009,-1.453,0.472
-0.017,0.157,0.945,-0.033,1.471,0.585,-0.009,-1.453,0.472
-0.017,0.157,0.945,-0.033,1.471,0.585,-0.009,-1.453,0.472
-0.017,0.157,0.945,-0.033,1.471,0.585,-0.009,-1.453,0.473
-0.017,0.157,0.945,-0.033,1.471,0.585,-0.009,-1.453,0.473
-0.017,0.157,0.945,-0.033,1.471,0.585,-0.009,-1.453,0.473
-0.017,0.157,0.945,-0.033,1.471,0.585,-0.009,-1.453,0.473
-0.017,0.157,0.945,-0.033,1.471,0.585,-0.009,-1.453,0.473
-0.017,0.157,0.945,-0.033,1.471,0.585,-0.009,-1.453,0.473
-0.017,0.157,0.945,-0.033,1.471,0.585,-0.009,-1.453,0.473
-0.017,0.157,0.945,-0.033,1.471,0.585,-0.009,-1.453,0.473
-0.017,0.157,0.945,-0.033,1.471,0.585,-0.009,-1.453,0.473
-0.017,0.157,0.945,-0.033,1.471,0.585,-0.009,-1.453,0.473
-0.017,0.157,0.945,-0.033,1.471,0.585,-0.009,-1.453,0.473
-0.017,0.157,0.945,-0.033,1.471,0.585,-0.009,-1.453,0.473
-0.017,0.157,0.945,-0.033,1.471,0.585,-0.009,-1.453,0.473
-0.017,0.157,0.945,-0.033,1.471,0.585,-0.009,-1.453,0.473
-0.017,0.157,0.945,-0.033,1.471,0.585,-0.009,-1.453,0.473
-0.017,0.157,0.945,-0.033,1.471,0.585,-0.009,-1.453,0.473
-0.017,0.157,0.945,-0.033,1.471,0.585,-0.009,-1.453,0.473
-0.017,0.157,0.945,-0.033,1.471,0.585,-0.009,-1.453,0.473
-0.017,0.157,0.945,-0.033,1.471,0.585,-0.009,-1.453,0.473
-0.017,0.157,0.945,-0.033,1.471,0.585,-0.009,-1.453,0.473
-0.017,0.157,0.945,-0.033,1.471,0.585,-0.009,-1.453,0.473
-0.017,0.157,0.945,-0.033,1.471,0.585,-0.009,-1.453,0.473
-0.017,0.157,0.945,-0.033,1.471,0.585,-0.009,-1.453,0.473
-0.017,0.157,0.945,-0.033,1.471,0.585,-0.009,-1.453,0.473
-0.017,0.157,0.945,-0.033,1.471,0.585,-0.009,-1.453,0.473
-0.017,0.157,0.945,-0.033,1.471,0.585,-0.009,-1.453,0.473
-0.017,0.157,0.945,-0.033,1.471,0.585,-0.009,-1.453,0.473
-0.017,0.157,0.945,-0.033,1.471,0.585,-0.009,-1.453,0.473
-0.017,0.157,0.945,-0.033,1.471,0.585,-0.009,-1.453,0.473
-0.017,0.157,0.945,-0.033,1.471,0.585,-0.009,-1.453,0.473
-0.017,0.157,0.945,-0.033,1.471,0.585,-0.009,-1.453,0.473
-0.017,0.157,0.945,-0.033,1.471,0.585,-0.009,-1.453,0.473
-0.017,0.157,0.945,-0.033,1.471,0.585,-0.009,-1.453,0.473
-0.017,0.157,0.945,-0.033,1.471,0.585,-0.009,-1.453,0.473
-0.017,0.157,0.945,-0.033,1.471,0.585,-0.009,-1.453,0.473
-0.017,0.157,0.945,-0.033,1.471,0.585,-0.009,-1.453,0.473
-0.017,0.157,0.945,-0.032,1.471,0.585,-0.009,-1.453,0.473
-0.017,0.157,0.945,-0.032,1.471,0.585,-0.009,-1.453,0.472
-0.017,0.157,0.945,-0.032,1.471,0.585,-0.009,-1.453,0.472
-0.017,0.157,0.945,-0.032,1.471,0.585,-0.009,-1.453,0.472
-0.017,0.157,0.945,-0.032,1.471,0.585,-0.009,-1.453,0.472
-0.017,0.157,0.945,-0.032,1.471,0.585,-0.009,-1.453,0.473
-0.017,0.157,0.945,-0.032,1.471,0.585,-0.009,-1.453,0.473
-0.017,0.157,0.945,-0.032,1.471,0.585,-0.009,-1.453,0.473
-0.017,0.157,0.945,-0.032,1.471,0.585,-0.009,-1.453,0.473
-0.017,0.157,0.945,-0.032,1.471,0.585,-0.009,-1.453,0.473
-0.017,0.157,0.945,-0.032,1.471,0.585,-0.009,-1.453,0.473
-0.017,0.157,0.945,-0.032,1.471,0.585,-0.009,-1.453,0.473
-0.017,0.157,0.945,-0.033,1.471,0.585,-0.009,-1.453,0.473
-0.017,0.157,0.945,-0.033,1.471,0.585,-0.009,-1.453,0.473
-0.017,0.157,0.945,-0.033,1.470,0.585,-0.009,-1.453,0.473
-0.017,0.157,0.945,-0.033,1.470,0.585,-0.009,-1.453,0.473
-0.017,0.157,0.945,-0.033,1.470,0.585,-0.009,-1.453,0.473
-0.017,0.157,0.945,-0.033,1.470,0.585,-0.009,-1.453,0.473
-0.017,0.157,0.945,-0.033,1.471,0.585,-0.009,-1.453,0.473
-0.017,0.157,0.945,-0.033,1.471,0.585,-0.009,-1.453,0.473
-0.017,0.157,0.945,-0.033,1.471,0.585,-0.009,-1.453,0.473
-0.017,0.157,0.945,-0.033,1.471,0.585,-0.009,-1.453,0.473
-0.017,0.157,0.945,-0.033,1.471,0.585,-0.009,-1.453,0.473
-0.017,0.157,0.945,-0.033,1.471,0.585,-0.009,-1.453,0.473
-0.017,0.157,0.945,-0.033,1.471,0.585,-0.009,-1.453,0.473
-0.017,0.157,0.945,-0.033,1.471,0.585,-0.009,-1.453,0.473
-0.017,0.157,0.945,-0.033,1.471,0.585,-0.009,-1.453,0.473
-0.017,0.157,0.945,-0.033,1.471,0.585,-0.009,-1.453,0.473
-0.017,0.157,0.945,-0.033,1.471,0.585,-0.009,-1.453,0.473
-0.017,0.157,0.945,-0.033,1.471,0.585,-0.009,-1.453,0.473
-0.017,0.157,0.945,-0.033,1.471,0.585,-0.009,-1.453,0.473
-0.017,0.157,0.945,-0.033,1.471,0.585,-0.009,-1.453,0.473
-0.017,0.157,0.945,-0.033,1.471,0.585,-0.009,-1.453,0.473
-0.017,0.157,0.945,-0.033,1.471,0.585,-0.009,-1.453,0.473
-0.017,0.157,0.945,-0.033,1.471,0.585,-0.009,-1.453,0.473
-0.017,0.157,0.945,-0.033,1.471,0.585,-0.009,-1.453,0.473
-0.017,0.157,0.945,-0.033,1.471,0.585,-0.009,-1.453,0.473
-0.017,0.157,0.945,-0.033,1.471,0.585,-0.009,-1.453,0.473
-0.017,0.157,0.945,-0.033,1.471,0.585,-0.009,-1.453,0.473
-0.017,0.157,0.945,-0.033,1.471,0.585,-0.009,-1.453,0.473
-0.017,0.157,0.945,-0.033,1.471,0.585,-0.009,-1.453,0.473
-0.017,0.157,0.945,-0.033,1.471,0.585,-0.009,-1.453,0.473
-0.017,0.157,0.945,-0.033,1.471,0.585,-0.009,-1.453,0.473
-0.017,0.157,0.945,-0.033,1.471,0.585,-0.009,-1.453,0.473
-0.017,0.157,0.945,-0.033,1.471,0.585,-0.009,-1.453,0.472
-0.017,0.157,0.945,-0.033,1.471,0.585,-0.009,-1.453,0.472
-0.017,0.157,0.945,-0.033,1.471,0.585,-0.009,-1.453,0.472
-0.017,0.157,0.945,-0.033,1.471,0.585,-0.009,-1.453,0.472
-0.017,0.157,0.945,-0.033,1.471,0.585,-0.009,-1.453,0.473
-0.017,0.157,0.945,-0.033,1.471,0.585,-0.009,-1.453,0.473
-0.017,0.157,0.945,-0.033,1.471,0.585,-0.009,-1.453,0.473
-0.017,0.157,0.945,-0.033,1.471,0.585,-0.009,-1.453,0.473
-0.017,0.157,0.945,-0.033,1.471,0.585,-0.009,-1.453,0.473
-0.017,0.157,0.945,-0.033,1.471,0.585,-0.009,-1.453,0.473
-0.017,0.157,0.945,-0.033,1.471,0.585,-0.009,-1.453,0.473
-0.017,0.157,0.945,-0.033,1.471,0.585,-0.009,-1.453,0.473
-0.017,0.157,0.945,-0.033,1.471,0.585,-0.009,-1.453,0.473
-0.017,0.157,0.945,-0.033,1.471,0.585,-0.009,-1.453,0.473
-0.017,0.157,0.945,-0.033,1.471,0.585,-0.009,-1.453,0.473
-0.018,0.157,0.945,-0.033,1.471,0.585,-0.010,-1.453,0.473
-0.018,0.157,0.945,-0.033,1.471,0.585,-0.010,-1.453,0.473
-0.018,0.157,0.945,-0.033,1.471,0.585,-0.010,-1.453,0.473
-0.018,0.157,0.945,-0.033,1.471,0.585,-0.010,-1.453,0.473
-0.018,0.157,0.945,-0.033,1.471,0.585,-0.010,-1.453,0.473
-0.017,0.157,0.945,-0.033,1.471,0.585,-0.010,-1.453,0.473
-0.017,0.157,0.945,-0.033,1.471,0.585,-0.010,-1.453,0.473
-0.017,0.157,0.945,-0.033,1.471,0.585,-0.010,-1.453,0.473
-0.017,0.157,0.945,-0.033,1.471,0.585,-0.010,-1.453,0.473
-0.017,0.157,0.945,-0.033,1.471,0.585,-0.010,-1.453,0.473
-0.017,0.157,0.945,-0.033,1.471,0.585,-0.010,-1.453,0.473
-0.017,0.157,0.945,-0.033,1.471,0.585,-0.010,-1.453,0.473
-0.017,0.157,0.945,-0.033,1.471,0.585,-0.010,-1.453,0.473
-0.017,0.157,0.945,-0.033,1.471,0.585,-0.010,-1.453,0.473
-0.017,0.157,0.945,-0.033,1.471,0.585,-0.010,-1.453,0.473
-0.017,0.157,0.945,-0.033,1.471,0.585,-0.010,-1.453,0.473
-0.018,0.157,0.945,-0.033,1.471,0.585,-0.010,-1.453,0.473
-0.017,0.157,0.945,-0.033,1.471,0.585,-0.010,-1.453,0.473
-0.017,0.157,0.945,-0.033,1.471,0.585,-0.009,-1.453,0.473
-0.017,0.157,0.945,-0.033,1.471,0.585,-0.009,-1.453,0.472
-0.017,0.157,0.945,-0.033,1.471,0.585,-0.009,-1.453,0.472
-0.017,0.157,0.945,-0.033,1.471,0.585,-0.009,-1.453,0.472
-0.017,0.157,0.945,-0.033,1.471,0.585,-0.009,-1.453,0.473
-0.017,0.157,0.945,-0.033,1.471,0.585,-0.009,-1.453,0.473
-0.017,0.157,0.945,-0.033,1.471,0.585,-0.009,-1.453,0.473
-0.018,0.157,0.945,-0.033,1.471,0.585,-0.009,-1.453,0.473
-0.018,0.157,0.945,-0.033,1.471,0.585,-0.009,-1.453,0.473
-0.018,0.157,0.945,-0.033,1.471,0.585,-0.010,-1.453,0.473
-0.018,0.157,0.945,-0.033,1.471,0.585,-0.010,-1.453,0.473
-0.018,0.157,0.945,-0.033,1.471,0.585,-0.010,-1.453,0.473
-0.018,0.157,0.945,-0.034,1.471,0.585,-0.010,-1.453,0.473
-0.018,0.157,0.945,-0.034,1.471,0.585,-0.010,-1.453,0.473
-0.018,0.157,0.945,-0.034,1.471,0.585,-0.010,-1.453,0.473
-0.018,0.157,0.945,-0.034,1.471,0.585,-0.010,-1.453,0.473
-0.018,0.157,0.945,-0.034,1.471,0.585,-0.010,-1.453,0.473
-0.018,0.157,0.945,-0.034,1.471,0.585,-0.010,-1.453,0.473
-0.018,0.157,0.945,-0.034,1.471,0.585,-0.010,-1.453,0.473
-0.018,0.157,0.945,-0.034,1.471,0.585,-0.010,-1.453,0.473
-0.018,0.157,0.945,-0.034,1.471,0.585,-0.010,-1.453,0.473
-0.018,0.157,0.945,-0.034,1.471,0.585,-0.010,-1.453,0.473
-0.018,0.157,0.945,-0.034,1.471,0.585,-0.010,-1.453,0.473
-0.018,0.157,0.945,-0.034,1.470,0.585,-0.010,-1.453,0.472
-0.019,0.157,0.945,-0.034,1.470,0.585,-0.010,-1.453,0.472
-0.019,0.157,0.945,-0.034,1.471,0.585,-0.010,-1.453,0.472
-0.018,0.157,0.945,-0.034,1.471,0.585,-0.010,-1.453,0.472
-0.018,0.157,0.945,-0.034,1.471,0.585,-0.010,-1.453,0.472
-0.018,0.157,0.945,-0.034,1.470,0.585,-0.010,-1.453,0.473
-0.018,0.157,0.945,-0.034,1.470,0.585,-0.010,-1.453,0.473
-0.018,0.157,0.945,-0.034,1.470,0.585,-0.010,-1.453,0.473
-0.018,0.157,0.945,-0.034,1.470,0.585,-0.010,-1.453,0.473
-0.018,0.157,0.945,-0.034,1.470,0.585,-0.010,-1.453,0.473
-0.018,0.157,0.945,-0.034,1.470,0.585,-0.010,-1.453,0.473
-0.018,0.157,0.945,-0.034,1.470,0.585,-0.010,-1.453,0.473
-0.018,0.157,0.945,-0.034,1.470,0.585,-0.010,-1.453,0.473
-0.018,0.157,0.945,-0.034,1.470,0.585,-0.010,-1.453,0.473
-0.018,0.157,0.945,-0.034,1.470,0.585,-0.010,-1.453,0.473
-0.018,0.157,0.945,-0.034,1.470,0.585,-0.010,-1.453,0.473
-0.018,0.157,0.945,-0.034,1.470,0.585,-0.010,-1.453,0.473
-0.018,0.157,0.945,-0.034,1.470,0.585,-0.010,-1.453,0.473
-0.018,0.157,0.945,-0.034,1.470,0.585,-0.010,-1.453,0.473
-0.018,0.157,0.945,-0.034,1.470,0.585,-0.010,-1.453,0.473
-0.018,0.157,0.945,-0.034,1.470,0.585,-0.010,-1.453,0.473
-0.018,0.157,0.945,-0.034,1.470,0.585,-0.011,-1.453,0.473
-0.018,0.157,0.945,-0.034,1.470,0.585,-0.011,-1.453,0.473
-0.018,0.157,0.945,-0.034,1.470,0.585,-0.011,-1.453,0.473
-0.018,0.157,0.945,-0.034,1.470,0.585,-0.011,-1.453,0.472
-0.018,0.157,0.945,-0.034,1.470,0.585,-0.011,-1.453,0.472
-0.018,0.157,0.945,-0.034,1.470,0.585,-0.011,-1.453,0.472
-0.018,0.157,0.945,-0.034,1.470,0.585,-0.010,-1.453,0.472
-0.018,0.157,0.945,-0.034,1.470,0.585,-0.010,-1.453,0.473
-0.018,0.157,0.945,-0.034,1.470,0.585,-0.010,-1.453,0.473
-0.018,0.157,0.945,-0.034,1.470,0.585,-0.010,-1.453,0.473
-0.018,0.157,0.945,-0.034,1.470,0.585,-0.010,-1.453,0.473
-0.018,0.157,0.945,-0.034,1.470,0.585,-0.010,-1.453,0.473
-0.018,0.157,0.945,-0.034,1.470,0.585,-0.010,-1.453,0.473
-0.018,0.157,0.945,-0.034,1.470,0.585,-0.010,-1.453,0.473
-0.018,0.157,0.945,-0.034,1.470,0.585,-0.010,-1.453,0.473
-0.018,0.157,0.945,-0.034,1.470,0.585,-0.010,-1.453,0.473
-0.018,0.157,0.945,-0.034,1.470,0.585,-0.010,-1.453,0.473
-0.018,0.157,0.945,-0.034,1.470,0.585,-0.010,-1.453,0.473
-0.018,0.157,0.945,-0.034,1.470,0.585,-0.010,-1.453,0.473
-0.018,0.157,0.945,-0.034,1.470,0.585,-0.010,-1.453,0.473
-0.018,0.157,0.945,-0.034,1.470,0.585,-0.010,-1.453,0.473
-0.018,0.157,0.945,-0.034,1.470,0.585,-0.010,-1.453,0.473
-0.018,0.157,0.945,-0.034,1.470,0.585,-0.010,-1.453,0.473
-0.018,0.157,0.945,-0.034,1.470,0.585,-0.010,-1.453,0.473
-0.018,0.157,0.945,-0.034,1.470,0.585,-0.010,-1.453,0.473
-0.018,0.157,0.945,-0.034,1.470,0.585,-0.010,-1.453,0.473
-0.018,0.157,0.945,-0.034,1.470,0.585,-0.010,-1.453,0.473
-0.018,0.157,0.945,-0.034,1.470,0.585,-0.010,-1.453,0.473
-0.018,0.157,0.945,-0.034,1.470,0.585,-0.010,-1.453,0.473
-0.018,0.157,0.945,-0.034,1.470,0.585,-0.010,-1.453,0.473
-0.018,0.157,0.945,-0.034,1.470,0.585,-0.010,-1.453,0.473
-0.018,0.157,0.945,-0.034,1.470,0.585,-0.010,-1.453,0.473
-0.019,0.157,0.945,-0.034,1.470,0.585,-0.010,-1.453,0.472
-0.019,0.157,0.945,-0.034,1.470,0.585,-0.010,-1.453,0.472
-0.019,0.157,0.945,-0.034,1.470,0.585,-0.011,-1.453,0.472
-0.019,0.156,0.945,-0.034,1.470,0.585,-0.011,-1.453,0.472
-0.019,0.156,0.945,-0.034,1.470,0.585,-0.011,-1.453,0.472
-0.019,0.156,0.945,-0.034,1.470,0.585,-0.011,-1.453,0.472
-0.018,0.156,0.945,-0.034,1.470,0.585,-0.011,-1.453,0.473
-0.018,0.156,0.945,-0.034,1.470,0.585,-0.010,-1.453,0.473
-0.018,0.156,0.945,-0.034,1.470,0.585,-0.010,-1.453,0.473
-0.018,0.156,0.945,-0.034,1.470,0.585,-0.010,-1.453,0.473
-0.018,0.156,0.945,-0.034,1.470,0.585,-0.010,-1.453,0.473
-0.018,0.156,0.945,-0.034,1.470,0.585,-0.010,-1.453,0.473
-0.018,0.156,0.945,-0.034,1.470,0.585,-0.010,-1.453,0.473
-0.018,0.156,0.945,-0.034,1.470,0.585,-0.011,-1.453,0.473
-0.018,0.156,0.945,-0.034,1.470,0.585,-0.011,-1.453,0.473
-0.018,0.156,0.945,-0.034,1.470,0.585,-0.011,-1.453,0.473
-0.018,0.156,0.945,-0.034,1.470,0.585,-0.011,-1.453,0.473
-0.018,0.156,0.945,-0.034,1.470,0.585,-0.011,-1.453,0.473
-0.018,0.156,0.945,-0.034,1.470,0.585,-0.011,-1.453,0.473
-0.018,0.156,0.945,-0.034,1.470,0.585,-0.011,-1.453,0.473
-0.018,0.156,0.945,-0.034,1.470,0.585,-0.011,-1.453,0.473
-0.018,0.156,0.945,-0.034,1.470,0.585,-0.011,-1.453,0.473
-0.018,0.156,0.945,-0.034,1.470,0.585,-0.011,-1.453,0.473
-0.018,0.156,0.945,-0.034,1.470,0.585,-0.010,-1.453,0.473
-0.018,0.156,0.945,-0.034,1.470,0.585,-0.010,-1.453,0.473
-0.018,0.156,0.945,-0.034,1.470,0.585,-0.010,-1.453,0.473
-0.018,0.156,0.945,-0.034,1.470,0.585,-0.010,-1.453,0.473
-0.018,0.156,0.945,-0.034,1.470,0.585,-0.010,-1.453,0.473
-0.018,0.156,0.945,-0.034,1.470,0.585,-0.010,-1.453,0.473
-0.018,0.156,0.945,-0.034,1.470,0.585,-0.010,-1.453,0.473
-0.018,0.156,0.945,-0.034,1.470,0.585,-0.010,-1.453,0.473
-0.018,0.156,0.945,-0.034,1.470,0.585,-0.010,-1.453,0.472
-0.018,0.156,0.945,-0.034,1.470,0.585,-0.011,-1.453,0.472
-0.018,0.156,0.945,-0.034,1.470,0.585,-0.011,-1.453,0.472
-0.019,0.156,0.945,-0.034,1.470,0.585,-0.011,-1.453,0.472
-0.019,0.156,0.945,-0.034,1.470,0.585,-0.011,-1.453,0.472
-0.019,0.156,0.945,-0.034,1.470,0.585,-0.011,-1.453,0.473
-0.019,0.156,0.945,-0.034,1.470,0.585,-0.011,-1.453,0.473
-0.019,0.156,0.945,-0.034,1.470,0.585,-0.011,-1.453,0.473
-0.019,0.156,0.945,-0.034,1.470,0.585,-0.011,-1.453,0.473
-0.019,0.156,0.945,-0.034,1.470,0.585,-0.011,-1.453,0.473
-0.019,0.156,0.945,-0.034,1.470,0.585,-0.011,-1.453,0.473
-0.019,0.156,0.945,-0.035,1.470,0.585,-0.011,-1.453,0.473
-0.019,0.156,0.945,-0.035,1.470,0.585,-0.011,-1.453,0.473
-0.019,0.156,0.945,-0.035,1.470,0.585,-0.011,-1.453,0.473
-0.019,0.156,0.945,-0.035,1.470,0.585,-0.011,-1.453,0.473
-0.019,0.156,0.945,-0.035,1.470,0.585,-0.011,-1.453,0.473
-0.019,0.156,0.945,-0.035,1.470,0.585,-0.011,-1.453,0.473
-0.019,0.156,0.945,-0.035,1.470,0.585,-0.011,-1.453,0.473
-0.019,0.156,0.945,-0.035,1.470,0.585,-0.011,-1.453,0.473
-0.019,0.156,0.945,-0.035,1.470,0.585,-0.011,-1.454,0.473
-0.019,0.156,0.945,-0.035,1.470,0.585,-0.011,-1.454,0.473
-0.019,0.156,0.945,-0.035,1.470,0.585,-0.011,-1.454,0.473
-0.019,0.156,0.945,-0.035,1.470,0.585,-0.011,-1.454,0.472
-0.019,0.156,0.945,-0.035,1.470,0.585,-0.011,-1.454,0.472
-0.019,0.156,0.945,-0.035,1.470,0.585,-0.011,-1.454,0.472
-0.020,0.156,0.945,-0.035,1.470,0.585,-0.011,-1.454,0.472
-0.020,0.156,0.945,-0.035,1.470,0.585,-0.011,-1.454,0.472
-0.020,0.156,0.945,-0.036,1.470,0.585,-0.011,-1.454,0.473
-0.020,0.156,0.945,-0.035,1.470,0.585,-0.011,-1.454,0.473
-0.020,0.156,0.945,-0.035,1.470,0.585,-0.011,-1.454,0.473
-0.020,0.156,0.945,-0.035,1.470,0.585,-0.011,-1.454,0.473
-0.020,0.156,0.945,-0.035,1.470,0.585,-0.011,-1.454,0.473
-0.020,0.156,0.945,-0.036,1.470,0.585,-0.011,-1.454,0.473
-0.020,0.156,0.945,-0.036,1.470,0.585,-0.011,-1.454,0.473
-0.021,0.156,0.945,-0.036,1.470,0.585,-0.012,-1.454,0.473
-0.021,0.156,0.945,-0.036,1.470,0.585,-0.012,-1.454,0.473
-0.021,0.156,0.945,-0.036,1.470,0.585,-0.012,-1.454,0.473
-0.021,0.156,0.945,-0.036,1.470,0.585,-0.012,-1.454,0.473
-0.021,0.156,0.945,-0.036,1.470,0.585,-0.012,-1.454,0.473
-0.021,0.156,0.945,-0.036,1.470,0.585,-0.012,-1.454,0.473
-0.020,0.156,0.945,-0.036,1.470,0.585,-0.012,-1.454,0.473
-0.020,0.156,0.945,-0.036,1.470,0.585,-0.012,-1.454,0.473
-0.020,0.156,0.945,-0.036,1.470,0.585,-0.011,-1.454,0.473
-0.020,0.156,0.945,-0.036,1.470,0.585,-0.011,-1.454,0.473
-0.020,0.156,0.945,-0.036,1.470,0.585,-0.011,-1.454,0.473
-0.020,0.156,0.945,-0.036,1.470,0.585,-0.011,-1.454,0.473
-0.020,0.156,0.945,-0.036,1.470,0.585,-0.011,-1.454,0.473
-0.020,0.156,0.945,-0.036,1.470,0.585,-0.011,-1.454,0.473
-0.020,0.156,0.945,-0.036,1.470,0.585,-0.011,-1.454,0.473
-0.020,0.156,0.945,-0.036,1.470,0.585,-0.011,-1.454,0.473
-0.020,0.156,0.945,-0.036,1.470,0.585,-0.011,-1.454,0.472
-0.020,0.156,0.945,-0.036,1.470,0.585,-0.011,-1.454,0.472
-0.020,0.156,0.945,-0.036,1.470,0.585,-0.011,-1.454,0.472
-0.020,0.156,0.945,-0.036,1.470,0.585,-0.011,-1.454,0.472
-0.020,0.156,0.945,-0.036,1.470,0.585,-0.011,-1.454,0.472
-0.020,0.156,0.945,-0.036,1.470,0.585,-0.011,-1.454,0.473
-0.020,0.156,0.945,-0.036,1.470,0.585,-0.011,-1.454,0.473
-0.020,0.156,0.945,-0.036,1.470,0.585,-0.011,-1.454,0.473
-0.020,0.156,0.945,-0.036,1.470,0.585,-0.011,-1.454,0.473
-0.020,0.156,0.945,-0.036,1.470,0.585,-0.011,-1.454,0.473
-0.020,0.156,0.945,-0.036,1.470,0.585,-0.011,-1.454,0.473
-0.020,0.156,0.945,-0.036,1.470,0.585,-0.011,-1.454,0.473
-0.020,0.156,0.945,-0.036,1.470,0.585,-0.011,-1.454,0.473
-0.020,0.156,0.945,-0.036,1.470,0.585,-0.011,-1.454,0.473
-0.020,0.156,0.945,-0.036,1.470,0.585,-0.011,-1.454,0.473
-0.020,0.156,0.945,-0.036,1.470,0.585,-0.011,-1.454,0.473
-0.020,0.156,0.945,-0.036,1.470,0.585,-0.011,-1.454,0.473
-0.020,0.156,0.945,-0.036,1.470,0.585,-0.011,-1.454,0.473
-0.020,0.156,0.945,-0.036,1.469,0.585,-0.011,-1.454,0.473
-0.020,0.156,0.945,-0.036,1.469,0.585,-0.011,-1.454,0.473
-0.020,0.156,0.945,-0.036,1.469,0.585,-0.011,-1.454,0.473
-0.020,0.156,0.945,-0.036,1.469,0.585,-0.011,-1.454,0.473
-0.020,0.156,0.945,-0.036,1.469,0.585,-0.011,-1.454,0.473
-0.020,0.156,0.945,-0.036,1.469,0.585,-0.011,-1.454,0.473
-0.020,0.156,0.945,-0.036,1.470,0.585,-0.011,-1.454,0.473
-0.020,0.156,0.945,-0.036,1.470,0.585,-0.011,-1.454,0.473
-0.020,0.156,0.945,-0.036,1.470,0.585,-0.011,-1.454,0.472
-0.020,0.156,0.945,-0.036,1.469,0.585,-0.011,-1.454,0.472
-0.020,0.156,0.945,-0.036,1.469,0.585,-0.011,-1.454,0.473
-0.020,0.156,0.945,-0.036,1.469,0.585,-0.011,-1.454,0.473
-0.020,0.156,0.945,-0.036,1.469,0.585,-0.011,-1.454,0.473
-0.020,0.156,0.945,-0.036,1.469,0.585,-0.011,-1.454,0.473
-0.020,0.156,0.945,-0.036,1.469,0.585,-0.011,-1.454,0.473
-0.020,0.156,0.945,-0.036,1.469,0.585,-0.011,-1.454,0.473
-0.020,0.156,0.945,-0.036,1.469,0.585,-0.011,-1.454,0.473
-0.020,0.156,0.945,-0.036,1.469,0.585,-0.011,-1.454,0.473
-0.020,0.156,0.945,-0.036,1.469,0.585,-0.011,-1.454,0.473
-0.020,0.156,0.945,-0.036,1.469,0.585,-0.011,-1.454,0.473
-0.020,0.156,0.945,-0.036,1.469,0.585,-0.011,-1.454,0.473
-0.020,0.156,0.945,-0.036,1.469,0.585,-0.011,-1.454,0.473
-0.020,0.156,0.945,-0.036,1.469,0.585,-0.011,-1.454,0.473
-0.020,0.156,0.945,-0.036,1.469,0.585,-0.011,-1.454,0.473
-0.020,0.156,0.945,-0.036,1.469,0.585,-0.011,-1.454,0.473
-0.020,0.156,0.945,-0.036,1.469,0.585,-0.011,-1.454,0.473
-0.020,0.155,0.945,-0.036,1.469,0.585,-0.011,-1.454,0.473
-0.020,0.155,0.945,-0.036,1.469,0.585,-0.011,-1.454,0.473
-0.019,0.155,0.945,-0.036,1.469,0.585,-0.011,-1.454,0.473
-0.020,0.155,0.945,-0.036,1.469,0.585,-0.011,-1.454,0.473
-0.020,0.156,0.945,-0.036,1.469,0.585,-0.011,-1.454,0.473
-0.020,0.156,0.945,-0.036,1.469,0.585,-0.011,-1.454,0.473
-0.019,0.156,0.945,-0.036,1.469,0.585,-0.011,-1.454,0.473
-0.019,0.156,0.945,-0.036,1.469,0.585,-0.011,-1.454,0.473
-0.019,0.156,0.945,-0.036,1.469,0.585,-0.011,-1.454,0.473
-0.019,0.156,0.945,-0.036,1.469,0.585,-0.011,-1.454,0.473
-0.019,0.156,0.945,-0.036,1.469,0.585,-0.011,-1.454,0.473
-0.019,0.156,0.945,-0.036,1.469,0.585,-0.011,-1.454,0.473
-0.019,0.156,0.945,-0.036,1.469,0.585,-0.011,-1.454,0.473
-0.019,0.156,0.945,-0.036,1.469,0.585,-0.011,-1.454,0.472
-0.019,0.156,0.945,-0.036,1.469,0.585,-0.011,-1.454,0.472
-0.019,0.156,0.945,-0.036,1.469,0.585,-0.011,-1.454,0.472
-0.019,0.156,0.945,-0.036,1.469,0.585,-0.011,-1.454,0.472
-0.019,0.156,0.945,-0.036,1.469,0.585,-0.011,-1.454,0.472
-0.019,0.156,0.945,-0.036,1.469,0.585,-0.011,-1.454,0.473
-0.019,0.156,0.945,-0.036,1.469,0.585,-0.011,-1.454,0.473
-0.019,0.156,0.945,-0.036,1.469,0.585,-0.011,-1.454,0.473
-0.019,0.156,0.945,-0.036,1.469,0.585,-0.011,-1.454,0.473
-0.019,0.156,0.945,-0.036,1.469,0.585,-0.011,-1.454,0.473
-0.019,0.156,0.945,-0.036,1.469,0.585,-0.011,-1.454,0.473
-0.020,0.156,0.945,-0.036,1.469,0.585,-0.011,-1.454,0.473
-0.020,0.156,0.945,-0.036,1.469,0.585,-0.011,-1.454,0.473
-0.020,0.156,0.945,-0.036,1.469,0.585,-0.011,-1.454,0.473
-0.020,0.156,0.945,-0.036,1.469,0.585,-0.011,-1.454,0.473
-0.020,0.156,0.945,-0.036,1.469,0.585,-0.011,-1.454,0.473
-0.020,0.156,0.945,-0.036,1.469,0.585,-0.011,-1.454,0.473
-0.020,0.156,0.945,-0.036,1.469,0.585,-0.011,-1.454,0.473
-0.020,0.156,0.945,-0.036,1.469,0.585,-0.011,-1.454,0.473
-0.020,0.156,0.945,-0.036,1.469,0.585,-0.011,-1.454,0.473
-0.020,0.156,0.945,-0.036,1.469,0.585,-0.011,-1.454,0.473
-0.020,0.156,0.945,-0.036,1.469,0.585,-0.011,-1.454,0.473
-0.020,0.156,0.945,-0.036,1.469,0.585,-0.011,-1.454,0.473
-0.020,0.156,0.945,-0.036,1.469,0.585,-0.011,-1.454,0.473
-0.020,0.156,0.945,-0.036,1.469,0.585,-0.011,-1.454,0.473
-0.020,0.156,0.945,-0.036,1.469,0.585,-0.012,-1.454,0.473
-0.020,0.156,0.945,-0.036,1.469,0.585,-0.012,-1.454,0.473
-0.020,0.156,0.945,-0.036,1.469,0.585,-0.012,-1.454,0.473
-0.020,0.156,0.945,-0.036,1.469,0.585,-0.012,-1.454,0.473
-0.020,0.156,0.945,-0.036,1.469,0.585,-0.012,-1.454,0.473
-0.020,0.156,0.945,-0.036,1.469,0.585,-0.012,-1.454,0.473
-0.020,0.156,0.945,-0.036,1.469,0.585,-0.012,-1.454,0.473
-0.020,0.156,0.945,-0.036,1.469,0.585,-0.012,-1.454,0.473
-0.020,0.156,0.945,-0.036,1.469,0.585,-0.012,-1.454,0.473
-0.020,0.156,0.945,-0.036,1.469,0.585,-0.012,-1.454,0.473
-0.020,0.156,0.945,-0.036,1.469,0.585,-0.012,-1.454,0.473
-0.020,0.156,0.945,-0.036,1.469,0.585,-0.012,-1.454,0.473
-0.020,0.156,0.945,-0.036,1.469,0.585,-0.012,-1.454,0.473
-0.020,0.156,0.945,-0.036,1.469,0.585,-0.012,-1.454,0.473
-0.020,0.156,0.945,-0.036,1.469,0.585,-0.012,-1.454,0.473
-0.020,0.156,0.945,-0.036,1.469,0.585,-0.012,-1.454,0.473
-0.020,0.156,0.945,-0.036,1.469,0.585,-0.012,-1.454,0.473
-0.020,0.156,0.945,-0.036,1.469,0.585,-0.012,-1.454,0.473
-0.020,0.156,0.945,-0.036,1.469,0.585,-0.012,-1.454,0.473
-0.020,0.156,0.945,-0.036,1.469,0.585,-0.012,-1.454,0.473
-0.020,0.156,0.945,-0.036,1.469,0.585,-0.012,-1.454,0.473
-0.020,0.156,0.945,-0.036,1.470,0.585,-0.012,-1.454,0.472
-0.020,0.156,0.945,-0.036,1.470,0.585,-0.012,-1.454,0.472
-0.020,0.156,0.945,-0.036,1.470,0.585,-0.012,-1.454,0.472
-0.020,0.156,0.945,-0.036,1.470,0.585,-0.012,-1.454,0.472
-0.020,0.156,0.945,-0.036,1.470,0.585,-0.012,-1.454,0.472
-0.020,0.156,0.945,-0.036,1.470,0.585,-0.012,-1.454,0.473
-0.021,0.156,0.945,-0.036,1.470,0.585,-0.012,-1.454,0.473
-0.021,0.156,0.945,-0.037,1.470,0.585,-0.012,-1.454,0.473
-0.021,0.156,0.945,-0.037,1.470,0.585,-0.012,-1.454,0.473
-0.021,0.156,0.945,-0.036,1.470,0.585,-0.012,-1.454,0.473
-0.021,0.156,0.945,-0.036,1.470,0.585,-0.012,-1.454,0.473
-0.021,0.156,0.945,-0.036,1.470,0.585,-0.012,-1.454,0.473
-0.020,0.156,0.945,-0.036,1.470,0.585,-0.012,-1.454,0.473
-0.020,0.156,0.945,-0.036,1.470,0.585,-0.012,-1.454,0.473
-0.020,0.156,0.945,-0.036,1.470,0.585,-0.012,-1.454,0.473
-0.020,0.156,0.945,-0.036,1.470,0.585,-0.012,-1.454,0.473
-0.020,0.156,0.945,-0.036,1.470,0.585,-0.012,-1.454,0.473
-0.020,0.156,0.945,-0.036,1.470,0.585,-0.012,-1.453,0.473
-0.020,0.156,0.945,-0.036,1.470,0.585,-0.012,-1.453,0.473
-0.020,0.156,0.945,-0.036,1.470,0.585,-0.012,-1.453,0.473
-0.020,0.156,0.945,-0.036,1.470,0.585,-0.012,-1.453,0.473
-0.020,0.156,0.945,-0.036,1.470,0.585,-0.012,-1.453,0.473
-0.020,0.156,0.945,-0.036,1.470,0.585,-0.012,-1.453,0.473
-0.020,0.156,0.945,-0.036,1.470,0.585,-0.012,-1.453,0.473
-0.021,0.156,0.945,-0.036,1.470,0.585,-0.012,-1.453,0.473
-0.021,0.156,0.945,-0.036,1.470,0.585,-0.012,-1.453,0.473
-0.021,0.156,0.945,-0.036,1.470,0.585,-0.012,-1.453,0.473
-0.021,0.156,0.945,-0.036,1.470,0.585,-0.012,-1.453,0.473
-0.021,0.157,0.945,-0.036,1.470,0.585,-0.012,-1.453,0.473
-0.021,0.157,0.945,-0.036,1.470,0.585,-0.012,-1.453,0.473
-0.021,0.157,0.945,-0.036,1.470,0.585,-0.012,-1.453,0.473
-0.021,0.157,0.945,-0.036,1.470,0.585,-0.012,-1.453,0.473
-0.021,0.157,0.945,-0.036,1.470,0.585,-0.012,-1.453,0.473
-0.021,0.157,0.945,-0.036,1.470,0.585,-0.012,-1.453,0.473
-0.021,0.157,0.945,-0.036,1.470,0.585,-0.012,-1.453,0.473
-0.021,0.157,0.945,-0.036,1.470,0.585,-0.012,-1.453,0.473
-0.021,0.157,0.945,-0.036,1.470,0.585,-0.012,-1.453,0.473
-0.021,0.157,0.945,-0.036,1.470,0.585,-0.012,-1.453,0.473
-0.021,0.157,0.945,-0.036,1.470,0.585,-0.012,-1.453,0.473
-0.021,0.157,0.945,-0.036,1.470,0.585,-0.012,-1.453,0.473
-0.021,0.157,0.945,-0.036,1.470,0.585,-0.012,-1.453,0.473
-0.021,0.157,0.945,-0.036,1.470,0.585,-0.012,-1.453,0.473
-0.021,0.157,0.945,-0.036,1.470,0.585,-0.012,-1.453,0.473
-0.021,0.157,0.945,-0.036,1.470,0.585,-0.012,-1.453,0.473
-0.021,0.157,0.945,-0.036,1.470,0.585,-0.012,-1.453,0.473
-0.021,0.157,0.945,-0.036,1.470,0.585,-0.013,-1.453,0.472
-0.021,0.156,0.945,-0.036,1.470,0.585,-0.013,-1.453,0.472
-0.021,0.156,0.945,-0.036,1.470,0.585,-0.013,-1.453,0.472
-0.021,0.156,0.945,-0.036,1.470,0.585,-0.013,-1.453,0.472
-0.021,0.156,0.945,-0.036,1.470,0.585,-0.013,-1.453,0.473
-0.021,0.156,0.945,-0.036,1.470,0.585,-0.013,-1.453,0.473
-0.021,0.156,0.945,-0.036,1.470,0.585,-0.013,-1.453,0.473
-0.021,0.156,0.945,-0.037,1.470,0.585,-0.013,-1.453,0.473
-0.021,0.156,0.945,-0.037,1.470,0.585,-0.013,-1.453,0.473
-0.021,0.156,0.945,-0.037,1.470,0.585,-0.013,-1.453,0.473
-0.021,0.156,0.945,-0.037,1.470,0.585,-0.013,-1.453,0.473
-0.021,0.156,0.945,-0.037,1.470,0.585,-0.013,-1.453,0.473
-0.021,0.156,0.945,-0.037,1.470,0.585,-0.013,-1.453,0.473
-0.021,0.156,0.945,-0.037,1.470,0.585,-0.013,-1.453,0.473
-0.021,0.156,0.945,-0.037,1.470,0.585,-0.013,-1.453,0.473
-0.021,0.156,0.945,-0.037,1.470,0.585,-0.013,-1.453,0.473
-0.021,0.156,0.945,-0.037,1.470,0.585,-0.013,-1.453,0.473
-0.021,0.156,0.945,-0.037,1.470,0.585,-0.013,-1.453,0.473
-0.021,0.156,0.945,-0.037,1.470,0.585,-0.013,-1.453,0.473
-0.021,0.156,0.945,-0.037,1.470,0.585,-0.013,-1.453,0.473
-0.021,0.156,0.945,-0.037,1.470,0.585,-0.013,-1.453,0.473
-0.021,0.156,0.945,-0.037,1.470,0.585,-0.013,-1.453,0.473
-0.021,0.156,0.945,-0.037,1.470,0.585,-0.013,-1.453,0.473
-0.021,0.156,0.945,-0.037,1.470,0.585,-0.013,-1.453,0.473
-0.021,0.156,0.945,-0.037,1.470,0.585,-0.013,-1.453,0.473
-0.021,0.156,0.945,-0.037,1.470,0.585,-0.013,-1.453,0.473
-0.021,0.156,0.945,-0.037,1.470,0.585,-0.013,-1.453,0.473
-0.021,0.156,0.945,-0.037,1.470,0.585,-0.013,-1.453,0.473
-0.021,0.156,0.945,-0.037,1.470,0.585,-0.013,-1.453,0.473
-0.021,0.156,0.945,-0.037,1.470,0.585,-0.013,-1.453,0.473
-0.021,0.156,0.945,-0.037,1.470,0.585,-0.013,-1.453,0.473
-0.021,0.156,0.945,-0.037,1.470,0.585,-0.013,-1.453,0.473
-0.021,0.156,0.945,-0.037,1.470,0.585,-0.013,-1.453,0.473
-0.021,0.156,0.945,-0.037,1.470,0.585,-0.013,-1.453,0.473
-0.021,0.156,0.945,-0.037,1.470,0.585,-0.013,-1.453,0.473
-0.021,0.156,0.945,-0.037,1.470,0.585,-0.013,-1.453,0.473
-0.021,0.156,0.945,-0.037,1.470,0.585,-0.013,-1.453,0.473
-0.021,0.156,0.945,-0.037,1.470,0.585,-0.013,-1.453,0.473
-0.021,0.156,0.945,-0.037,1.470,0.585,-0.013,-1.453,0.473
-0.021,0.156,0.945,-0.037,1.470,0.585,-0.013,-1.453,0.473
-0.021,0.156,0.945,-0.037,1.470,0.585,-0.013,-1.453,0.473
-0.021,0.156,0.945,-0.037,1.470,0.585,-0.013,-1.453,0.473
-0.021,0.156,0.945,-0.037,1.470,0.585,-0.013,-1.453,0.473
-0.021,0.156,0.945,-0.037,1.470,0.585,-0.013,-1.453,0.473
-0.021,0.156,0.945,-0.037,1.470,0.585,-0.013,-1.453,0.473
-0.021,0.156,0.945,-0.037,1.470,0.585,-0.013,-1.453,0.473
-0.021,0.156,0.945,-0.037,1.470,0.585,-0.013,-1.453,0.473
-0.021,0.156,0.945,-0.037,1.470,0.585,-0.013,-1.453,0.473
-0.022,0.156,0.945,-0.037,1.470,0.585,-0.013,-1.453,0.473
-0.022,0.156,0.945,-0.037,1.470,0.585,-0.013,-1.453,0.473
-0.022,0.156,0.945,-0.038,1.470,0.585,-0.013,-1.453,0.473
-0.022,0.156,0.945,-0.037,1.470,0.585,-0.013,-1.453,0.473
-0.022,0.156,0.945,-0.037,1.470,0.585,-0.013,-1.453,0.473
-0.021,0.156,0.945,-0.037,1.470,0.585,-0.013,-1.453,0.473
-0.021,0.156,0.945,-0.037,1.470,0.585,-0.013,-1.453,0.473
-0.021,0.156,0.945,-0.037,1.470,0.585,-0.013,-1.453,0.473
-0.021,0.157,0.945,-0.037,1.470,0.585,-0.013,-1.453,0.472
-0.021,0.156,0.945,-0.037,1.470,0.585,-0.013,-1.453,0.472
-0.021,0.156,0.945,-0.037,1.470,0.585,-0.013,-1.453,0.472
-0.021,0.156,0.945,-0.037,1.470,0.585,-0.013,-1.453,0.473
-0.021,0.156,0.945,-0.037,1.470,0.585,-0.013,-1.453,0.473
-0.021,0.156,0.945,-0.037,1.470,0.585,-0.013,-1.453,0.473
-0.021,0.156,0.945,-0.037,1.470,0.585,-0.013,-1.453,0.473
-0.021,0.156,0.945,-0.037,1.470,0.585,-0.013,-1.453,0.473
-0.021,0.156,0.945,-0.037,1.470,0.585,-0.013,-1.453,0.473
-0.021,0.156,0.945,-0.037,1.470,0.585,-0.013,-1.453,0.473
-0.021,0.156,0.945,-0.037,1.470,0.585,-0.013,-1.453,0.473
-0.021,0.156,0.945,-0.037,1.470,0.585,-0.013,-1.453,0.473
-0.021,0.156,0.945,-0.037,1.470,0.585,-0.013,-1.453,0.473
-0.021,0.156,0.945,-0.037,1.470,0.585,-0.013,-1.453,0.473
-0.021,0.156,0.945,-0.037,1.470,0.585,-0.013,-1.453,0.473
-0.021,0.156,0.945,-0.037,1.470,0.585,-0.013,-1.453,0.473
-0.021,0.156,0.945,-0.037,1.470,0.585,-0.013,-1.453,0.473
-0.021,0.156,0.945,-0.037,1.470,0.585,-0.013,-1.453,0.473
-0.021,0.156,0.945,-0.037,1.470,0.585,-0.013,-1.453,0.473
-0.021,0.156,0.945,-0.037,1.470,0.585,-0.013,-1.453,0.473
-0.021,0.156,0.945,-0.037,1.470,0.585,-0.013,-1.453,0.473
-0.021,0.156,0.945,-0.037,1.470,0.585,-0.013,-1.453,0.473
-0.021,0.156,0.945,-0.037,1.470,0.585,-0.013,-1.453,0.473
-0.021,0.156,0.945,-0.037,1.470,0.585,-0.013,-1.453,0.473
-0.021,0.156,0.945,-0.037,1.470,0.585,-0.013,-1.453,0.473
-0.021,0.156,0.945,-0.037,1.470,0.585,-0.013,-1.453,0.473
-0.021,0.156,0.945,-0.037,1.470,0.585,-0.013,-1.453,0.473
-0.021,0.156,0.945,-0.037,1.470,0.585,-0.013,-1.453,0.473
-0.021,0.156,0.945,-0.037,1.470,0.585,-0.013,-1.453,0.473
-0.021,0.156,0.945,-0.037,1.470,0.585,-0.013,-1.453,0.473
-0.021,0.156,0.945,-0.037,1.470,0.585,-0.013,-1.453,0.473
-0.021,0.156,0.945,-0.037,1.470,0.585,-0.013,-1.453,0.473
-0.021,0.156,0.945,-0.037,1.470,0.585,-0.013,-1.453,0.473
-0.021,0.156,0.945,-0.037,1.470,0.585,-0.013,-1.453,0.472
-0.021,0.156,0.945,-0.037,1.470,0.585,-0.013,-1.453,0.472
-0.021,0.156,0.945,-0.037,1.470,0.585,-0.013,-1.453,0.472
-0.021,0.156,0.945,-0.037,1.470,0.585,-0.013,-1.453,0.472
-0.021,0.156,0.945,-0.037,1.470,0.585,-0.013,-1.453,0.472
-0.021,0.156,0.945,-0.037,1.470,0.585,-0.013,-1.453,0.473
-0.021,0.156,0.945,-0.037,1.470,0.585,-0.013,-1.453,0.473
-0.021,0.156,0.945,-0.037,1.470,0.585,-0.013,-1.453,0.473
-0.021,0.156,0.945,-0.037,1.470,0.585,-0.013,-1.453,0.473
-0.021,0.156,0.945,-0.037,1.470,0.585,-0.013,-1.453,0.473
-0.021,0.156,0.945,-0.037,1.470,0.585,-0.013,-1.453,0.473
-0.021,0.156,0.945,-0.037,1.470,0.585,-0.013,-1.454,0.473
-0.021,0.156,0.945,-0.037,1.470,0.585,-0.013,-1.453,0.473
-0.021,0.156,0.945,-0.037,1.470,0.585,-0.013,-1.453,0.473
-0.021,0.156,0.945,-0.037,1.470,0.585,-0.013,-1.453,0.473
-0.021,0.156,0.945,-0.037,1.470,0.585,-0.013,-1.453,0.473
-0.021,0.156,0.945,-0.037,1.470,0.585,-0.013,-1.453,0.473
-0.021,0.156,0.945,-0.037,1.470,0.585,-0.013,-1.453,0.473
-0.021,0.156,0.945,-0.037,1.470,0.585,-0.013,-1.453,0.473
-0.021,0.156,0.945,-0.037,1.470,0.585,-0.013,-1.453,0.473
-0.021,0.156,0.945,-0.037,1.470,0.585,-0.013,-1.453,0.473
-0.021,0.156,0.945,-0.037,1.470,0.585,-0.013,-1.453,0.473
-0.021,0.156,0.945,-0.037,1.470,0.585,-0.013,-1.453,0.473
-0.021,0.156,0.945,-0.037,1.470,0.585,-0.013,-1.453,0.473
-0.021,0.156,0.945,-0.037,1.470,0.585,-0.013,-1.453,0.473
-0.021,0.156,0.945,-0.037,1.470,0.585,-0.013,-1.453,0.473
-0.021,0.156,0.945,-0.037,1.470,0.585,-0.013,-1.453,0.473
-0.021,0.156,0.945,-0.037,1.470,0.585,-0.013,-1.453,0.473
-0.021,0.156,0.945,-0.037,1.470,0.585,-0.013,-1.453,0.473
-0.021,0.156,0.945,-0.037,1.470,0.585,-0.013,-1.453,0.473
-0.021,0.156,0.945,-0.037,1.470,0.585,-0.013,-1.453,0.473
-0.021,0.156,0.945,-0.037,1.470,0.585,-0.013,-1.453,0.473
-0.021,0.156,0.945,-0.037,1.470,0.585,-0.013,-1.453,0.473
-0.021,0.156,0.945,-0.037,1.470,0.585,-0.013,-1.453,0.473
-0.021,0.156,0.945,-0.037,1.470,0.585,-0.013,-1.453,0.473
-0.021,0.156,0.945,-0.037,1.470,0.585,-0.013,-1.453,0.473
-0.021,0.156,0.945,-0.037,1.470,0.585,-0.013,-1.453,0.473
-0.021,0.156,0.945,-0.037,1.470,0.585,-0.013,-1.453,0.473
-0.021,0.156,0.945,-0.037,1.470,0.585,-0.013,-1.453,0.473
-0.021,0.156,0.945,-0.037,1.470,0.585,-0.013,-1.453,0.473
-0.021,0.156,0.945,-0.037,1.470,0.585,-0.013,-1.453,0.473
-0.021,0.156,0.945,-0.037,1.470,0.585,-0.013,-1.453,0.472
-0.021,0.156,0.945,-0.037,1.470,0.585,-0.013,-1.453,0.472
-0.021,0.156,0.945,-0.037,1.470,0.585,-0.013,-1.453,0.472
-0.021,0.156,0.945,-0.037,1.470,0.585,-0.013,-1.453,0.472
-0.021,0.156,0.945,-0.037,1.470,0.585,-0.013,-1.453,0.472
-0.022,0.156,0.945,-0.037,1.470,0.585,-0.013,-1.453,0.473
-0.022,0.156,0.945,-0.037,1.470,0.585,-0.013,-1.453,0.473
-0.022,0.156,0.945,-0.037,1.470,0.585,-0.014,-1.453,0.473
-0.022,0.156,0.945,-0.037,1.470,0.585,-0.013,-1.453,0.473
-0.022,0.156,0.945,-0.037,1.470,0.585,-0.013,-1.453,0.473
-0.022,0.156,0.945,-0.037,1.470,0.585,-0.013,-1.453,0.473
-0.022,0.156,0.945,-0.037,1.470,0.585,-0.013,-1.453,0.473
-0.022,0.156,0.945,-0.037,1.470,0.585,-0.013,-1.453,0.473
-0.022,0.156,0.945,-0.037,1.470,0.585,-0.014,-1.453,0.473
-0.022,0.156,0.945,-0.037,1.470,0.585,-0.014,-1.453,0.473
-0.022,0.156,0.945,-0.037,1.470,0.585,-0.014,-1.453,0.473
-0.022,0.156,0.945,-0.037,1.470,0.585,-0.014,-1.453,0.473
-0.022,0.156,0.945,-0.037,1.470,0.585,-0.013,-1.453,0.473
-0.022,0.156,0.945,-0.037,1.470,0.585,-0.013,-1.453,0.473
-0.022,0.156,0.945,-0.037,1.470,0.585,-0.013,-1.453,0.473
-0.022,0.156,0.945,-0.037,1.470,0.585,-0.013,-1.453,0.473
-0.022,0.156,0.945,-0.037,1.470,0.585,-0.013,-1.453,0.473
-0.022,0.156,0.945,-0.037,1.470,0.585,-0.013,-1.453,0.473
-0.022,0.156,0.945,-0.038,1.470,0.585,-0.013,-1.453,0.473
-0.022,0.156,0.945,-0.038,1.470,0.585,-0.013,-1.453,0.473
-0.022,0.156,0.945,-0.038,1.470,0.585,-0.013,-1.453,0.473
-0.022,0.156,0.945,-0.038,1.470,0.585,-0.014,-1.453,0.473
-0.022,0.156,0.945,-0.038,1.470,0.585,-0.014,-1.453,0.473
-0.022,0.156,0.945,-0.038,1.470,0.585,-0.014,-1.453,0.473
-0.022,0.156,0.945,-0.038,1.470,0.585,-0.014,-1.453,0.473
-0.022,0.156,0.945,-0.038,1.470,0.585,-0.014,-1.453,0.473
-0.022,0.156,0.945,-0.038,1.470,0.585,-0.014,-1.453,0.473
-0.022,0.156,0.945,-0.038,1.470,0.585,-0.014,-1.453,0.473
-0.022,0.156,0.945,-0.038,1.470,0.585,-0.014,-1.453,0.473
-0.022,0.156,0.945,-0.038,1.470,0.585,-0.014,-1.453,0.473
-0.022,0.156,0.945,-0.038,1.470,0.585,-0.014,-1.453,0.473
-0.022,0.156,0.945,-0.038,1.470,0.585,-0.014,-1.453,0.473
-0.022,0.156,0.945,-0.038,1.470,0.585,-0.014,-1.453,0.473
-0.022,0.156,0.945,-0.038,1.470,0.585,-0.014,-1.453,0.473
-0.022,0.156,0.945,-0.038,1.470,0.585,-0.014,-1.453,0.473
-0.022,0.156,0.945,-0.038,1.470,0.585,-0.014,-1.453,0.473
-0.022,0.156,0.945,-0.038,1.470,0.585,-0.014,-1.453,0.473
-0.022,0.156,0.945,-0.038,1.470,0.585,-0.014,-1.454,0.472
-0.022,0.156,0.945,-0.038,1.470,0.585,-0.014,-1.454,0.472
-0.022,0.156,0.945,-0.038,1.470,0.585,-0.014,-1.454,0.472
-0.022,0.156,0.945,-0.038,1.470,0.585,-0.014,-1.454,0.473
-0.022,0.156,0.945,-0.038,1.470,0.585,-0.014,-1.454,0.473
-0.022,0.156,0.945,-0.038,1.470,0.585,-0.014,-1.454,0.473
-0.023,0.156,0.945,-0.038,1.470,0.585,-0.014,-1.454,0.473
-0.023,0.156,0.945,-0.038,1.470,0.585,-0.014,-1.454,0.473
-0.023,0.156,0.945,-0.038,1.470,0.585,-0.014,-1.454,0.473
-0.022,0.156,0.945,-0.038,1.470,0.585,-0.014,-1.454,0.473
-0.022,0.156,0.945,-0.038,1.470,0.585,-0.014,-1.454,0.473
-0.022,0.156,0.945,-0.038,1.470,0.585,-0.014,-1.454,0.473
-0.022,0.156,0.945,-0.038,1.470,0.585,-0.014,-1.454,0.473
-0.022,0.156,0.945,-0.038,1.470,0.585,-0.014,-1.454,0.473
-0.022,0.156,0.945,-0.038,1.470,0.585,-0.014,-1.454,0.473
-0.022,0.156,0.945,-0.038,1.470,0.585,-0.014,-1.454,0.473
-0.022,0.156,0.945,-0.038,1.470,0.585,-0.014,-1.454,0.473
-0.022,0.156,0.945,-0.038,1.470,0.585,-0.014,-1.454,0.473
-0.022,0.156,0.945,-0.038,1.470,0.585,-0.014,-1.454,0.473
-0.022,0.156,0.945,-0.038,1.470,0.585,-0.014,-1.454,0.473
-0.022,0.156,0.945,-0.038,1.470,0.585,-0.014,-1.454,0.473
-0.022,0.156,0.945,-0.038,1.470,0.585,-0.014,-1.454,0.473
-0.022,0.156,0.945,-0.038,1.470,0.585,-0.014,-1.454,0.473
-0.022,0.156,0.945,-0.038,1.470,0.585,-0.014,-1.454,0.473
-0.022,0.156,0.945,-0.038,1.470,0.585,-0.014,-1.454,0.473
-0.022,0.156,0.945,-0.038,1.470,0.585,-0.014,-1.454,0.473
-0.022,0.156,0.945,-0.038,1.470,0.585,-0.014,-1.454,0.473
-0.022,0.156,0.945,-0.038,1.470,0.585,-0.014,-1.454,0.473
-0.022,0.156,0.945,-0.038,1.470,0.585,-0.014,-1.454,0.473
-0.022,0.156,0.945,-0.038,1.470,0.585,-0.014,-1.454,0.473
-0.022,0.156,0.945,-0.038,1.470,0.585,-0.014,-1.454,0.473
-0.022,0.156,0.945,-0.038,1.470,0.585,-0.014,-1.454,0.473
-0.022,0.156,0.945,-0.038,1.470,0.585,-0.014,-1.454,0.473
-0.022,0.156,0.945,-0.038,1.470,0.585,-0.014,-1.454,0.473
-0.022,0.156,0.945,-0.038,1.470,0.585,-0.014,-1.454,0.473
-0.022,0.156,0.945,-0.038,1.470,0.585,-0.014,-1.454,0.473
-0.022,0.156,0.945,-0.038,1.470,0.585,-0.014,-1.454,0.473
-0.022,0.156,0.945,-0.038,1.470,0.585,-0.014,-1.454,0.473
-0.022,0.156,0.945,-0.038,1.470,0.585,-0.014,-1.454,0.473
-0.022,0.156,0.945,-0.038,1.470,0.585,-0.014,-1.454,0.473
-0.022,0.156,0.945,-0.038,1.470,0.585,-0.014,-1.454,0.472
-0.022,0.156,0.945,-0.038,1.470,0.585,-0.014,-1.454,0.472
-0.022,0.156,0.945,-0.038,1.470,0.585,-0.014,-1.454,0.472
-0.022,0.156,0.945,-0.038,1.470,0.585,-0.014,-1.454,0.472
-0.022,0.156,0.945,-0.038,1.470,0.585,-0.014,-1.454,0.473
-0.022,0.156,0.945,-0.038,1.470,0.585,-0.014,-1.454,0.473
-0.022,0.156,0.945,-0.038,1.470,0.585,-0.014,-1.454,0.473
-0.022,0.156,0.945,-0.038,1.470,0.585,-0.014,-1.454,0.473
-0.022,0.156,0.945,-0.038,1.470,0.585,-0.014,-1.454,0.473
-0.022,0.156,0.945,-0.038,1.470,0.585,-0.014,-1.454,0.473
-0.022,0.156,0.945,-0.038,1.469,0.585,-0.014,-1.454,0.473
-0.022,0.156,0.945,-0.038,1.469,0.585,-0.014,-1.454,0.473
-0.022,0.156,0.945,-0.038,1.469,0.585,-0.014,-1.454,0.473
-0.022,0.156,0.945,-0.038,1.469,0.585,-0.014,-1.454,0.473
-0.022,0.156,0.945,-0.038,1.470,0.585,-0.014,-1.454,0.473
-0.022,0.156,0.945,-0.038,1.470,0.585,-0.014,-1.454,0.473
-0.022,0.156,0.945,-0.038,1.470,0.585,-0.014,-1.454,0.473
-0.022,0.156,0.945,-0.038,1.470,0.585,-0.014,-1.454,0.473
-0.022,0.156,0.945,-0.038,1.470,0.585,-0.014,-1.454,0.473
-0.022,0.156,0.945,-0.038,1.470,0.585,-0.014,-1.454,0.473
-0.022,0.156,0.945,-0.038,1.470,0.585,-0.014,-1.454,0.473
-0.022,0.156,0.945,-0.038,1.470,0.585,-0.014,-1.454,0.473
-0.022,0.156,0.945,-0.038,1.470,0.585,-0.014,-1.454,0.473
-0.022,0.156,0.945,-0.038,1.470,0.585,-0.014,-1.454,0.473
-0.022,0.156,0.945,-0.038,1.470,0.585,-0.014,-1.454,0.473
-0.022,0.156,0.945,-0.038,1.470,0.585,-0.014,-1.454,0.473
-0.022,0.156,0.945,-0.038,1.470,0.585,-0.014,-1.454,0.473
-0.022,0.156,0.945,-0.038,1.470,0.585,-0.014,-1.454,0.473
-0.022,0.156,0.945,-0.038,1.470,0.585,-0.014,-1.454,0.473
-0.022,0.156,0.945,-0.038,1.470,0.585,-0.014,-1.454,0.473
-0.022,0.156,0.945,-0.038,1.470,0.585,-0.014,-1.454,0.473
-0.022,0.156,0.945,-0.038,1.470,0.585,-0.014,-1.454,0.473
-0.022,0.156,0.945,-0.038,1.470,0.585,-0.014,-1.454,0.473
-0.022,0.156,0.945,-0.038,1.470,0.585,-0.014,-1.454,0.473
-0.022,0.156,0.945,-0.038,1.470,0.585,-0.014,-1.454,0.473
-0.022,0.156,0.945,-0.038,1.470,0.585,-0.014,-1.453,0.472
-0.022,0.156,0.945,-0.038,1.470,0.585,-0.014,-1.453,0.472
-0.022,0.156,0.945,-0.038,1.470,0.585,-0.014,-1.453,0.472
-0.022,0.156,0.945,-0.038,1.470,0.585,-0.014,-1.453,0.473
-0.022,0.156,0.945,-0.038,1.470,0.585,-0.014,-1.453,0.473
-0.022,0.156,0.945,-0.038,1.470,0.585,-0.014,-1.453,0.473
-0.022,0.156,0.945,-0.038,1.470,0.585,-0.014,-1.453,0.473
-0.022,0.156,0.945,-0.038,1.470,0.585,-0.014,-1.453,0.473
-0.022,0.156,0.945,-0.038,1.470,0.585,-0.014,-1.453,0.473
-0.022,0.156,0.945,-0.038,1.470,0.585,-0.014,-1.453,0.473
-0.022,0.156,0.945,-0.038,1.470,0.585,-0.014,-1.453,0.473
-0.022,0.156,0.945,-0.038,1.470,0.585,-0.014,-1.453,0.473
-0.022,0.156,0.945,-0.038,1.470,0.585,-0.014,-1.453,0.473
-0.022,0.156,0.945,-0.038,1.470,0.585,-0.014,-1.453,0.473
-0.022,0.156,0.945,-0.038,1.470,0.585,-0.014,-1.453,0.473
-0.022,0.156,0.945,-0.038,1.470,0.585,-0.014,-1.453,0.473
-0.023,0.156,0.945,-0.038,1.470,0.585,-0.014,-1.453,0.473
-0.023,0.156,0.945,-0.038,1.470,0.585,-0.014,-1.453,0.473
-0.022,0.156,0.945,-0.038,1.470,0.585,-0.014,-1.453,0.473
-0.022,0.156,0.945,-0.038,1.470,0.585,-0.014,-1.453,0.473
-0.022,0.156,0.945,-0.038,1.470,0.585,-0.014,-1.453,0.473
-0.022,0.156,0.945,-0.038,1.470,0.585,-0.014,-1.453,0.473
-0.022,0.156,0.945,-0.038,1.470,0.585,-0.014,-1.453,0.473
-0.022,0.156,0.945,-0.038,1.470,0.585,-0.014,-1.453,0.473
-0.022,0.156,0.945,-0.038,1.470,0.585,-0.015,-1.453,0.473
-0.022,0.156,0.945,-0.038,1.470,0.585,-0.015,-1.453,0.473
-0.022,0.156,0.945,-0.038,1.470,0.585,-0.015,-1.453,0.473
-0.022,0.156,0.945,-0.038,1.470,0.585,-0.015,-1.453,0.473
-0.022,0.156,0.945,-0.038,1.470,0.585,-0.015,-1.453,0.473
-0.022,0.156,0.945,-0.038,1.470,0.585,-0.015,-1.453,0.473
-0.022,0.156,0.945,-0.038,1.470,0.585,-0.015,-1.453,0.473
-0.022,0.157,0.945,-0.038,1.470,0.585,-0.015,-1.453,0.472
-0.023,0.157,0.945,-0.038,1.470,0.585,-0.015,-1.453,0.472
-0.022,0.157,0.945,-0.038,1.470,0.585,-0.015,-1.453,0.472
-0.022,0.157,0.945,-0.038,1.470,0.585,-0.015,-1.453,0.472
-0.022,0.157,0.945,-0.038,1.470,0.585,-0.015,-1.453,0.472
-0.022,0.157,0.945,-0.038,1.470,0.585,-0.015,-1.453,0.473
-0.022,0.157,0.945,-0.038,1.470,0.585,-0.015,-1.453,0.473
-0.022,0.157,0.945,-0.038,1.470,0.585,-0.015,-1.453,0.473
-0.022,0.157,0.945,-0.038,1.470,0.585,-0.015,-1.453,0.473
-0.022,0.157,0.945,-0.038,1.470,0.585,-0.015,-1.453,0.473
-0.022,0.157,0.945,-0.038,1.470,0.585,-0.015,-1.453,0.473
-0.022,0.157,0.945,-0.038,1.470,0.585,-0.015,-1.453,0.473
-0.022,0.157,0.945,-0.038,1.470,0.585,-0.015,-1.453,0.473
-0.022,0.157,0.945,-0.038,1.470,0.585,-0.015,-1.453,0.473
-0.022,0.157,0.945,-0.038,1.470,0.585,-0.015,-1.453,0.473
-0.022,0.157,0.945,-0.038,1.470,0.585,-0.015,-1.453,0.473
